Connecting to aprs.glidernet.org:14580 …
Connected read-only; aircraft packets will be discarded.
APRS server filter: p/PW
SERVER # aprsc 2.1.20-gf.5-g0178a1b
SERVER # logresp ATOMMON unverified, server GLIDERN3
CANDIDATE source=PWRMS02 destination=OGNSDR packet=PWRMS02>OGNSDR,TCPIP*,qAC,GLIDERN3:>114819h v0.3.2.ARM CPU:5.7 RAM:284.3/971.1MB NTP:0.5ms/-0.0ppm +71.4C EGM96:+49m 0/0Acfts[1h] RF:-1+0.1ppm/+4.54dB
CANDIDATE source=PWRMS02 destination=APRS packet=PWRMS02>APRS,TCPIP*,qAC,GLIDERN3:>114841h v20260707 OGN-R/PilotAware
CANDIDATE source=PWUKCHP destination=OGNSDR packet=PWUKCHP>OGNSDR,TCPIP*,qAC,GLIDERN3:>114351h v0.3.2.ARM CPU:3.0 RAM:441.1/971.1MB NTP:0.2ms/+1.4ppm +59.5C EGM96:+52m 6/6Acfts[1h] RF:+34+3.2ppm/-0.25dB/+18.8dB@10km[2641]/+19.2dB@10km[4/7]
CANDIDATE source=PWUKCHP destination=APRS packet=PWUKCHP>APRS,TCPIP*,qAC,GLIDERN3:>114841h v20260707 OGN-R/PilotAware
CANDIDATE source=PWOlvestn destination=OGNSDR packet=PWOlvestn>OGNSDR,TCPIP*,qAC,GLIDERN1:>114651h v0.3.2.ARM CPU:2.5 RAM:421.5/971.1MB NTP:0.3ms/+1.2ppm +59.5C EGM96:+50m 2/2Acfts[1h] RF:+22+1.4ppm/-1.90dB/+14.4dB@10km[364]/+20.6dB@10km[2/4]
CANDIDATE source=PWOlvestn destination=APRS packet=PWOlvestn>APRS,TCPIP*,qAC,GLIDERN1:>114842h v20260707 OGN-R/PilotAware
CANDIDATE source=PWFOCA1 destination=OGNSDR packet=PWFOCA1>OGNSDR,TCPIP*,qAC,GLIDERN2:/114645h4653.94NI00728.08E&/A=002723
CANDIDATE source=PWFOCA1 destination=APRS packet=PWFOCA1>APRS,TCPIP*,qAC,GLIDERN2:>114843h v20260707 OGN-R/PilotAware
CANDIDATE source=PWLanghec destination=OGNSDR packet=PWLanghec>OGNSDR,TCPIP*,qAC,GLIDERN1:>114422h v0.3.2.ARM CPU:2.3 RAM:335.8/971.1MB NTP:0.2ms/+1.8ppm +53.0C EGM96:+48m 0/0Acfts[1h] RF:-1-1.1ppm/-1.46dB/+10.2dB@10km[256]/+14.3dB@10km[2/4]
CANDIDATE source=PWLanghec destination=APRS packet=PWLanghec>APRS,TCPIP*,qAC,GLIDERN1:>114843h v20260707 OGN-R/PilotAware
CANDIDATE source=PWMunypot destination=OGNSDR packet=PWMunypot>OGNSDR,TCPIP*,qAC,GLIDERN3:/113354h5222.05NI00100.31E&/A=000131
CANDIDATE source=PWMunypot destination=APRS packet=PWMunypot>APRS,TCPIP*,qAC,GLIDERN3:>114847h v20260707 OGN-R/PilotAware
CANDIDATE source=PWOxford destination=OGNSDR packet=PWOxford>OGNSDR,TCPIP*,qAC,GLIDERN2:>114735h v0.3.2.ARM CPU:0.9 RAM:328.1/971.1MB NTP:0.2ms/-5.5ppm +63.4C EGM96:+48m 1/1Acfts[1h] RF:+51+1.4ppm/-0.40dB/+15.9dB@10km[1213]/+19.7dB@10km[2/4]
CANDIDATE source=PWOxford destination=APRS packet=PWOxford>APRS,TCPIP*,qAC,GLIDERN2:>114850h v20260707 OGN-R/PilotAware
CANDIDATE source=PWNEUWIED destination=OGNSDR packet=PWNEUWIED>OGNSDR,TCPIP*,qAC,GLIDERN3:>114637h v0.3.2.ARM CPU:3.1 RAM:410.2/971.1MB NTP:0.7ms/-5.3ppm +75.2C EGM96:+48m 2/3Acfts[1h] RF:+0-0.3ppm/+11.68dB/+16.2dB@10km[6575]/+18.7dB@10km[6/12]
CANDIDATE source=PWNEUWIED destination=APRS packet=PWNEUWIED>APRS,TCPIP*,qAC,GLIDERN3:>114851h v20260707 OGN-R/PilotAware
CANDIDATE source=PWUKEdge destination=OGNSDR packet=PWUKEdge>OGNSDR,TCPIP*,qAC,GLIDERN3:/114834h5204.81NI00128.39W&/A=000630
CANDIDATE source=PWUKEdge destination=APRS packet=PWUKEdge>APRS,TCPIP*,qAC,GLIDERN3:>114853h v20260707 OGN-R/PilotAware
CANDIDATE source=PWUKRUF destination=OGNSDR packet=PWUKRUF>OGNSDR,TCPIP*,qAC,GLIDERN3:>114840h v0.3.2.ARM CPU:2.5 RAM:363.1/971.1MB NTP:1.5ms/-5.7ppm +73.1C EGM96:+49m 19/19Acfts[1h] Lat:18.3s RF:+0-0.5ppm/-1.23dB/+9.1dB@10km[19328]/+17.2dB@10km[14/27]
CANDIDATE source=PWUKRUF destination=APRS packet=PWUKRUF>APRS,TCPIP*,qAC,GLIDERN3:>114858h v20260707 OGN-R/PilotAware
CANDIDATE source=PWWeasel1 destination=OGNSDR packet=PWWeasel1>OGNSDR,TCPIP*,qAC,GLIDERN2:>114821h v0.3.2.ARM CPU:2.7 RAM:388.9/971.1MB NTP:2.0ms/-5.3ppm +57.3C EGM96:+46m 0/0Acfts[1h] RF:+0+0.0ppm/-1.36dB
CANDIDATE source=PWWeasel1 destination=APRS packet=PWWeasel1>APRS,TCPIP*,qAC,GLIDERN2:>114859h v20260707 OGN-R/PilotAware
SERVER # aprsc 2.1.20-gf.5-g0178a1b 16 Sep 2026 11:48:59 GMT GLIDERN3 85.188.1.173:14580
CANDIDATE source=Pwick destination=OGNSDR packet=Pwick>OGNSDR,TCPIP*,qAC,GLIDERN2:>114900h v0.3.2.ARM CPU:2.0 RAM:383.9/971.1MB NTP:0.7ms/-0.4ppm +64.5C EGM96:+55m 0/0Acfts[1h] RF:-1-0.0ppm/-1.36dB
CANDIDATE source=PWEGLK destination=OGNSDR packet=PWEGLK>OGNSDR,TCPIP*,qAC,GLIDERN2:/113859h5119.36NI00050.44W&/A=000345
CANDIDATE source=PWEGLK destination=APRS packet=PWEGLK>APRS,TCPIP*,qAC,GLIDERN2:>114901h v20260707 OGN-R/PilotAware
CANDIDATE source=PWEHLE destination=OGNSDR packet=PWEHLE>OGNSDR,TCPIP*,qAC,GLIDERN3:>114818h v0.3.2.ARM CPU:4.6 RAM:452.8/971.1MB NTP:6.6ms/-2.1ppm +65.5C EGM96:+43m 4/4Acfts[1h] Lat:1.9s RF:-18+68.0ppm/-1.33dB/+17.5dB@10km[666]/+20.1dB@10km[2/4]
CANDIDATE source=PWEHLE destination=APRS packet=PWEHLE>APRS,TCPIP*,qAC,GLIDERN3:>114902h v20260707 OGN-R/PilotAware
CANDIDATE source=PWUKUSK destination=OGNSDR packet=PWUKUSK>OGNSDR,TCPIP*,qAC,GLIDERN1:>114605h v0.3.2.ARM CPU:8.1 RAM:381.3/971.1MB NTP:1.2ms/+4.3ppm +54.1C EGM96:+51m 2/2Acfts[1h] Lat:2.3s RF:+0-0.3ppm/-1.99dB/+12.2dB@10km[2503]/+12.4dB@10km[1/2]
CANDIDATE source=PWUKUSK destination=APRS packet=PWUKUSK>APRS,TCPIP*,qAC,GLIDERN1:>114905h v20260707 OGN-R/PilotAware
CANDIDATE source=PWlsvpbg destination=OGNSDR packet=PWlsvpbg>OGNSDR,TCPIP*,qAC,GLIDERN3:>114700h v0.3.2.ARM CPU:4.5 RAM:378.0/971.1MB NTP:2.5ms/-5.7ppm +58.4C EGM96:+41m 0/0Acfts[1h] RF:+0-0.9ppm/-0.53dB
CANDIDATE source=PWlsvpbg destination=APRS packet=PWlsvpbg>APRS,TCPIP*,qAC,GLIDERN3:>114906h v20260707 OGN-R/PilotAware
CANDIDATE source=PWCromer destination=OGNSDR packet=PWCromer>OGNSDR,TCPIP*,qAC,GLIDERN1:/100212h5253.46NI00119.04E&/A=000220
STATS seconds=36 packets=32 server_comments=3 matching_sources=32 parsed_receiver_packets=17 top_destinations=[OGNSDR:17, APRS:15]
CANDIDATE source=PWCromer destination=APRS packet=PWCromer>APRS,TCPIP*,qAC,GLIDERN1:>114915h v20260707 OGN-R/PilotAware
CANDIDATE source=PWUKUPW destination=OGNSDR packet=PWUKUPW>OGNSDR,TCPIP*,qAC,GLIDERN1:/114831h5225.92NI00008.82W&/A=000082
CANDIDATE source=PWUKUPW destination=APRS packet=PWUKUPW>APRS,TCPIP*,qAC,GLIDERN1:>114917h v20260707 OGN-R/PilotAware
CANDIDATE source=PWBroadmd destination=OGNSDR packet=PWBroadmd>OGNSDR,TCPIP*,qAC,GLIDERN2:>114818h v0.3.2.ARM CPU:4.1 RAM:409.7/971.1MB NTP:0.6ms/+3.5ppm +58.9C EGM96:+51m 1/1Acfts[1h] RF:-12+12.1ppm/-2.02dB/+13.0dB@10km[22]/+13.0dB@10km[1/1]
CANDIDATE source=PWBroadmd destination=APRS packet=PWBroadmd>APRS,TCPIP*,qAC,GLIDERN2:>114917h v20260707 OGN-R/PilotAware
SERVER # aprsc 2.1.20-gf.5-g0178a1b 16 Sep 2026 11:49:19 GMT GLIDERN3 85.188.1.173:14580
CANDIDATE source=PWEGNO destination=OGNSDR packet=PWEGNO>OGNSDR,TCPIP*,qAC,GLIDERN3:>114602h v0.3.2.ARM CPU:2.2 RAM:321.4/971.1MB NTP:1.3ms/-3.5ppm +75.2C EGM96:+52m 8/8Acfts[1h] RF:+0-0.8ppm/+0.48dB/+15.7dB@10km[9460]/+17.4dB@10km[4/8]
CANDIDATE source=PWEGNO destination=APRS packet=PWEGNO>APRS,TCPIP*,qAC,GLIDERN3:>114922h v20260707 OGN-R/PilotAware
CANDIDATE source=PWROCHEST destination=OGNSDR packet=PWROCHEST>OGNSDR,TCPIP*,qAC,GLIDERN3:>114643h v0.3.2.ARM CPU:0.8 RAM:343.1/971.1MB NTP:1.0ms/-0.2ppm +62.3C EGM96:+45m 0/0Acfts[1h] RF:+0+50.1ppm/-1.00dB
CANDIDATE source=PWROCHEST destination=APRS packet=PWROCHEST>APRS,TCPIP*,qAC,GLIDERN3:>114930h v20260707 OGN-R/PilotAware
CANDIDATE source=PWNYTHBRN destination=OGNSDR packet=PWNYTHBRN>OGNSDR,TCPIP*,qAC,GLIDERN1:>114909h v0.3.2.ARM CPU:2.4 RAM:336.6/971.1MB NTP:0.5ms/-2.4ppm +56.9C EGM96:+53m 6/6Acfts[1h] Lat:1.7s RF:-3-0.6ppm/+4.69dB/+15.4dB@10km[3203]/+17.8dB@10km[5/10]
CANDIDATE source=PWNYTHBRN destination=APRS packet=PWNYTHBRN>APRS,TCPIP*,qAC,GLIDERN1:>114933h v20260707 OGN-R/PilotAware
CANDIDATE source=PWTongelr destination=OGNSDR packet=PWTongelr>OGNSDR,TCPIP*,qAC,GLIDERN2:/114900h5126.48NI00531.35E&/A=000098
CANDIDATE source=PWTongelr destination=APRS packet=PWTongelr>APRS,TCPIP*,qAC,GLIDERN2:>114937h v20260707 OGN-R/PilotAware
SERVER # aprsc 2.1.20-gf.5-g0178a1b 16 Sep 2026 11:49:39 GMT GLIDERN3 85.188.1.173:14580
CANDIDATE source=PWEDLJ destination=OGNSDR packet=PWEDLJ>OGNSDR,TCPIP*,qAC,GLIDERN1:/032447h5156.28NI00854.13E&/A=000637
CANDIDATE source=PWEDLJ destination=APRS packet=PWEDLJ>APRS,TCPIP*,qAC,GLIDERN1:>114945h v20260707 OGN-R/PilotAware
CANDIDATE source=PWFYFIELD destination=OGNSDR packet=PWFYFIELD>OGNSDR,TCPIP*,qAC,GLIDERN1:/114933h5144.72NI00016.66E&/A=000151
STATS seconds=70 packets=48 server_comments=5 matching_sources=48 parsed_receiver_packets=25 top_destinations=[OGNSDR:25, APRS:23]
CANDIDATE source=PWFYFIELD destination=APRS packet=PWFYFIELD>APRS,TCPIP*,qAC,GLIDERN1:>114950h v20260707 OGN-R/PilotAware
CANDIDATE source=PWLongSut destination=OGNSDR packet=PWLongSut>OGNSDR,TCPIP*,qAC,GLIDERN2:/114931h5246.65NI00005.83E&/A=000039
CANDIDATE source=PWLongSut destination=APRS packet=PWLongSut>APRS,TCPIP*,qAC,GLIDERN2:>114950h v20260707 OGN-R/PilotAware
CANDIDATE source=PWLROP1 destination=OGNSDR packet=PWLROP1>OGNSDR,TCPIP*,qAC,GLIDERN3:>114821h v0.3.2.ARM CPU:3.0 RAM:395.3/971.1MB NTP:2.8ms/-8.0ppm +70.9C EGM96:+35m 0/0Acfts[1h] RF:-2-1.1ppm/-2.01dB
CANDIDATE source=PWLROP1 destination=APRS packet=PWLROP1>APRS,TCPIP*,qAC,GLIDERN3:>114952h v20260707 OGN-R/PilotAware
CANDIDATE source=PWHohestr destination=OGNSDR packet=PWHohestr>OGNSDR,TCPIP*,qAC,GLIDERN1:/113953h5048.95NI01041.72E&/A=001378
CANDIDATE source=PWHohestr destination=APRS packet=PWHohestr>APRS,TCPIP*,qAC,GLIDERN1:>114955h v20260707 OGN-R/PilotAware
SERVER # aprsc 2.1.20-gf.5-g0178a1b 16 Sep 2026 11:49:59 GMT GLIDERN3 85.188.1.173:14580
CANDIDATE source=PWCaunton destination=OGNSDR packet=PWCaunton>OGNSDR,TCPIP*,qAC,GLIDERN2:/114822h5307.15NI00053.58W&/A=000187
CANDIDATE source=PWCaunton destination=APRS packet=PWCaunton>APRS,TCPIP*,qAC,GLIDERN2:>115000h v20260707 OGN-R/PilotAware
CANDIDATE source=PWUKPOC destination=OGNSDR packet=PWUKPOC>OGNSDR,TCPIP*,qAC,GLIDERN3:>114833h v0.3.2.ARM CPU:2.8 RAM:413.5/971.1MB NTP:0.1ms/-9.6ppm +56.2C EGM96:+48m 23/23Acfts[1h] Lat:1.9s RF:+70-1.6ppm/+3.13dB/+10.1dB@10km[25409]/+18.4dB@10km[13/26]
CANDIDATE source=PWUKPOC destination=APRS packet=PWUKPOC>APRS,TCPIP*,qAC,GLIDERN3:>115002h v20260707 OGN-R/PilotAware
CANDIDATE source=PWBidford destination=OGNSDR packet=PWBidford>OGNSDR,TCPIP*,qAC,GLIDERN3:>114903h v0.3.2.ARM CPU:1.4 RAM:344.9/971.1MB NTP:1.5ms/-3.4ppm +48.2C EGM96:+49m 3/3Acfts[1h] Lat:1.7s RF:+0-0.6ppm/-1.00dB/+8.2dB@10km[1773]/+19.4dB@10km[4/7]
CANDIDATE source=PWBidford destination=APRS packet=PWBidford>APRS,TCPIP*,qAC,GLIDERN3:>115006h v20260707 OGN-R/PilotAware
CANDIDATE source=PWNYMPS destination=OGNSDR packet=PWNYMPS>OGNSDR,TCPIP*,qAC,GLIDERN3:>114929h v0.3.2.ARM CPU:3.8 RAM:370.0/971.1MB NTP:0.3ms/-7.9ppm +41.2C EGM96:+49m 4/6Acfts[1h] Lat:1.8s RF:+0-0.0ppm/+5.21dB/+1.2dB@10km[1905]/+10.3dB@10km[4/7]
CANDIDATE source=PWNYMPS destination=APRS packet=PWNYMPS>APRS,TCPIP*,qAC,GLIDERN3:>115007h v20260707 OGN-R/PilotAware
CANDIDATE source=PWMilson destination=OGNSDR packet=PWMilson>OGNSDR,TCPIP*,qAC,GLIDERN2:>114825h v0.3.2.ARM CPU:2.5 RAM:276.6/971.1MB NTP:0.9ms/-8.4ppm +63.4C EGM96:+51m 0/0Acfts[1h] RF:+0+67.8ppm/-1.79dB
CANDIDATE source=PWMilson destination=APRS packet=PWMilson>APRS,TCPIP*,qAC,GLIDERN2:>115007h v20260707 OGN-R/PilotAware
CANDIDATE source=PWNOWZMA8 destination=OGNSDR packet=PWNOWZMA8>OGNSDR,TCPIP*,qAC,GLIDERN3:/114929h5248.75NI00116.49E&/A=000089
CANDIDATE source=PWNOWZMA8 destination=APRS packet=PWNOWZMA8>APRS,TCPIP*,qAC,GLIDERN3:>115007h v20260707 OGN-R/PilotAware
CANDIDATE source=PWAlyPaly destination=OGNSDR packet=PWAlyPaly>OGNSDR,TCPIP*,qAC,GLIDERN1:/000128h5136.02NI00008.56W&/A=000256
CANDIDATE source=PWAlyPaly destination=APRS packet=PWAlyPaly>APRS,TCPIP*,qAC,GLIDERN1:>115008h v20260707 OGN-R/PilotAware
CANDIDATE source=PWEGBN destination=OGNSDR packet=PWEGBN>OGNSDR,TCPIP*,qAC,GLIDERN1:/000127h5255.12NI00104.93W&/A=000135
CANDIDATE source=PWEGBN destination=APRS packet=PWEGBN>APRS,TCPIP*,qAC,GLIDERN1:>115007h v20260707 OGN-R/PilotAware
CANDIDATE source=PWSaltash destination=OGNSDR packet=PWSaltash>OGNSDR,TCPIP*,qAC,GLIDERN1:>114737h v0.3.2.ARM CPU:1.5 RAM:464.6/971.1MB NTP:1.0ms/-0.8ppm +51.9C EGM96:+53m 0/0Acfts[1h] RF:+0-0.2ppm/-0.63dB
CANDIDATE source=PWSaltash destination=APRS packet=PWSaltash>APRS,TCPIP*,qAC,GLIDERN1:>115008h v20260707 OGN-R/PilotAware
CANDIDATE source=PWDK3QA destination=OGNSDR packet=PWDK3QA>OGNSDR,TCPIP*,qAC,GLIDERN3:/000132h4951.75NI00833.86E&/A=000302
CANDIDATE source=PWDK3QA destination=APRS packet=PWDK3QA>APRS,TCPIP*,qAC,GLIDERN3:>115009h v20260707 OGN-R/PilotAware
CANDIDATE source=PWBolthed destination=OGNSDR packet=PWBolthed>OGNSDR,TCPIP*,qAC,GLIDERN1:>114829h v0.3.2.ARM CPU:1.4 RAM:299.3/971.1MB NTP:1.6ms/-7.5ppm +59.1C EGM96:+52m 0/0Acfts[1h] RF:+85+0.0ppm/-1.85dB
CANDIDATE source=PWBolthed destination=APRS packet=PWBolthed>APRS,TCPIP*,qAC,GLIDERN1:>115009h v20260707 OGN-R/PilotAware
CANDIDATE source=PWSptfire destination=OGNSDR packet=PWSptfire>OGNSDR,TCPIP*,qAC,GLIDERN2:/000124h5051.52NI00045.27W&/A=000131
CANDIDATE source=PWSptfire destination=APRS packet=PWSptfire>APRS,TCPIP*,qAC,GLIDERN2:>115011h v20260707 OGN-R/PilotAware
CANDIDATE source=PWBlair destination=OGNSDR packet=PWBlair>OGNSDR,TCPIP*,qAC,GLIDERN2:>114919h v0.3.2.ARM CPU:1.0 RAM:352.7/971.1MB NTP:1.0ms/-2.6ppm +69.8C EGM96:+53m 0/0Acfts[1h] RF:+0-0.4ppm/-2.84dB
CANDIDATE source=PWBlair destination=APRS packet=PWBlair>APRS,TCPIP*,qAC,GLIDERN2:>115014h v20260707 OGN-R/PilotAware
CANDIDATE source=PWBRORA destination=OGNSDR packet=PWBRORA>OGNSDR,TCPIP*,qAC,GLIDERN2:>114835h v0.3.2.ARM CPU:1.1 RAM:451.9/971.1MB NTP:0.6ms/-5.1ppm +50.5C EGM96:+53m 0/0Acfts[1h] RF:-2-2.5ppm/-1.73dB
CANDIDATE source=PWBRORA destination=APRS packet=PWBRORA>APRS,TCPIP*,qAC,GLIDERN2:>115017h v20260707 OGN-R/PilotAware
CANDIDATE source=PWUKAST destination=OGNSDR packet=PWUKAST>OGNSDR,TCPIP*,qAC,GLIDERN2:>114856h v0.3.2.ARM CPU:0.6 RAM:396.7/971.1MB NTP:0.5ms/-9.6ppm +35.4C EGM96:+49m 9/9Acfts[1h] Lat:1.6s RF:-3-0.4ppm/+0.25dB/+7.6dB@10km[3992]/+22.0dB@10km[6/12]
CANDIDATE source=PWUKAST destination=APRS packet=PWUKAST>APRS,TCPIP*,qAC,GLIDERN2:>115019h v20260707 OGN-R/PilotAware
CANDIDATE source=PWEGHS destination=OGNSDR packet=PWEGHS>OGNSDR,TCPIP*,qAC,GLIDERN2:>114858h v0.3.2.ARM CPU:2.5 RAM:316.9/971.1MB NTP:0.3ms/-3.7ppm +60.7C EGM96:+49m 4/4Acfts[1h] Lat:1.5s RF:-2-1.8ppm/-1.58dB/+3.3dB@10km[496]/+10.8dB@10km[4/8]
CANDIDATE source=PWEGHS destination=APRS packet=PWEGHS>APRS,TCPIP*,qAC,GLIDERN2:>115019h v20260707 OGN-R/PilotAware
SERVER # aprsc 2.1.20-gf.5-g0178a1b 16 Sep 2026 11:50:19 GMT GLIDERN3 85.188.1.173:14580
CANDIDATE source=PWUKRAT destination=OGNSDR packet=PWUKRAT>OGNSDR,TCPIP*,qAC,GLIDERN1:>114858h v0.3.2.ARM CPU:0.5 RAM:346.0/971.1MB NTP:0.2ms/+22.2ppm +66.6C EGM96:+46m 4/4Acfts[1h] Lat:1.6s RF:+115+0.1ppm/-0.31dB/-4.0dB@10km[631]/+13.9dB@10km[3/5]
STATS seconds=101 packets=88 server_comments=7 matching_sources=88 parsed_receiver_packets=45 top_destinations=[OGNSDR:45, APRS:43]
CANDIDATE source=PWUKRAT destination=APRS packet=PWUKRAT>APRS,TCPIP*,qAC,GLIDERN1:>115020h v20260707 OGN-R/PilotAware
CANDIDATE source=PWLL402 destination=OGNSDR packet=PWLL402>OGNSDR,TCPIP*,qAC,GLIDERN1:>114856h v0.3.2.ARM CPU:0.6 RAM:369.6/971.1MB NTP:0.4ms/-5.2ppm +52.6C EGM96:+54m 0/0Acfts[1h] RF:+0+0.0ppm/-1.44dB
CANDIDATE source=PWLL402 destination=APRS packet=PWLL402>APRS,TCPIP*,qAC,GLIDERN1:>115021h v20260707 OGN-R/PilotAware
CANDIDATE source=PWUKBIG destination=OGNSDR packet=PWUKBIG>OGNSDR,TCPIP*,qAC,GLIDERN3:>114859h v0.3.2.ARM CPU:1.1 RAM:355.4/971.1MB NTP:1.9ms/-4.7ppm +67.7C EGM96:+47m 8/8Acfts[1h] Lat:1.6s RF:+75-0.9ppm/-1.00dB/+11.2dB@10km[3991]/+20.3dB@10km[7/14]
CANDIDATE source=PWUKBIG destination=APRS packet=PWUKBIG>APRS,TCPIP*,qAC,GLIDERN3:>115021h v20260707 OGN-R/PilotAware
CANDIDATE source=PWOlney destination=OGNSDR packet=PWOlney>OGNSDR,TCPIP*,qAC,GLIDERN1:/000138h5209.45NI00041.81W&/A=000194
CANDIDATE source=PWOlney destination=APRS packet=PWOlney>APRS,TCPIP*,qAC,GLIDERN1:>115021h v20260707 OGN-R/PilotAware
CANDIDATE source=PWEKilbri destination=OGNSDR packet=PWEKilbri>OGNSDR,TCPIP*,qAC,GLIDERN3:>114858h v0.3.2.ARM CPU:1.3 RAM:369.5/971.1MB NTP:1.0ms/+0.2ppm +63.9C EGM96:+54m 0/0Acfts[1h] RF:+19+2.2ppm/+1.96dB
CANDIDATE source=PWEKilbri destination=APRS packet=PWEKilbri>APRS,TCPIP*,qAC,GLIDERN3:>115021h v20260707 OGN-R/PilotAware
CANDIDATE source=PWSuttonB destination=OGNSDR packet=PWSuttonB>OGNSDR,TCPIP*,qAC,GLIDERN3:>114857h v0.3.2.ARM CPU:0.6 RAM:366.8/971.1MB NTP:0.7ms/-6.3ppm +59.1C EGM96:+49m 24/24Acfts[1h] Lat:1.7s RF:+53+8.0ppm/-0.28dB/+13.4dB@10km[21927]/+17.4dB@10km[14/27]
CANDIDATE source=PWSuttonB destination=APRS packet=PWSuttonB>APRS,TCPIP*,qAC,GLIDERN3:>115022h v20260707 OGN-R/PilotAware
CANDIDATE source=PWSolway destination=OGNSDR packet=PWSolway>OGNSDR,TCPIP*,qAC,GLIDERN2:>114900h v0.3.2.ARM CPU:1.4 RAM:371.7/971.1MB NTP:0.6ms/-6.3ppm +69.8C EGM96:+53m 1/1Acfts[1h] Lat:1.6s RF:+31+0.3ppm/-1.74dB/+4.6dB@10km[153]/+4.6dB@10km[1/1]
CANDIDATE source=PWSolway destination=APRS packet=PWSolway>APRS,TCPIP*,qAC,GLIDERN2:>115022h v20260707 OGN-R/PilotAware
CANDIDATE source=PWEryri destination=OGNSDR packet=PWEryri>OGNSDR,TCPIP*,qAC,GLIDERN2:>114857h v0.3.2.ARM CPU:2.7 RAM:329.8/971.1MB NTP:1.1ms/-6.4ppm +59.6C EGM96:+54m 0/0Acfts[1h] RF:+0+0.0ppm/+1.88dB/+14.5dB@10km[129]/+14.5dB@10km[1/1]
CANDIDATE source=PWEryri destination=APRS packet=PWEryri>APRS,TCPIP*,qAC,GLIDERN2:>115022h v20260707 OGN-R/PilotAware
CANDIDATE source=PWBWADE1 destination=OGNSDR packet=PWBWADE1>OGNSDR,TCPIP*,qAC,GLIDERN3:>114856h v0.3.2.ARM CPU:0.6 RAM:336.5/971.1MB NTP:0.4ms/-7.0ppm +61.8C EGM96:+47m 0/0Acfts[1h] RF:+0+70.3ppm/-1.19dB
CANDIDATE source=PWBWADE1 destination=APRS packet=PWBWADE1>APRS,TCPIP*,qAC,GLIDERN3:>115022h v20260707 OGN-R/PilotAware
CANDIDATE source=PWUKSAN destination=OGNSDR packet=PWUKSAN>OGNSDR,TCPIP*,qAC,GLIDERN1:>114855h v0.3.2.ARM CPU:2.2 RAM:358.1/968.2MB NTP:0.9ms/-1.0ppm +65.0C EGM96:+48m 9/9Acfts[1h] Lat:1.6s RF:-1+0.6ppm/-1.77dB/+21.7dB@10km[4346]/+24.2dB@10km[8/16]
CANDIDATE source=PWUKSAN destination=APRS packet=PWUKSAN>APRS,TCPIP*,qAC,GLIDERN1:>115023h v20260707 OGN-R/PilotAware
CANDIDATE source=PWUKTIB destination=OGNSDR packet=PWUKTIB>OGNSDR,TCPIP*,qAC,GLIDERN1:>114859h v0.3.2.ARM CPU:1.9 RAM:354.9/971.1MB NTP:0.7ms/-3.6ppm +61.2C EGM96:+45m 7/7Acfts[1h] Lat:1.6s RF:-3-1.5ppm/+4.98dB/-1.0dB@10km[2257]/+2.1dB@10km[3/6]
CANDIDATE source=PWUKTIB destination=APRS packet=PWUKTIB>APRS,TCPIP*,qAC,GLIDERN1:>115023h v20260707 OGN-R/PilotAware
CANDIDATE source=PWEGBD destination=OGNSDR packet=PWEGBD>OGNSDR,TCPIP*,qAC,GLIDERN1:>114859h v0.3.2.ARM CPU:2.5 RAM:299.7/971.1MB NTP:0.2ms/-9.6ppm +75.2C EGM96:+50m 0/0Acfts[1h] RF:+0-0.1ppm/-1.64dB/+13.0dB@10km[173]/+23.1dB@10km[3/5]
CANDIDATE source=PWEGBD destination=APRS packet=PWEGBD>APRS,TCPIP*,qAC,GLIDERN1:>115023h v20260707 OGN-R/PilotAware
CANDIDATE source=PWEGNH destination=OGNSDR packet=PWEGNH>OGNSDR,TCPIP*,qAC,GLIDERN1:>114859h v0.3.2.ARM CPU:3.6 RAM:322.9/971.1MB NTP:0.2ms/-10.4ppm +62.8C EGM96:+53m 4/4Acfts[1h] RF:-2-1.1ppm/+4.00dB/+11.0dB@10km[676]/+13.8dB@10km[3/6]
CANDIDATE source=PWEGNH destination=APRS packet=PWEGNH>APRS,TCPIP*,qAC,GLIDERN1:>115023h v20260707 OGN-R/PilotAware
CANDIDATE source=PWPAWLime destination=OGNSDR packet=PWPAWLime>OGNSDR,TCPIP*,qAC,GLIDERN2:>114900h v0.3.2.ARM CPU:1.2 RAM:372.7/971.1MB NTP:1.8ms/-2.0ppm +59.6C EGM96:+56m 0/0Acfts[1h] RF:-4+0.4ppm/-1.42dB
CANDIDATE source=PWPAWLime destination=APRS packet=PWPAWLime>APRS,TCPIP*,qAC,GLIDERN2:>115023h v20260707 OGN-R/PilotAware
CANDIDATE source=PWEGCB destination=OGNSDR packet=PWEGCB>OGNSDR,TCPIP*,qAC,GLIDERN1:>114900h v0.3.2.ARM CPU:2.6 RAM:306.2/971.1MB NTP:0.3ms/-3.3ppm +77.9C EGM96:+52m 3/3Acfts[1h] RF:-1-0.2ppm/+2.33dB/+10.9dB@10km[389]/+17.7dB@10km[3/6]
CANDIDATE source=PWEGCB destination=APRS packet=PWEGCB>APRS,TCPIP*,qAC,GLIDERN1:>115023h v20260707 OGN-R/PilotAware
CANDIDATE source=PWEGVP destination=OGNSDR packet=PWEGVP>OGNSDR,TCPIP*,qAC,GLIDERN2:/000147h5108.65NI00134.71W&/A=000308
CANDIDATE source=PWEGVP destination=APRS packet=PWEGVP>APRS,TCPIP*,qAC,GLIDERN2:>115023h v20260707 OGN-R/PilotAware
CANDIDATE source=PWWorcest destination=OGNSDR packet=PWWorcest>OGNSDR,TCPIP*,qAC,GLIDERN1:>114858h v0.3.2.ARM CPU:1.3 RAM:306.6/971.1MB NTP:0.3ms/-8.2ppm +45.6C EGM96:+50m 2/2Acfts[1h] RF:-2-2.0ppm/-1.20dB/+16.2dB@10km[1865]/+18.0dB@10km[3/5]
CANDIDATE source=PWWorcest destination=APRS packet=PWWorcest>APRS,TCPIP*,qAC,GLIDERN1:>115023h v20260707 OGN-R/PilotAware
CANDIDATE source=PWLedbury destination=OGNSDR packet=PWLedbury>OGNSDR,TCPIP*,qAC,GLIDERN3:>114857h v0.3.2.ARM CPU:0.5 RAM:344.0/971.1MB NTP:0.2ms/-5.1ppm +59.6C EGM96:+50m 1/1Acfts[1h] RF:+0-0.9ppm/-1.70dB/+16.9dB@10km[171]/+16.9dB@10km[1/1]
CANDIDATE source=PWLedbury destination=APRS packet=PWLedbury>APRS,TCPIP*,qAC,GLIDERN3:>115023h v20260707 OGN-R/PilotAware
CANDIDATE source=PWWOG2 destination=OGNSDR packet=PWWOG2>OGNSDR,TCPIP*,qAC,GLIDERN3:>114900h v0.3.2.ARM CPU:2.2 RAM:267.3/971.1MB NTP:0.3ms/-6.5ppm +62.3C EGM96:+48m 5/6Acfts[1h] RF:+0+0.0ppm/+2.98dB/+14.5dB@10km[1266]/+18.8dB@10km[5/9]
CANDIDATE source=PWWOG2 destination=APRS packet=PWWOG2>APRS,TCPIP*,qAC,GLIDERN3:>115023h v20260707 OGN-R/PilotAware
CANDIDATE source=PWBSFAir destination=OGNSDR packet=PWBSFAir>OGNSDR,TCPIP*,qAC,GLIDERN3:>114931h v0.3.2.ARM CPU:4.0 RAM:264.7/971.1MB NTP:1.8ms/-3.7ppm +75.2C EGM96:+49m 20/21Acfts[1h] Lat:1.8s RF:-2-1.1ppm/-1.28dB/+18.7dB@10km[19983]/+21.7dB@10km[11/22]
CANDIDATE source=PWBSFAir destination=APRS packet=PWBSFAir>APRS,TCPIP*,qAC,GLIDERN3:>115023h v20260707 OGN-R/PilotAware
CANDIDATE source=PWLSSGGOE destination=OGNSDR packet=PWLSSGGOE>OGNSDR,TCPIP*,qAC,GLIDERN2:>114859h v0.3.2.ARM CPU:0.5 RAM:374.8/971.1MB NTP:0.2ms/-2.1ppm +57.5C EGM96:+46m 0/0Acfts[1h] RF:+1-0.9ppm/+7.69dB/-5.0dB@10km[107]/-0.3dB@10km[2/3]
CANDIDATE source=PWLSSGGOE destination=APRS packet=PWLSSGGOE>APRS,TCPIP*,qAC,GLIDERN2:>115024h v20260707 OGN-R/PilotAware
CANDIDATE source=PWBrother destination=OGNSDR packet=PWBrother>OGNSDR,TCPIP*,qAC,GLIDERN2:>114859h v0.3.2.ARM CPU:2.5 RAM:352.0/971.1MB NTP:0.2ms/-5.2ppm +75.2C EGM96:+49m 1/1Acfts[1h] RF:-3-0.5ppm/+0.45dB/+7.6dB@10km[354]/+18.5dB@10km[3/5]
CANDIDATE source=PWBrother destination=APRS packet=PWBrother>APRS,TCPIP*,qAC,GLIDERN2:>115024h v20260707 OGN-R/PilotAware
CANDIDATE source=PWKemble destination=OGNSDR packet=PWKemble>OGNSDR,TCPIP*,qAC,GLIDERN2:>114821h v0.3.2.ARM CPU:4.0 RAM:355.9/971.1MB NTP:0.9ms/-2.8ppm +59.5C EGM96:+49m 5/6Acfts[1h] Lat:1.8s RF:+19-0.0ppm/-1.42dB/+11.3dB@10km[3848]/+17.9dB@10km[5/10]
CANDIDATE source=PWKemble destination=APRS packet=PWKemble>APRS,TCPIP*,qAC,GLIDERN2:>115024h v20260707 OGN-R/PilotAware
CANDIDATE source=PWUKNWLD destination=OGNSDR packet=PWUKNWLD>OGNSDR,TCPIP*,qAC,GLIDERN2:>114856h v0.3.2.ARM CPU:1.0 RAM:322.1/971.1MB NTP:0.3ms/-4.3ppm +54.8C EGM96:+46m 0/0Acfts[1h] RF:+0+77.2ppm/-13.75dB
CANDIDATE source=PWUKNWLD destination=APRS packet=PWUKNWLD>APRS,TCPIP*,qAC,GLIDERN2:>115024h v20260707 OGN-R/PilotAware
CANDIDATE source=PWSolhull destination=OGNSDR packet=PWSolhull>OGNSDR,TCPIP*,qAC,GLIDERN2:>114900h v0.3.2.ARM CPU:2.1 RAM:340.6/971.1MB NTP:0.6ms/-3.8ppm +70.9C EGM96:+50m 0/0Acfts[1h] RF:+27+4.6ppm/+4.43dB
CANDIDATE source=PWSolhull destination=APRS packet=PWSolhull>APRS,TCPIP*,qAC,GLIDERN2:>115024h v20260707 OGN-R/PilotAware
CANDIDATE source=PWAlconbu destination=OGNSDR packet=PWAlconbu>OGNSDR,TCPIP*,qAC,GLIDERN2:>114900h v0.3.2.ARM CPU:0.6 RAM:348.1/971.1MB NTP:1.1ms/-4.4ppm +58.0C EGM96:+47m 8/8Acfts[1h] Lat:1.7s RF:+51+0.2ppm/-0.43dB/+14.5dB@10km[5158]/+16.5dB@10km[7/14]
CANDIDATE source=PWAlconbu destination=APRS packet=PWAlconbu>APRS,TCPIP*,qAC,GLIDERN2:>115024h v20260707 OGN-R/PilotAware
CANDIDATE source=PWPAWWSTN destination=OGNSDR packet=PWPAWWSTN>OGNSDR,TCPIP*,qAC,GLIDERN1:>114900h v0.3.2.ARM CPU:1.3 RAM:362.7/971.1MB NTP:2.0ms/-8.0ppm +55.8C EGM96:+56m 0/0Acfts[1h] RF:-3-0.4ppm/+3.15dB
CANDIDATE source=PWPAWWSTN destination=APRS packet=PWPAWWSTN>APRS,TCPIP*,qAC,GLIDERN1:>115024h v20260707 OGN-R/PilotAware
CANDIDATE source=PWNewbury destination=OGNSDR packet=PWNewbury>OGNSDR,TCPIP*,qAC,GLIDERN3:>114858h v0.3.2.ARM CPU:0.7 RAM:386.3/971.1MB NTP:0.4ms/-6.6ppm +60.7C EGM96:+47m 7/7Acfts[1h] Lat:1.6s RF:+36-0.7ppm/+0.15dB/+13.6dB@10km[859]/+13.5dB@10km[7/13]
CANDIDATE source=PWNewbury destination=APRS packet=PWNewbury>APRS,TCPIP*,qAC,GLIDERN3:>115024h v20260707 OGN-R/PilotAware
CANDIDATE source=PWBurn destination=OGNSDR packet=PWBurn>OGNSDR,TCPIP*,qAC,GLIDERN1:>114858h v0.3.2.ARM CPU:2.5 RAM:368.9/971.1MB NTP:0.8ms/-3.5ppm +72.0C EGM96:+48m 3/3Acfts[1h] RF:+41-3.1ppm/+3.32dB/+12.4dB@10km[1037]/+18.5dB@10km[4/8]
CANDIDATE source=PWBurn destination=APRS packet=PWBurn>APRS,TCPIP*,qAC,GLIDERN1:>115024h v20260707 OGN-R/PilotAware
CANDIDATE source=PWOrwell destination=OGNSDR packet=PWOrwell>OGNSDR,TCPIP*,qAC,GLIDERN2:>114859h v0.3.2.ARM CPU:0.9 RAM:331.3/971.1MB NTP:3.9ms/-4.9ppm +53.7C EGM96:+46m 4/4Acfts[1h] Lat:1.5s RF:-1-0.1ppm/+3.61dB/+6.1dB@10km[2704]/+6.6dB@10km[3/5]
CANDIDATE source=PWOrwell destination=APRS packet=PWOrwell>APRS,TCPIP*,qAC,GLIDERN2:>115024h v20260707 OGN-R/PilotAware
CANDIDATE source=PWEHaxted destination=OGNSDR packet=PWEHaxted>OGNSDR,TCPIP*,qAC,GLIDERN2:>114900h v0.3.2.ARM CPU:3.5 RAM:337.6/971.1MB NTP:0.6ms/-4.7ppm +70.9C EGM96:+45m 15/15Acfts[1h] Lat:1.7s RF:-3+0.2ppm/+0.72dB/+15.4dB@10km[2120]/+18.0dB@10km[10/19]
CANDIDATE source=PWEHaxted destination=APRS packet=PWEHaxted>APRS,TCPIP*,qAC,GLIDERN2:>115025h v20260707 OGN-R/PilotAware
CANDIDATE source=PWPudsey destination=OGNSDR packet=PWPudsey>OGNSDR,TCPIP*,qAC,GLIDERN1:>114902h v0.3.2.ARM CPU:2.1 RAM:319.5/971.1MB NTP:1.1ms/-3.3ppm +74.1C EGM96:+50m 0/0Acfts[1h] RF:-3-1.2ppm/+6.07dB/+1.0dB@10km[137]/+1.0dB@10km[1/1]
CANDIDATE source=PWPudsey destination=APRS packet=PWPudsey>APRS,TCPIP*,qAC,GLIDERN1:>115025h v20260707 OGN-R/PilotAware
CANDIDATE source=PWERKRTH1 destination=OGNSDR packet=PWERKRTH1>OGNSDR,TCPIP*,qAC,GLIDERN3:>114917h v0.3.2.ARM CPU:3.2 RAM:315.8/971.1MB NTP:0.5ms/-4.4ppm +79.5C EGM96:+46m 0/0Acfts[1h] RF:-2+0.0ppm/+0.53dB/+12.2dB@10km[163]/+18.9dB@10km[3/5]
CANDIDATE source=PWERKRTH1 destination=APRS packet=PWERKRTH1>APRS,TCPIP*,qAC,GLIDERN3:>115025h v20260707 OGN-R/PilotAware
CANDIDATE source=PWMorecam destination=OGNSDR packet=PWMorecam>OGNSDR,TCPIP*,qAC,GLIDERN3:>114857h v0.3.2.ARM CPU:1.3 RAM:357.5/971.1MB NTP:0.3ms/-4.7ppm +56.4C EGM96:+53m 2/2Acfts[1h] RF:-1-0.4ppm/-0.34dB/+3.3dB@10km[19]/+4.2dB@10km[1/2]
CANDIDATE source=PWMorecam destination=APRS packet=PWMorecam>APRS,TCPIP*,qAC,GLIDERN3:>115025h v20260707 OGN-R/PilotAware
CANDIDATE source=PWCastle destination=OGNSDR packet=PWCastle>OGNSDR,TCPIP*,qAC,GLIDERN2:>114859h v0.3.2.ARM CPU:2.2 RAM:299.1/971.1MB NTP:0.6ms/-9.5ppm +68.8C EGM96:+46m 0/0Acfts[1h] RF:+0+72.9ppm/+4.94dB
CANDIDATE source=PWCastle destination=APRS packet=PWCastle>APRS,TCPIP*,qAC,GLIDERN2:>115025h v20260707 OGN-R/PilotAware
CANDIDATE source=PWEDDG1 destination=OGNSDR packet=PWEDDG1>OGNSDR,TCPIP*,qAC,GLIDERN3:>114857h v0.3.2.ARM CPU:0.6 RAM:378.7/971.1MB NTP:0.4ms/-3.3ppm +56.9C EGM96:+44m 0/0Acfts[1h] RF:+0+60.3ppm/-1.00dB
CANDIDATE source=PWHADFOLD destination=OGNSDR packet=PWHADFOLD>OGNSDR,TCPIP*,qAC,GLIDERN1:>114859h v0.3.2.ARM CPU:2.9 RAM:267.4/971.1MB NTP:0.3ms/-5.3ppm +62.3C EGM96:+46m 10/10Acfts[1h] Lat:6.1s RF:-2-3.1ppm/-2.23dB/+2.5dB@10km[1352]/+4.6dB@10km[6/12]
CANDIDATE source=PWHADFOLD destination=APRS packet=PWHADFOLD>APRS,TCPIP*,qAC,GLIDERN1:>115025h v20260707 OGN-R/PilotAware
CANDIDATE source=PWEDDG1 destination=APRS packet=PWEDDG1>APRS,TCPIP*,qAC,GLIDERN3:>115025h v20260707 OGN-R/PilotAware
CANDIDATE source=PWStonyln destination=OGNSDR packet=PWStonyln>OGNSDR,TCPIP*,qAC,GLIDERN3:>114900h v0.3.2.ARM CPU:1.6 RAM:291.9/971.1MB NTP:2.2ms/-12.1ppm +62.8C EGM96:+50m 2/2Acfts[1h] RF:-2-1.4ppm/-1.47dB/+18.8dB@10km[873]/+19.1dB@10km[2/4]
CANDIDATE source=PWStonyln destination=APRS packet=PWStonyln>APRS,TCPIP*,qAC,GLIDERN3:>115025h v20260707 OGN-R/PilotAware
CANDIDATE source=PWFlthorp destination=OGNSDR packet=PWFlthorp>OGNSDR,TCPIP*,qAC,GLIDERN2:>114859h v0.3.2.ARM CPU:2.2 RAM:320.5/971.1MB NTP:0.3ms/-8.0ppm +63.4C EGM96:+45m 3/3Acfts[1h] RF:-1+0.2ppm/-2.27dB/+14.8dB@10km[674]/+15.2dB@10km[3/5]
CANDIDATE source=PWFlthorp destination=APRS packet=PWFlthorp>APRS,TCPIP*,qAC,GLIDERN2:>115025h v20260707 OGN-R/PilotAware
CANDIDATE source=PWWrthing destination=OGNSDR packet=PWWrthing>OGNSDR,TCPIP*,qAC,GLIDERN3:>114856h v0.3.2.ARM CPU:3.4 RAM:288.8/971.1MB NTP:1.4ms/-4.5ppm +56.9C EGM96:+45m 4/4Acfts[1h] Lat:1.6s RF:+1-0.8ppm/+4.57dB/+5.0dB@10km[1009]/+3.7dB@10km[4/7]
CANDIDATE source=PWWrthing destination=APRS packet=PWWrthing>APRS,TCPIP*,qAC,GLIDERN3:>115025h v20260707 OGN-R/PilotAware
CANDIDATE source=PWOverfrm destination=OGNSDR packet=PWOverfrm>OGNSDR,TCPIP*,qAC,GLIDERN3:>114900h v0.3.2.ARM CPU:2.9 RAM:282.6/971.1MB NTP:0.6ms/-5.3ppm +73.6C EGM96:+50m 5/6Acfts[1h] Lat:1.7s RF:-2-0.6ppm/-1.43dB/+17.4dB@10km[2338]/+19.1dB@10km[6/11]
CANDIDATE source=PWOverfrm destination=APRS packet=PWOverfrm>APRS,TCPIP*,qAC,GLIDERN3:>115025h v20260707 OGN-R/PilotAware
CANDIDATE source=PWHestBnk destination=OGNSDR packet=PWHestBnk>OGNSDR,TCPIP*,qAC,GLIDERN3:>114900h v0.3.2.ARM CPU:1.7 RAM:327.0/971.1MB NTP:0.5ms/-3.3ppm +60.1C EGM96:+53m 2/2Acfts[1h] RF:-1+0.1ppm/-0.97dB/+7.8dB@10km[245]/+8.0dB@10km[1/2]
CANDIDATE source=PWHestBnk destination=APRS packet=PWHestBnk>APRS,TCPIP*,qAC,GLIDERN3:>115025h v20260707 OGN-R/PilotAware
CANDIDATE source=PWEGPS destination=OGNSDR packet=PWEGPS>OGNSDR,TCPIP*,qAC,GLIDERN1:>114901h v0.3.2.ARM CPU:1.0 RAM:424.6/971.1MB NTP:2.6ms/-5.1ppm +56.9C EGM96:+50m 0/0Acfts[1h] RF:-3-0.8ppm/-1.82dB
CANDIDATE source=PWEGPS destination=APRS packet=PWEGPS>APRS,TCPIP*,qAC,GLIDERN1:>115025h v20260707 OGN-R/PilotAware
CANDIDATE source=PWBkpark destination=OGNSDR packet=PWBkpark>OGNSDR,TCPIP*,qAC,GLIDERN2:>114859h v0.3.2.ARM CPU:0.5 RAM:305.5/971.1MB NTP:1.2ms/-3.2ppm +49.9C EGM96:+46m 0/0Acfts[1h] RF:-4+0.4ppm/-1.55dB/+4.5dB@10km[224]/+4.5dB@10km[1/1]
CANDIDATE source=PWBkpark destination=APRS packet=PWBkpark>APRS,TCPIP*,qAC,GLIDERN2:>115026h v20260707 OGN-R/PilotAware
CANDIDATE source=PWEGHN destination=OGNSDR packet=PWEGHN>OGNSDR,TCPIP*,qAC,GLIDERN1:>114859h v0.3.2.ARM CPU:1.2 RAM:412.1/971.1MB NTP:0.7ms/-0.5ppm +73.1C EGM96:+46m 0/0Acfts[1h] RF:+0+0.0ppm/-1.78dB
CANDIDATE source=PWEGHN destination=APRS packet=PWEGHN>APRS,TCPIP*,qAC,GLIDERN1:>115026h v20260707 OGN-R/PilotAware
CANDIDATE source=PWPriory destination=OGNSDR packet=PWPriory>OGNSDR,TCPIP*,qAC,GLIDERN1:>114859h v0.3.2.ARM CPU:1.6 RAM:401.1/971.1MB NTP:0.4ms/-2.3ppm +60.1C EGM96:+45m 4/4Acfts[1h] Lat:1.6s RF:-2-1.7ppm/-1.68dB/+4.1dB@10km[4788]/+10.7dB@10km[4/8]
CANDIDATE source=PWPriory destination=APRS packet=PWPriory>APRS,TCPIP*,qAC,GLIDERN1:>115026h v20260707 OGN-R/PilotAware
CANDIDATE source=PWRadley destination=OGNSDR packet=PWRadley>OGNSDR,TCPIP*,qAC,GLIDERN2:>114901h v0.3.2.ARM CPU:2.8 RAM:278.3/971.1MB NTP:0.2ms/-0.8ppm +68.2C EGM96:+48m 0/0Acfts[1h] RF:-1+0.4ppm/-1.39dB/+1.4dB@10km[115]/+1.4dB@10km[1/1]
CANDIDATE source=PWRadley destination=APRS packet=PWRadley>APRS,TCPIP*,qAC,GLIDERN2:>115026h v20260707 OGN-R/PilotAware
CANDIDATE source=PWEGHP destination=OGNSDR packet=PWEGHP>OGNSDR,TCPIP*,qAC,GLIDERN3:>114859h v0.3.2.ARM CPU:3.0 RAM:290.3/971.1MB NTP:1.3ms/-5.1ppm +66.1C EGM96:+47m 112/112Acfts[1h] Lat:1.7s RF:-3-0.5ppm/-1.37dB/+12.4dB@10km[13284]/+12.2dB@10km[82/163]
CANDIDATE source=PWEGHP destination=APRS packet=PWEGHP>APRS,TCPIP*,qAC,GLIDERN3:>115026h v20260707 OGN-R/PilotAware
CANDIDATE source=PWWratty destination=OGNSDR packet=PWWratty>OGNSDR,TCPIP*,qAC,GLIDERN2:>114900h v0.3.2.ARM CPU:3.1 RAM:325.0/971.1MB NTP:0.3ms/-7.9ppm +58.5C EGM96:+45m 4/4Acfts[1h] RF:+0-0.4ppm/-1.78dB/+11.0dB@10km[887]/+14.9dB@10km[4/8]
CANDIDATE source=PWWratty destination=APRS packet=PWWratty>APRS,TCPIP*,qAC,GLIDERN2:>115026h v20260707 OGN-R/PilotAware
CANDIDATE source=PWDerbyS destination=OGNSDR packet=PWDerbyS>OGNSDR,TCPIP*,qAC,GLIDERN2:>114900h v0.3.2.ARM CPU:2.7 RAM:288.4/971.1MB NTP:0.5ms/-6.5ppm +61.2C EGM96:+50m 0/0Acfts[1h] RF:+0-0.7ppm/-1.76dB/+16.5dB@10km[581]/+22.7dB@10km[6/11]
CANDIDATE source=PWDerbyS destination=APRS packet=PWDerbyS>APRS,TCPIP*,qAC,GLIDERN2:>115026h v20260707 OGN-R/PilotAware
CANDIDATE source=PWEGKA destination=OGNSDR packet=PWEGKA>OGNSDR,TCPIP*,qAC,GLIDERN2:>114900h v0.3.2.ARM CPU:3.0 RAM:317.3/971.1MB NTP:0.3ms/-2.1ppm +73.1C EGM96:+45m 3/3Acfts[1h] Lat:2.0s RF:-1-0.6ppm/+0.08dB/-4.9dB@10km[304]/+9.1dB@10km[3/5]
CANDIDATE source=PWEGKA destination=APRS packet=PWEGKA>APRS,TCPIP*,qAC,GLIDERN2:>115026h v20260707 OGN-R/PilotAware
CANDIDATE source=PWBreigh destination=OGNSDR packet=PWBreigh>OGNSDR,TCPIP*,qAC,GLIDERN1:>114858h v0.3.2.ARM CPU:1.4 RAM:373.6/971.1MB NTP:2.8ms/-8.2ppm +58.0C EGM96:+48m 0/0Acfts[1h] RF:+49+0.0ppm/-2.00dB
CANDIDATE source=PWBreigh destination=APRS packet=PWBreigh>APRS,TCPIP*,qAC,GLIDERN1:>115026h v20260707 OGN-R/PilotAware
CANDIDATE source=PWEGNW destination=OGNSDR packet=PWEGNW>OGNSDR,TCPIP*,qAC,GLIDERN2:>114859h v0.3.2.ARM CPU:2.7 RAM:355.1/971.1MB NTP:1.9ms/-2.9ppm +79.5C EGM96:+47m 8/8Acfts[1h] Lat:1.6s RF:+0-0.6ppm/-1.30dB/+15.8dB@10km[5265]/+20.4dB@10km[11/22]
CANDIDATE source=PWEGNW destination=APRS packet=PWEGNW>APRS,TCPIP*,qAC,GLIDERN2:>115026h v20260707 OGN-R/PilotAware
CANDIDATE source=PWAfton destination=OGNSDR packet=PWAfton>OGNSDR,TCPIP*,qAC,GLIDERN3:>114858h v0.3.2.ARM CPU:2.2 RAM:332.2/971.1MB NTP:1.1ms/-4.1ppm +66.1C EGM96:+47m 6/6Acfts[1h] Lat:1.7s RF:-4+0.5ppm/+1.58dB/+9.6dB@10km[1342]/+21.2dB@10km[6/12]
CANDIDATE source=PWAfton destination=APRS packet=PWAfton>APRS,TCPIP*,qAC,GLIDERN3:>115027h v20260707 OGN-R/PilotAware
CANDIDATE source=PWKilkeel destination=OGNSDR packet=PWKilkeel>OGNSDR,TCPIP*,qAC,GLIDERN2:>114859h v0.3.2.ARM CPU:2.7 RAM:335.7/971.1MB NTP:0.4ms/-0.5ppm +63.4C EGM96:+56m 0/0Acfts[1h] RF:-2+1.2ppm/+6.57dB
CANDIDATE source=PWKilkeel destination=APRS packet=PWKilkeel>APRS,TCPIP*,qAC,GLIDERN2:>115027h v20260707 OGN-R/PilotAware
CANDIDATE source=PWLenzie destination=OGNSDR packet=PWLenzie>OGNSDR,TCPIP*,qAC,GLIDERN3:>114859h v0.3.2.ARM CPU:0.9 RAM:348.7/971.1MB NTP:0.3ms/-9.7ppm +60.7C EGM96:+54m 0/0Acfts[1h] RF:+26+8.1ppm/+2.03dB/+14.9dB@10km[288]/+14.9dB@10km[1/1]
CANDIDATE source=PWLenzie destination=APRS packet=PWLenzie>APRS,TCPIP*,qAC,GLIDERN3:>115027h v20260707 OGN-R/PilotAware
CANDIDATE source=PWChesham destination=OGNSDR packet=PWChesham>OGNSDR,TCPIP*,qAC,GLIDERN3:>114917h v0.3.2.ARM CPU:1.9 RAM:268.6/971.1MB NTP:0.7ms/-6.3ppm +59.6C EGM96:+47m 0/0Acfts[1h] RF:-1-0.0ppm/-1.50dB/+13.3dB@10km[586]/+13.3dB@10km[1/1]
CANDIDATE source=PWChesham destination=APRS packet=PWChesham>APRS,TCPIP*,qAC,GLIDERN3:>115027h v20260707 OGN-R/PilotAware
CANDIDATE source=PWPidding destination=OGNSDR packet=PWPidding>OGNSDR,TCPIP*,qAC,GLIDERN3:>114900h v0.3.2.ARM CPU:2.4 RAM:320.5/971.1MB NTP:0.7ms/-7.5ppm +75.2C EGM96:+48m 1/2Acfts[1h] RF:-3-0.1ppm/+2.28dB/+8.3dB@10km[200]/+12.9dB@10km[2/4]
CANDIDATE source=PWPidding destination=APRS packet=PWPidding>APRS,TCPIP*,qAC,GLIDERN3:>115027h v20260707 OGN-R/PilotAware
CANDIDATE source=PWABromly destination=OGNSDR packet=PWABromly>OGNSDR,TCPIP*,qAC,GLIDERN1:>114859h v0.3.2.ARM CPU:1.5 RAM:322.2/971.1MB NTP:3.3ms/-2.9ppm +59.1C EGM96:+50m 0/0Acfts[1h] RF:-2-0.6ppm/+3.83dB
CANDIDATE source=PWABromly destination=APRS packet=PWABromly>APRS,TCPIP*,qAC,GLIDERN1:>115027h v20260707 OGN-R/PilotAware
CANDIDATE source=PWEDAD destination=OGNSDR packet=PWEDAD>OGNSDR,TCPIP*,qAC,GLIDERN3:>114900h v0.3.2.ARM CPU:1.2 RAM:408.2/971.1MB NTP:0.2ms/-5.3ppm +54.2C EGM96:+43m 1/1Acfts[1h] RF:+0-0.1ppm/-0.56dB
CANDIDATE source=PWEDAD destination=APRS packet=PWEDAD>APRS,TCPIP*,qAC,GLIDERN3:>115027h v20260707 OGN-R/PilotAware
CANDIDATE source=PWGrasmer destination=OGNSDR packet=PWGrasmer>OGNSDR,TCPIP*,qAC,GLIDERN1:>114859h v0.3.2.ARM CPU:1.1 RAM:369.4/971.1MB NTP:0.3ms/-13.9ppm +61.8C EGM96:+53m 1/1Acfts[1h] RF:-11+42.0ppm/-0.46dB/-1.9dB@10km[41]/-1.9dB@10km[1/1]
CANDIDATE source=PWGrasmer destination=APRS packet=PWGrasmer>APRS,TCPIP*,qAC,GLIDERN1:>115027h v20260707 OGN-R/PilotAware
CANDIDATE source=PWLegerwd destination=OGNSDR packet=PWLegerwd>OGNSDR,TCPIP*,qAC,GLIDERN1:>114904h v0.3.2.ARM CPU:1.8 RAM:390.0/971.1MB NTP:0.3ms/-3.9ppm +50.3C EGM96:+52m 0/0Acfts[1h] RF:+0-0.5ppm/-1.60dB/+17.2dB@10km[54]/+17.2dB@10km[1/1]
CANDIDATE source=PWLegerwd destination=APRS packet=PWLegerwd>APRS,TCPIP*,qAC,GLIDERN1:>115027h v20260707 OGN-R/PilotAware
CANDIDATE source=PWKernan destination=OGNSDR packet=PWKernan>OGNSDR,TCPIP*,qAC,GLIDERN3:>115005h v0.3.2.ARM CPU:0.4 RAM:406.1/971.1MB NTP:0.2ms/-5.1ppm +55.8C EGM96:+57m 0/0Acfts[1h] RF:-2+0.6ppm/-1.16dB
CANDIDATE source=PWKernan destination=APRS packet=PWKernan>APRS,TCPIP*,qAC,GLIDERN3:>115027h v20260707 OGN-R/PilotAware
CANDIDATE source=PWCW57 destination=OGNSDR packet=PWCW57>OGNSDR,TCPIP*,qAC,GLIDERN1:>114900h v0.3.2.ARM CPU:2.1 RAM:330.3/971.1MB NTP:0.4ms/-3.3ppm +61.2C EGM96:+52m 2/2Acfts[1h] RF:+0-0.6ppm/-1.66dB/+10.2dB@10km[1331]/+13.5dB@10km[2/4]
CANDIDATE source=PWCW57 destination=APRS packet=PWCW57>APRS,TCPIP*,qAC,GLIDERN1:>115027h v20260707 OGN-R/PilotAware
CANDIDATE source=PWBodmin destination=OGNSDR packet=PWBodmin>OGNSDR,TCPIP*,qAC,GLIDERN3:>114721h v0.3.2.ARM CPU:2.1 RAM:337.1/971.1MB NTP:3.0ms/-4.5ppm +56.4C EGM96:+53m 0/0Acfts[1h] RF:+0-0.5ppm/-0.58dB
CANDIDATE source=PWBodmin destination=APRS packet=PWBodmin>APRS,TCPIP*,qAC,GLIDERN3:>115027h v20260707 OGN-R/PilotAware
CANDIDATE source=PWESMI2 destination=OGNSDR packet=PWESMI2>OGNSDR,TCPIP*,qAC,GLIDERN3:>114859h v0.3.2.ARM CPU:1.1 RAM:411.7/971.1MB NTP:0.4ms/-3.6ppm +56.9C EGM96:+35m 0/0Acfts[1h] RF:-1-0.1ppm/+0.85dB
CANDIDATE source=PWESMI2 destination=APRS packet=PWESMI2>APRS,TCPIP*,qAC,GLIDERN3:>115028h v20260707 OGN-R/PilotAware
CANDIDATE source=PWShipley destination=OGNSDR packet=PWShipley>OGNSDR,TCPIP*,qAC,GLIDERN3:>114900h v0.3.2.ARM CPU:4.0 RAM:315.5/971.1MB NTP:0.2ms/-5.5ppm +75.8C EGM96:+46m 6/6Acfts[1h] Lat:1.6s RF:-1-0.1ppm/+6.61dB/+2.0dB@10km[662]/+3.1dB@10km[6/11]
CANDIDATE source=PWShipley destination=APRS packet=PWShipley>APRS,TCPIP*,qAC,GLIDERN3:>115028h v20260707 OGN-R/PilotAware
CANDIDATE source=PWWHill destination=OGNSDR packet=PWWHill>OGNSDR,TCPIP*,qAC,GLIDERN3:>114900h v0.3.2.ARM CPU:2.1 RAM:284.7/971.1MB NTP:2.0ms/-3.3ppm +63.4C EGM96:+46m 9/10Acfts[1h] Lat:1.8s RF:+0-0.5ppm/+6.74dB/+11.0dB@10km[132]/+12.4dB@10km[7/13]
CANDIDATE source=PWWHill destination=APRS packet=PWWHill>APRS,TCPIP*,qAC,GLIDERN3:>115028h v20260707 OGN-R/PilotAware
CANDIDATE source=PWEGAE destination=OGNSDR packet=PWEGAE>OGNSDR,TCPIP*,qAC,GLIDERN1:>114859h v0.3.2.ARM CPU:1.7 RAM:349.8/971.1MB NTP:0.3ms/-3.9ppm +57.5C EGM96:+57m 0/0Acfts[1h] RF:-1+0.4ppm/-0.23dB
CANDIDATE source=PWEGAE destination=APRS packet=PWEGAE>APRS,TCPIP*,qAC,GLIDERN1:>115028h v20260707 OGN-R/PilotAware
CANDIDATE source=PWEGBT destination=OGNSDR packet=PWEGBT>OGNSDR,TCPIP*,qAC,GLIDERN2:>114901h v0.3.2.ARM CPU:2.6 RAM:371.2/971.1MB NTP:1.2ms/-5.7ppm +70.9C EGM96:+48m 9/10Acfts[1h] RF:-1+0.2ppm/-0.22dB/+16.0dB@10km[5170]/+22.3dB@10km[9/18]
CANDIDATE source=PWEGBT destination=APRS packet=PWEGBT>APRS,TCPIP*,qAC,GLIDERN2:>115028h v20260707 OGN-R/PilotAware
CANDIDATE source=PWAsslar destination=OGNSDR packet=PWAsslar>OGNSDR,TCPIP*,qAC,GLIDERN1:>114900h v0.3.2.ARM CPU:5.8 RAM:468.2/971.1MB NTP:0.3ms/-7.0ppm +67.7C EGM96:+49m 3/3Acfts[1h] Lat:1.7s RF:+0+0.0ppm/+0.23dB/+14.7dB@10km[3262]/+17.8dB@10km[4/7]
CANDIDATE source=PWAsslar destination=APRS packet=PWAsslar>APRS,TCPIP*,qAC,GLIDERN1:>115028h v20260707 OGN-R/PilotAware
CANDIDATE source=PWTroutbk destination=OGNSDR packet=PWTroutbk>OGNSDR,TCPIP*,qAC,GLIDERN1:>114857h v0.3.2.ARM CPU:1.3 RAM:361.5/971.1MB NTP:0.2ms/-7.4ppm +52.1C EGM96:+53m 1/1Acfts[1h] RF:-3-0.4ppm/-0.72dB/+28.1dB@10km[5]/+28.1dB@10km[1/1]
CANDIDATE source=PWTroutbk destination=APRS packet=PWTroutbk>APRS,TCPIP*,qAC,GLIDERN1:>115028h v20260707 OGN-R/PilotAware
CANDIDATE source=PWLudgers destination=OGNSDR packet=PWLudgers>OGNSDR,TCPIP*,qAC,GLIDERN2:>114859h v0.3.2.ARM CPU:2.2 RAM:324.8/971.1MB NTP:0.4ms/-2.8ppm +53.7C EGM96:+48m 6/6Acfts[1h] Lat:1.7s RF:+3+0.0ppm/-1.37dB/+16.5dB@10km[4131]/+17.6dB@10km[5/10]
CANDIDATE source=PWLudgers destination=APRS packet=PWLudgers>APRS,TCPIP*,qAC,GLIDERN2:>115028h v20260707 OGN-R/PilotAware
CANDIDATE source=PWHappisb destination=OGNSDR packet=PWHappisb>OGNSDR,TCPIP*,qAC,GLIDERN1:>114856h v0.3.2.ARM CPU:1.6 RAM:338.7/971.1MB NTP:2.4ms/-7.8ppm +58.0C EGM96:+45m 0/0Acfts[1h] RF:-2-0.3ppm/-1.81dB/+21.0dB@10km[106]/+24.3dB@10km[1/2]
CANDIDATE source=PWHappisb destination=APRS packet=PWHappisb>APRS,TCPIP*,qAC,GLIDERN1:>115028h v20260707 OGN-R/PilotAware
CANDIDATE source=PWEDMB destination=OGNSDR packet=PWEDMB>OGNSDR,TCPIP*,qAC,GLIDERN2:>114902h v0.3.2.ARM CPU:4.5 RAM:304.8/971.1MB NTP:1.3ms/-0.7ppm +84.9C EGM96:+47m 0/0Acfts[1h] RF:-1+0.0ppm/-1.66dB/+17.9dB@10km[3072]/+19.9dB@10km[4/7]
CANDIDATE source=PWEDMB destination=APRS packet=PWEDMB>APRS,TCPIP*,qAC,GLIDERN2:>115028h v20260707 OGN-R/PilotAware
CANDIDATE source=PWWilmcot destination=OGNSDR packet=PWWilmcot>OGNSDR,TCPIP*,qAC,GLIDERN2:>114858h v0.3.3.ARM CPU:2.9 RAM:222.3/971.1MB NTP:6.5ms/-7.1ppm +40.2C EGM96:+49m 0/0Acfts[1h] RF:+0+0.0ppm/-1.40dB/+18.1dB@10km[48]/+18.1dB@10km[1/1]
CANDIDATE source=PWWilmcot destination=APRS packet=PWWilmcot>APRS,TCPIP*,qAC,GLIDERN2:>115028h v20260707 OGN-R/PilotAware
CANDIDATE source=PWIOWPARA destination=OGNSDR packet=PWIOWPARA>OGNSDR,TCPIP*,qAC,GLIDERN1:>114859h v0.3.2.ARM CPU:1.9 RAM:334.4/971.1MB NTP:0.4ms/-6.7ppm +61.2C EGM96:+47m 2/2Acfts[1h] Lat:1.6s RF:+0-0.4ppm/-1.14dB/+8.6dB@10km[1927]/+21.1dB@10km[3/6]
CANDIDATE source=PWIOWPARA destination=APRS packet=PWIOWPARA>APRS,TCPIP*,qAC,GLIDERN1:>115028h v20260707 OGN-R/PilotAware
CANDIDATE source=PWEschdor destination=OGNSDR packet=PWEschdor>OGNSDR,TCPIP*,qAC,GLIDERN1:>114859h v0.3.2.ARM CPU:3.1 RAM:359.5/971.1MB NTP:0.5ms/-4.2ppm +49.4C EGM96:+48m 0/0Acfts[1h] RF:+0-0.0ppm/-0.60dB
CANDIDATE source=PWEschdor destination=APRS packet=PWEschdor>APRS,TCPIP*,qAC,GLIDERN1:>115028h v20260707 OGN-R/PilotAware
CANDIDATE source=PWFSW2 destination=OGNSDR packet=PWFSW2>OGNSDR,TCPIP*,qAC,GLIDERN1:>114901h v0.3.2.ARM CPU:0.8 RAM:354.3/971.1MB NTP:0.5ms/-3.0ppm +64.5C EGM96:+46m 8/9Acfts[1h] Lat:1.6s RF:+0-1.3ppm/+4.97dB/+1.8dB@10km[4218]/+5.6dB@10km[9/18]
CANDIDATE source=PWFSW2 destination=APRS packet=PWFSW2>APRS,TCPIP*,qAC,GLIDERN1:>115028h v20260707 OGN-R/PilotAware
CANDIDATE source=PWNMORTON destination=OGNSDR packet=PWNMORTON>OGNSDR,TCPIP*,qAC,GLIDERN1:>114900h v0.3.2.ARM CPU:3.6 RAM:228.4/971.1MB NTP:0.5ms/-2.7ppm +69.8C EGM96:+47m 0/0Acfts[1h] RF:+0+72.6ppm/-1.62dB
CANDIDATE source=PWNMORTON destination=APRS packet=PWNMORTON>APRS,TCPIP*,qAC,GLIDERN1:>115028h v20260707 OGN-R/PilotAware
CANDIDATE source=PWRock destination=OGNSDR packet=PWRock>OGNSDR,TCPIP*,qAC,GLIDERN2:>114900h v0.3.2.ARM CPU:1.9 RAM:307.8/971.1MB NTP:0.3ms/-1.5ppm +62.3C EGM96:+51m 4/4Acfts[1h] RF:-1+0.1ppm/-1.71dB/+19.0dB@10km[4323]/+22.0dB@10km[3/6]
CANDIDATE source=PWRock destination=APRS packet=PWRock>APRS,TCPIP*,qAC,GLIDERN2:>115028h v20260707 OGN-R/PilotAware
CANDIDATE source=PWEggford destination=OGNSDR packet=PWEggford>OGNSDR,TCPIP*,qAC,GLIDERN3:>114903h v0.3.2.ARM CPU:2.6 RAM:410.7/971.1MB NTP:0.5ms/-5.0ppm +56.9C EGM96:+53m 6/6Acfts[1h] Lat:1.5s RF:+0-0.6ppm/-1.75dB/+17.1dB@10km[528]/+19.7dB@10km[4/7]
CANDIDATE source=PWEggford destination=APRS packet=PWEggford>APRS,TCPIP*,qAC,GLIDERN3:>115028h v20260707 OGN-R/PilotAware
CANDIDATE source=PWBmsgrve destination=OGNSDR packet=PWBmsgrve>OGNSDR,TCPIP*,qAC,GLIDERN2:>114900h v0.3.2.ARM CPU:2.3 RAM:366.2/971.1MB NTP:0.4ms/-5.5ppm +72.0C EGM96:+50m 1/1Acfts[1h] RF:+26+0.8ppm/+1.96dB/+13.7dB@10km[356]/+13.8dB@10km[1/2]
CANDIDATE source=PWBmsgrve destination=APRS packet=PWBmsgrve>APRS,TCPIP*,qAC,GLIDERN2:>115028h v20260707 OGN-R/PilotAware
CANDIDATE source=PWStonham destination=OGNSDR packet=PWStonham>OGNSDR,TCPIP*,qAC,GLIDERN2:>114900h v0.3.2.ARM CPU:1.9 RAM:316.0/971.1MB NTP:0.4ms/-3.1ppm +75.8C EGM96:+45m 0/0Acfts[1h] RF:+0-0.2ppm/-0.77dB/+14.9dB@10km[32]/+17.1dB@10km[2/3]
CANDIDATE source=PWStonham destination=APRS packet=PWStonham>APRS,TCPIP*,qAC,GLIDERN2:>115028h v20260707 OGN-R/PilotAware
CANDIDATE source=PWEGVL destination=OGNSDR packet=PWEGVL>OGNSDR,TCPIP*,qAC,GLIDERN2:>114900h v0.3.2.ARM CPU:3.5 RAM:227.1/971.1MB NTP:1.3ms/-6.1ppm +72.5C EGM96:+48m 20/21Acfts[1h] Lat:1.7s RF:-2+0.2ppm/-1.07dB/+22.9dB@10km[5913]/+24.4dB@10km[16/31]
CANDIDATE source=PWEGVL destination=APRS packet=PWEGVL>APRS,TCPIP*,qAC,GLIDERN2:>115029h v20260707 OGN-R/PilotAware
CANDIDATE source=PWNSFIELD destination=OGNSDR packet=PWNSFIELD>OGNSDR,TCPIP*,qAC,GLIDERN2:>114904h v0.3.2.ARM CPU:2.4 RAM:356.4/971.1MB NTP:0.6ms/-5.2ppm +47.1C EGM96:+50m 0/0Acfts[1h] RF:-1+0.1ppm/+6.22dB
CANDIDATE source=PWNSFIELD destination=APRS packet=PWNSFIELD>APRS,TCPIP*,qAC,GLIDERN2:>115029h v20260707 OGN-R/PilotAware
CANDIDATE source=PWEDAWT destination=OGNSDR packet=PWEDAWT>OGNSDR,TCPIP*,qAC,GLIDERN3:>114900h v0.3.2.ARM CPU:1.0 RAM:357.2/971.1MB NTP:1.3ms/-4.7ppm +42.4C EGM96:+44m 0/0Acfts[1h] RF:-2-4.0ppm/-1.10dB/+9.9dB@10km[211]/+9.9dB@10km[1/1]
CANDIDATE source=PWEDAWT destination=APRS packet=PWEDAWT>APRS,TCPIP*,qAC,GLIDERN3:>115029h v20260707 OGN-R/PilotAware
CANDIDATE source=PWEGCJ destination=OGNSDR packet=PWEGCJ>OGNSDR,TCPIP*,qAC,GLIDERN3:>114903h v0.3.2.ARM CPU:1.6 RAM:386.9/971.1MB NTP:0.2ms/-3.4ppm +60.0C EGM96:+49m 6/6Acfts[1h] Lat:1.6s RF:+0-0.6ppm/+1.46dB/+9.1dB@10km[2188]/+15.0dB@10km[6/11]
CANDIDATE source=PWEGCJ destination=APRS packet=PWEGCJ>APRS,TCPIP*,qAC,GLIDERN3:>115030h v20260707 OGN-R/PilotAware
CANDIDATE source=PWCodsall destination=OGNSDR packet=PWCodsall>OGNSDR,TCPIP*,qAC,GLIDERN1:>114859h v0.3.2.ARM CPU:0.4 RAM:306.5/971.1MB NTP:0.6ms/-2.4ppm +56.9C EGM96:+51m 0/0Acfts[1h] RF:-24+51.5ppm/+6.62dB
CANDIDATE source=PWCodsall destination=APRS packet=PWCodsall>APRS,TCPIP*,qAC,GLIDERN1:>115029h v20260707 OGN-R/PilotAware
CANDIDATE source=PWEGBO destination=OGNSDR packet=PWEGBO>OGNSDR,TCPIP*,qAC,GLIDERN2:>114903h v0.3.2.ARM CPU:1.7 RAM:352.9/971.1MB NTP:0.4ms/+0.7ppm +60.5C EGM96:+51m 3/3Acfts[1h] RF:+26+4.0ppm/-1.82dB/+14.7dB@10km[4711]/+15.0dB@10km[3/6]
CANDIDATE source=PWEGBO destination=APRS packet=PWEGBO>APRS,TCPIP*,qAC,GLIDERN2:>115030h v20260707 OGN-R/PilotAware
CANDIDATE source=PWEGSL destination=OGNSDR packet=PWEGSL>OGNSDR,TCPIP*,qAC,GLIDERN2:>114900h v0.3.2.ARM CPU:4.3 RAM:282.9/971.1MB NTP:0.5ms/-4.0ppm +85.4C EGM96:+46m 0/0Acfts[1h] RF:+40+2.9ppm/-3.64dB
CANDIDATE source=PWEGSL destination=APRS packet=PWEGSL>APRS,TCPIP*,qAC,GLIDERN2:>115030h v20260707 OGN-R/PilotAware
CANDIDATE source=PWLANGHAM destination=OGNSDR packet=PWLANGHAM>OGNSDR,TCPIP*,qAC,GLIDERN1:>114902h v0.3.2.ARM CPU:1.8 RAM:402.8/971.1MB NTP:0.5ms/-8.9ppm +58.0C EGM96:+49m 12/12Acfts[1h] Lat:1.7s RF:-3+0.0ppm/+3.86dB/+15.1dB@10km[9532]/+16.5dB@10km[8/15]
CANDIDATE source=PWLANGHAM destination=APRS packet=PWLANGHAM>APRS,TCPIP*,qAC,GLIDERN1:>115030h v20260707 OGN-R/PilotAware
CANDIDATE source=PWPAWSNBG destination=OGNSDR packet=PWPAWSNBG>OGNSDR,TCPIP*,qAC,GLIDERN1:>114540h v0.3.2.ARM CPU:3.0 RAM:344.4/971.1MB NTP:0.4ms/-3.7ppm +73.1C EGM96:+57m 0/0Acfts[1h] RF:-3-0.3ppm/-2.07dB
CANDIDATE source=PWPAWSNBG destination=APRS packet=PWPAWSNBG>APRS,TCPIP*,qAC,GLIDERN1:>115030h v20260707 OGN-R/PilotAware
CANDIDATE source=PWHeadon destination=OGNSDR packet=PWHeadon>OGNSDR,TCPIP*,qAC,GLIDERN2:>114859h v0.3.2.ARM CPU:3.1 RAM:284.3/971.1MB NTP:0.6ms/-1.0ppm +82.2C EGM96:+48m 9/9Acfts[1h] Lat:2.3s RF:-1-0.4ppm/-1.79dB/+18.2dB@10km[14095]/+25.8dB@10km[15/30]
CANDIDATE source=PWHeadon destination=APRS packet=PWHeadon>APRS,TCPIP*,qAC,GLIDERN2:>115030h v20260707 OGN-R/PilotAware
CANDIDATE source=PWEGNY destination=OGNSDR packet=PWEGNY>OGNSDR,TCPIP*,qAC,GLIDERN3:>114906h v0.3.2.ARM CPU:1.7 RAM:366.6/971.1MB NTP:1.3ms/-9.3ppm +70.9C EGM96:+47m 2/2Acfts[1h] RF:+37+7.1ppm/-1.77dB/+12.0dB@10km[388]/+13.6dB@10km[2/3]
CANDIDATE source=PWEGNY destination=APRS packet=PWEGNY>APRS,TCPIP*,qAC,GLIDERN3:>115030h v20260707 OGN-R/PilotAware
CANDIDATE source=PWCoylton destination=OGNSDR packet=PWCoylton>OGNSDR,TCPIP*,qAC,GLIDERN1:>114903h v0.3.2.ARM CPU:1.1 RAM:389.0/971.1MB NTP:0.2ms/-6.7ppm +53.5C EGM96:+55m 0/0Acfts[1h] RF:+0-0.2ppm/+1.93dB
CANDIDATE source=PWCoylton destination=APRS packet=PWCoylton>APRS,TCPIP*,qAC,GLIDERN1:>115030h v20260707 OGN-R/PilotAware
CANDIDATE source=PWPwick destination=OGNSDR packet=PWPwick>OGNSDR,TCPIP*,qAC,GLIDERN1:>114900h v0.3.2.ARM CPU:2.0 RAM:383.9/971.1MB NTP:0.7ms/-0.4ppm +64.5C EGM96:+55m 0/0Acfts[1h] RF:-1-0.0ppm/-1.36dB
CANDIDATE source=PWPwick destination=APRS packet=PWPwick>APRS,TCPIP*,qAC,GLIDERN1:>115030h v20260707 OGN-R/PilotAware
CANDIDATE source=PWWettena destination=OGNSDR packet=PWWettena>OGNSDR,TCPIP*,qAC,GLIDERN2:>114900h v0.3.2.ARM CPU:2.4 RAM:400.8/971.1MB NTP:2.1ms/-2.8ppm +62.3C EGM96:+49m 0/0Acfts[1h] RF:+0-4.4ppm/+8.14dB
CANDIDATE source=PWWettena destination=APRS packet=PWWettena>APRS,TCPIP*,qAC,GLIDERN2:>115031h v20260707 OGN-R/PilotAware
CANDIDATE source=PWFASH destination=OGNSDR packet=PWFASH>OGNSDR,TCPIP*,qAC,GLIDERN1:>114904h v0.3.2.ARM CPU:0.7 RAM:366.3/971.1MB NTP:1.0ms/-5.9ppm +56.4C EGM96:+31m 1/1Acfts[1h] Lat:1.6s RF:-2+0.7ppm/-1.48dB/+19.1dB@10km[2357]/+20.1dB@10km[3/5]
CANDIDATE source=PWFASH destination=APRS packet=PWFASH>APRS,TCPIP*,qAC,GLIDERN1:>115031h v20260707 OGN-R/PilotAware
CANDIDATE source=PWDriffie destination=OGNSDR packet=PWDriffie>OGNSDR,TCPIP*,qAC,GLIDERN3:>114901h v0.3.2.ARM CPU:1.8 RAM:347.2/971.1MB NTP:0.6ms/-1.7ppm +62.3C EGM96:+47m 0/0Acfts[1h] RF:+0+0.0ppm/+0.02dB/+10.7dB@10km[18]/+10.7dB@10km[1/1]
CANDIDATE source=PWDriffie destination=APRS packet=PWDriffie>APRS,TCPIP*,qAC,GLIDERN3:>115031h v20260707 OGN-R/PilotAware
CANDIDATE source=PWEGAD destination=OGNSDR packet=PWEGAD>OGNSDR,TCPIP*,qAC,GLIDERN3:>114858h v0.3.2.ARM CPU:0.8 RAM:394.3/971.1MB NTP:0.9ms/-10.5ppm +53.7C EGM96:+56m 0/0Acfts[1h] RF:-1+0.4ppm/+3.14dB
CANDIDATE source=PWEGAD destination=APRS packet=PWEGAD>APRS,TCPIP*,qAC,GLIDERN3:>115031h v20260707 OGN-R/PilotAware
CANDIDATE source=PWEDGB destination=OGNSDR packet=PWEDGB>OGNSDR,TCPIP*,qAC,GLIDERN2:>114900h v0.3.2.ARM CPU:2.6 RAM:284.6/971.1MB NTP:0.4ms/-1.5ppm +63.4C EGM96:+49m 1/1Acfts[1h] RF:+0-0.1ppm/+5.74dB/+8.4dB@10km[533]/+8.4dB@10km[1/2]
CANDIDATE source=PWEDGB destination=APRS packet=PWEDGB>APRS,TCPIP*,qAC,GLIDERN2:>115031h v20260707 OGN-R/PilotAware
CANDIDATE source=PWEGCG destination=OGNSDR packet=PWEGCG>OGNSDR,TCPIP*,qAC,GLIDERN2:>114911h v0.3.2.ARM CPU:0.6 RAM:364.9/971.1MB NTP:2.4ms/-6.2ppm +66.1C EGM96:+46m 5/5Acfts[1h] Lat:1.6s RF:+0-0.5ppm/-1.52dB/+15.4dB@10km[7210]/+22.8dB@10km[11/21]
CANDIDATE source=PWEGCG destination=APRS packet=PWEGCG>APRS,TCPIP*,qAC,GLIDERN2:>115031h v20260707 OGN-R/PilotAware
CANDIDATE source=PWEGCA destination=OGNSDR packet=PWEGCA>OGNSDR,TCPIP*,qAC,GLIDERN1:>114908h v0.3.2.ARM CPU:3.0 RAM:372.3/971.1MB NTP:1.8ms/-0.4ppm +65.5C EGM96:+50m 0/0Acfts[1h] RF:+0-0.6ppm/+6.06dB
CANDIDATE source=PWEGCA destination=APRS packet=PWEGCA>APRS,TCPIP*,qAC,GLIDERN1:>115031h v20260707 OGN-R/PilotAware
CANDIDATE source=PWCLDONNY destination=OGNSDR packet=PWCLDONNY>OGNSDR,TCPIP*,qAC,GLIDERN3:>114907h v0.3.2.ARM CPU:2.7 RAM:324.0/971.1MB NTP:1.1ms/-9.9ppm +69.3C EGM96:+49m 0/0Acfts[1h] RF:-3-1.0ppm/+3.42dB/+6.4dB@10km[74]/+6.4dB@10km[1/1]
CANDIDATE source=PWCLDONNY destination=APRS packet=PWCLDONNY>APRS,TCPIP*,qAC,GLIDERN3:>115033h v20260707 OGN-R/PilotAware
CANDIDATE source=PWEGNR destination=OGNSDR packet=PWEGNR>OGNSDR,TCPIP*,qAC,GLIDERN2:>114906h v0.3.2.ARM CPU:3.3 RAM:280.5/971.1MB NTP:0.2ms/-0.0ppm +64.8C EGM96:+53m 1/1Acfts[1h] RF:+25+5.4ppm/+1.26dB/+9.2dB@10km[3225]/+22.8dB@10km[5/10]
CANDIDATE source=PWEGNR destination=APRS packet=PWEGNR>APRS,TCPIP*,qAC,GLIDERN2:>115033h v20260707 OGN-R/PilotAware
CANDIDATE source=PWEGCM destination=OGNSDR packet=PWEGCM>OGNSDR,TCPIP*,qAC,GLIDERN1:>114900h v0.3.2.ARM CPU:2.7 RAM:378.1/971.1MB NTP:0.3ms/+0.4ppm +69.3C EGM96:+49m 23/23Acfts[1h] Lat:1.7s RF:-1-0.1ppm/-0.88dB/+16.4dB@10km[21768]/+20.0dB@10km[16/31]
CANDIDATE source=PWEGCM destination=APRS packet=PWEGCM>APRS,TCPIP*,qAC,GLIDERN1:>115033h v20260707 OGN-R/PilotAware
CANDIDATE source=PWBude destination=OGNSDR packet=PWBude>OGNSDR,TCPIP*,qAC,GLIDERN1:>114910h v0.3.2.ARM CPU:2.4 RAM:337.4/971.1MB NTP:0.2ms/-5.9ppm +59.1C EGM96:+53m 0/0Acfts[1h] RF:-2-1.1ppm/-0.90dB
CANDIDATE source=PWBude destination=APRS packet=PWBude>APRS,TCPIP*,qAC,GLIDERN1:>115033h v20260707 OGN-R/PilotAware
CANDIDATE source=PWEGOE destination=OGNSDR packet=PWEGOE>OGNSDR,TCPIP*,qAC,GLIDERN3:>114910h v0.3.2.ARM CPU:2.1 RAM:315.8/971.1MB NTP:2.3ms/-5.6ppm +57.5C EGM96:+52m 8/8Acfts[1h] Lat:1.5s RF:-2-1.3ppm/-1.68dB/+13.4dB@10km[13491]/+18.1dB@10km[8/16]
CANDIDATE source=PWEGOE destination=APRS packet=PWEGOE>APRS,TCPIP*,qAC,GLIDERN3:>115033h v20260707 OGN-R/PilotAware
CANDIDATE source=PWAspen destination=OGNSDR packet=PWAspen>OGNSDR,TCPIP*,qAC,GLIDERN2:>114904h v0.3.2.ARM CPU:1.3 RAM:391.3/971.1MB NTP:0.4ms/+24.6ppm +51.4C EGM96:+52m 0/0Acfts[1h] RF:+0-1.0ppm/+6.67dB
CANDIDATE source=PWAspen destination=APRS packet=PWAspen>APRS,TCPIP*,qAC,GLIDERN2:>115033h v20260707 OGN-R/PilotAware
CANDIDATE source=PWMargam destination=OGNSDR packet=PWMargam>OGNSDR,TCPIP*,qAC,GLIDERN1:>114907h v0.3.2.ARM CPU:2.3 RAM:369.2/971.1MB NTP:1.5ms/-6.6ppm +68.8C EGM96:+53m 0/0Acfts[1h] RF:+0-0.7ppm/+3.11dB/+12.8dB@10km[3784]/+12.8dB@10km[1/1]
CANDIDATE source=PWMargam destination=APRS packet=PWMargam>APRS,TCPIP*,qAC,GLIDERN1:>115033h v20260707 OGN-R/PilotAware
CANDIDATE source=PWBrig destination=OGNSDR packet=PWBrig>OGNSDR,TCPIP*,qAC,GLIDERN1:>114904h v0.3.2.ARM CPU:2.4 RAM:375.0/971.1MB NTP:0.5ms/-9.8ppm +50.3C EGM96:+50m 0/0Acfts[1h] RF:-1+0.3ppm/+5.59dB
CANDIDATE source=PWBrig destination=APRS packet=PWBrig>APRS,TCPIP*,qAC,GLIDERN1:>115033h v20260707 OGN-R/PilotAware
CANDIDATE source=PWTolland destination=OGNSDR packet=PWTolland>OGNSDR,TCPIP*,qAC,GLIDERN2:>114904h v0.3.2.ARM CPU:1.9 RAM:378.7/971.1MB NTP:0.9ms/+1.7ppm +60.0C EGM96:+51m 6/6Acfts[1h] Lat:1.6s RF:+0+0.2ppm/-1.81dB/+16.7dB@10km[3326]/+19.7dB@10km[3/6]
CANDIDATE source=PWTolland destination=APRS packet=PWTolland>APRS,TCPIP*,qAC,GLIDERN2:>115034h v20260707 OGN-R/PilotAware
CANDIDATE source=PWThame destination=OGNSDR packet=PWThame>OGNSDR,TCPIP*,qAC,GLIDERN1:>114900h v0.3.2.ARM CPU:1.6 RAM:309.7/971.1MB NTP:1.0ms/-3.2ppm +58.5C EGM96:+47m 1/1Acfts[1h] RF:+0+0.0ppm/+1.55dB/-0.8dB@10km[38]/+2.0dB@10km[1/2]
CANDIDATE source=PWThame destination=APRS packet=PWThame>APRS,TCPIP*,qAC,GLIDERN1:>115034h v20260707 OGN-R/PilotAware
CANDIDATE source=PWWhitfie destination=OGNSDR packet=PWWhitfie>OGNSDR,TCPIP*,qAC,GLIDERN2:>114909h v0.3.2.ARM CPU:1.5 RAM:355.4/971.1MB NTP:1.4ms/-6.9ppm +59.1C EGM96:+45m 0/0Acfts[1h] RF:+0+0.1ppm/-0.91dB
CANDIDATE source=PWWhitfie destination=APRS packet=PWWhitfie>APRS,TCPIP*,qAC,GLIDERN2:>115035h v20260707 OGN-R/PilotAware
CANDIDATE source=PWEshott destination=OGNSDR packet=PWEshott>OGNSDR,TCPIP*,qAC,GLIDERN1:>114903h v0.3.2.ARM CPU:1.8 RAM:383.0/971.1MB NTP:1.2ms/-11.2ppm +50.3C EGM96:+50m 1/1Acfts[1h] RF:-1+0.2ppm/-1.50dB/+24.5dB@10km[1367]/+24.5dB@10km[1/1]
CANDIDATE source=PWEshott destination=APRS packet=PWEshott>APRS,TCPIP*,qAC,GLIDERN1:>115035h v20260707 OGN-R/PilotAware
CANDIDATE source=PWVerchoq destination=OGNSDR packet=PWVerchoq>OGNSDR,TCPIP*,qAC,GLIDERN2:>114906h v0.3.2.ARM CPU:3.6 RAM:313.3/971.1MB NTP:0.4ms/-2.0ppm +62.3C EGM96:+44m 0/0Acfts[1h] RF:+0-0.7ppm/-2.67dB
CANDIDATE source=PWVerchoq destination=APRS packet=PWVerchoq>APRS,TCPIP*,qAC,GLIDERN2:>115035h v20260707 OGN-R/PilotAware
CANDIDATE source=PWUKHAD destination=OGNSDR packet=PWUKHAD>OGNSDR,TCPIP*,qAC,GLIDERN2:>114912h v0.3.2.ARM CPU:2.3 RAM:339.9/971.1MB NTP:3.4ms/-5.9ppm +62.3C EGM96:+50m 1/1Acfts[1h] RF:+0-0.5ppm/-1.32dB/+11.3dB@10km[1026]/+11.3dB@10km[1/1]
CANDIDATE source=PWUKHAD destination=APRS packet=PWUKHAD>APRS,TCPIP*,qAC,GLIDERN2:>115035h v20260707 OGN-R/PilotAware
CANDIDATE source=PWLASHAM destination=OGNSDR packet=PWLASHAM>OGNSDR,TCPIP*,qAC,GLIDERN3:>114909h v0.3.2.ARM CPU:3.5 RAM:275.8/971.1MB NTP:0.3ms/-8.4ppm +66.6C EGM96:+46m 831/831Acfts[1h] Lat:1.8s RF:-1+0.4ppm/+4.11dB/-1.6dB@10km[21349]/-0.7dB@10km[115/230]
CANDIDATE source=PWLASHAM destination=APRS packet=PWLASHAM>APRS,TCPIP*,qAC,GLIDERN3:>115035h v20260707 OGN-R/PilotAware
CANDIDATE source=PWATOMANN destination=OGNSDR packet=PWATOMANN>OGNSDR,TCPIP*,qAC,GLIDERN1:>114900h v0.3.2.ARM CPU:1.7 RAM:389.1/971.1MB NTP:1.6ms/+0.4ppm +55.8C EGM96:+55m 0/0Acfts[1h] RF:-3-0.3ppm/+7.29dB
CANDIDATE source=PWATOMANN destination=APRS packet=PWATOMANN>APRS,TCPIP*,qAC,GLIDERN1:>115035h v20260707 OGN-R/PilotAware
CANDIDATE source=PWStratha destination=OGNSDR packet=PWStratha>OGNSDR,TCPIP*,qAC,GLIDERN2:>114905h v0.3.2.ARM CPU:1.4 RAM:370.2/971.1MB NTP:0.2ms/-1.3ppm +46.5C EGM96:+54m 0/0Acfts[1h] RF:+0+0.2ppm/+6.91dB
CANDIDATE source=PWStratha destination=APRS packet=PWStratha>APRS,TCPIP*,qAC,GLIDERN2:>115035h v20260707 OGN-R/PilotAware
CANDIDATE source=PWKngsLyn destination=OGNSDR packet=PWKngsLyn>OGNSDR,TCPIP*,qAC,GLIDERN3:>114907h v0.3.2.ARM CPU:5.7 RAM:304.8/971.1MB NTP:1.5ms/-9.5ppm +54.8C EGM96:+46m 3/3Acfts[1h] Lat:1.7s RF:-3+0.2ppm/+5.40dB/+14.9dB@10km[52]/+17.0dB@10km[3/5]
CANDIDATE source=PWKngsLyn destination=APRS packet=PWKngsLyn>APRS,TCPIP*,qAC,GLIDERN3:>115036h v20260707 OGN-R/PilotAware
CANDIDATE source=PWEGWC destination=OGNSDR packet=PWEGWC>OGNSDR,TCPIP*,qAC,GLIDERN1:>114912h v0.3.2.ARM CPU:2.3 RAM:289.0/971.1MB NTP:2.2ms/-4.9ppm +59.6C EGM96:+51m 3/3Acfts[1h] Lat:1.6s RF:+0-0.6ppm/+3.52dB/+9.5dB@10km[4166]/+12.0dB@10km[3/6]
CANDIDATE source=PWEGWC destination=APRS packet=PWEGWC>APRS,TCPIP*,qAC,GLIDERN1:>115036h v20260707 OGN-R/PilotAware
CANDIDATE source=PWEGOS destination=OGNSDR packet=PWEGOS>OGNSDR,TCPIP*,qAC,GLIDERN2:>114909h v0.3.2.ARM CPU:3.2 RAM:355.1/971.1MB NTP:1.9ms/-5.3ppm +60.1C EGM96:+52m 10/10Acfts[1h] Lat:1.6s RF:-2-1.6ppm/-2.32dB/+11.1dB@10km[17234]/+14.2dB@10km[8/16]
CANDIDATE source=PWEGOS destination=APRS packet=PWEGOS>APRS,TCPIP*,qAC,GLIDERN2:>115036h v20260707 OGN-R/PilotAware
CANDIDATE source=PWDARLEY destination=OGNSDR packet=PWDARLEY>OGNSDR,TCPIP*,qAC,GLIDERN3:>114905h v0.3.2.ARM CPU:3.0 RAM:325.5/971.1MB NTP:0.6ms/-5.0ppm +47.1C EGM96:+50m 8/8Acfts[1h] Lat:1.6s RF:+0+0.2ppm/-0.84dB/+23.4dB@10km[622]/+25.9dB@10km[12/24]
CANDIDATE source=PWDARLEY destination=APRS packet=PWDARLEY>APRS,TCPIP*,qAC,GLIDERN3:>115036h v20260707 OGN-R/PilotAware
CANDIDATE source=PWEASTON destination=OGNSDR packet=PWEASTON>OGNSDR,TCPIP*,qAC,GLIDERN2:>114904h v0.3.2.ARM CPU:2.4 RAM:351.4/971.1MB NTP:0.7ms/-3.4ppm +73.6C EGM96:+51m 0/0Acfts[1h] RF:-1+0.1ppm/-2.13dB
CANDIDATE source=PWEASTON destination=APRS packet=PWEASTON>APRS,TCPIP*,qAC,GLIDERN2:>115036h v20260707 OGN-R/PilotAware
CANDIDATE source=PWGtYrmth destination=OGNSDR packet=PWGtYrmth>OGNSDR,TCPIP*,qAC,GLIDERN3:>114902h v0.3.2.ARM CPU:3.2 RAM:320.8/971.1MB NTP:0.8ms/-7.9ppm +49.4C EGM96:+45m 0/0Acfts[1h] RF:-3+0.2ppm/+4.52dB
CANDIDATE source=PWGtYrmth destination=APRS packet=PWGtYrmth>APRS,TCPIP*,qAC,GLIDERN3:>115036h v20260707 OGN-R/PilotAware
CANDIDATE source=PWPnctlnd destination=OGNSDR packet=PWPnctlnd>OGNSDR,TCPIP*,qAC,GLIDERN2:>114912h v0.3.2.ARM CPU:1.4 RAM:420.8/971.1MB NTP:0.5ms/-5.3ppm +74.1C EGM96:+52m 0/0Acfts[1h] RF:+36-7.6ppm/-1.41dB/+14.7dB@10km[9]/+14.7dB@10km[1/1]
CANDIDATE source=PWPnctlnd destination=APRS packet=PWPnctlnd>APRS,TCPIP*,qAC,GLIDERN2:>115037h v20260707 OGN-R/PilotAware
CANDIDATE source=PWukBER destination=OGNSDR packet=PWukBER>OGNSDR,TCPIP*,qAC,GLIDERN3:>114914h v0.3.2.ARM CPU:1.2 RAM:392.4/971.1MB NTP:0.5ms/-0.8ppm +49.2C EGM96:+50m 0/0Acfts[1h] RF:-2-0.3ppm/-1.92dB
CANDIDATE source=PWukBER destination=APRS packet=PWukBER>APRS,TCPIP*,qAC,GLIDERN3:>115037h v20260707 OGN-R/PilotAware
CANDIDATE source=PWWantsum destination=OGNSDR packet=PWWantsum>OGNSDR,TCPIP*,qAC,GLIDERN2:>114913h v0.3.2.ARM CPU:3.6 RAM:442.2/972.4MB NTP:0.3ms/+2.4ppm +57.8C EGM96:+45m 0/0Acfts[1h] RF:+0-0.5ppm/+1.01dB/+10.2dB@10km[4]/+13.2dB@10km[1/2]
CANDIDATE source=PWWantsum destination=APRS packet=PWWantsum>APRS,TCPIP*,qAC,GLIDERN2:>115037h v20260707 OGN-R/PilotAware
CANDIDATE source=PWJO63nk destination=OGNSDR packet=PWJO63nk>OGNSDR,TCPIP*,qAC,GLIDERN2:>114908h v0.3.2.ARM CPU:1.4 RAM:422.8/971.1MB NTP:1.1ms/-1.9ppm +56.8C EGM96:+38m 0/0Acfts[1h] RF:+123+57.1ppm/-1.58dB
CANDIDATE source=PWJO63nk destination=APRS packet=PWJO63nk>APRS,TCPIP*,qAC,GLIDERN2:>115037h v20260707 OGN-R/PilotAware
CANDIDATE source=PWAIRSIDE destination=OGNSDR packet=PWAIRSIDE>OGNSDR,TCPIP*,qAC,GLIDERN1:>114911h v0.3.2.ARM CPU:2.6 RAM:405.1/971.1MB NTP:1.5ms/-6.8ppm +61.2C EGM96:+51m 5/5Acfts[1h] Lat:32.9s RF:-4+2.0ppm/+2.43dB/+4.0dB@10km[7684]/+13.9dB@10km[4/8]
CANDIDATE source=PWAIRSIDE destination=APRS packet=PWAIRSIDE>APRS,TCPIP*,qAC,GLIDERN1:>115038h v20260707 OGN-R/PilotAware
CANDIDATE source=PWAlfretn destination=OGNSDR packet=PWAlfretn>OGNSDR,TCPIP*,qAC,GLIDERN1:>114914h v0.3.2.ARM CPU:3.4 RAM:342.3/971.1MB NTP:0.2ms/-5.8ppm +60.5C EGM96:+50m 0/0Acfts[1h] RF:-4+0.0ppm/+5.15dB/-11.6dB@10km[3]/-11.6dB@10km[1/1]
CANDIDATE source=PWAlfretn destination=APRS packet=PWAlfretn>APRS,TCPIP*,qAC,GLIDERN1:>115039h v20260707 OGN-R/PilotAware
CANDIDATE source=PWBooker destination=OGNSDR packet=PWBooker>OGNSDR,TCPIP*,qAC,GLIDERN3:>114918h v0.3.2.ARM CPU:1.8 RAM:349.0/971.1MB NTP:0.2ms/-1.0ppm +43.3C EGM96:+47m 4/5Acfts[1h] Lat:1.9s RF:+44-0.3ppm/-0.05dB/+13.4dB@10km[3501]/+20.6dB@10km[6/11]
CANDIDATE source=PWBooker destination=APRS packet=PWBooker>APRS,TCPIP*,qAC,GLIDERN3:>115039h v20260707 OGN-R/PilotAware
SERVER # aprsc 2.1.20-gf.5-g0178a1b 16 Sep 2026 11:50:39 GMT GLIDERN3 85.188.1.173:14580
CANDIDATE source=PWUKMUD destination=OGNSDR packet=PWUKMUD>OGNSDR,TCPIP*,qAC,GLIDERN3:>114914h v0.3.2.ARM CPU:1.0 RAM:367.6/971.1MB NTP:0.4ms/-0.2ppm +53.0C EGM96:+52m 0/0Acfts[1h] RF:+0+18.4ppm/-2.21dB
CANDIDATE source=PWUKMUD destination=APRS packet=PWUKMUD>APRS,TCPIP*,qAC,GLIDERN3:>115039h v20260707 OGN-R/PilotAware
CANDIDATE source=PWEDVI destination=OGNSDR packet=PWEDVI>OGNSDR,TCPIP*,qAC,GLIDERN3:>114916h v0.3.2.ARM CPU:7.2 RAM:323.2/971.1MB NTP:1.6ms/-8.8ppm +68.8C EGM96:+45m 4/4Acfts[1h] Lat:2.1s RF:-1-0.2ppm/-1.23dB/+15.6dB@10km[2940]/+18.9dB@10km[5/10]
CANDIDATE source=PWEDVI destination=APRS packet=PWEDVI>APRS,TCPIP*,qAC,GLIDERN3:>115039h v20260707 OGN-R/PilotAware
CANDIDATE source=PWAbergav destination=OGNSDR packet=PWAbergav>OGNSDR,TCPIP*,qAC,GLIDERN2:>114617h v0.3.2.ARM CPU:2.3 RAM:392.6/971.1MB NTP:2.3ms/-11.9ppm +60.7C EGM96:+52m 3/3Acfts[1h] RF:-3-0.2ppm/-0.25dB/+14.8dB@10km[1611]/+25.6dB@10km[2/4]
CANDIDATE source=PWAbergav destination=APRS packet=PWAbergav>APRS,TCPIP*,qAC,GLIDERN2:>115039h v20260707 OGN-R/PilotAware
CANDIDATE source=PWFishrwk destination=OGNSDR packet=PWFishrwk>OGNSDR,TCPIP*,qAC,GLIDERN1:>114912h v0.3.2.ARM CPU:1.5 RAM:375.5/971.1MB NTP:2.4ms/-7.3ppm +65.5C EGM96:+50m 0/0Acfts[1h] RF:+0-0.4ppm/-0.48dB
CANDIDATE source=PWFishrwk destination=APRS packet=PWFishrwk>APRS,TCPIP*,qAC,GLIDERN1:>115040h v20260707 OGN-R/PilotAware
CANDIDATE source=PWSALTBY destination=OGNSDR packet=PWSALTBY>OGNSDR,TCPIP*,qAC,GLIDERN2:>114916h v0.3.2.ARM CPU:1.1 RAM:366.5/971.1MB NTP:1.6ms/-1.2ppm +41.7C EGM96:+48m 11/11Acfts[1h] Lat:5.3s RF:+61+0.0ppm/+0.63dB/+5.7dB@10km[7002]/+13.7dB@10km[12/24]
CANDIDATE source=PWSALTBY destination=APRS packet=PWSALTBY>APRS,TCPIP*,qAC,GLIDERN2:>115040h v20260707 OGN-R/PilotAware
CANDIDATE source=PWEGPT destination=OGNSDR packet=PWEGPT>OGNSDR,TCPIP*,qAC,GLIDERN1:>114915h v0.3.2.ARM CPU:1.9 RAM:384.6/971.1MB NTP:0.7ms/-3.2ppm +51.9C EGM96:+53m 0/0Acfts[1h] RF:+135+66.2ppm/-15.56dB
CANDIDATE source=PWEGPT destination=APRS packet=PWEGPT>APRS,TCPIP*,qAC,GLIDERN1:>115040h v20260707 OGN-R/PilotAware
CANDIDATE source=PWOthertn destination=OGNSDR packet=PWOthertn>OGNSDR,TCPIP*,qAC,GLIDERN2:>114911h v0.3.2.ARM CPU:2.7 RAM:316.3/971.1MB NTP:1.5ms/-7.5ppm +66.6C EGM96:+51m 4/4Acfts[1h] Lat:1.6s RF:+0-0.6ppm/-0.62dB/+15.5dB@10km[962]/+15.8dB@10km[3/6]
CANDIDATE source=PWOthertn destination=APRS packet=PWOthertn>APRS,TCPIP*,qAC,GLIDERN2:>115040h v20260707 OGN-R/PilotAware
CANDIDATE source=PWKirkbym destination=OGNSDR packet=PWKirkbym>OGNSDR,TCPIP*,qAC,GLIDERN2:>114916h v0.3.2.ARM CPU:1.4 RAM:387.8/971.1MB NTP:0.3ms/+0.5ppm +53.0C EGM96:+48m 17/17Acfts[1h] Lat:1.9s RF:+0-0.7ppm/-1.22dB/+17.9dB@10km[13132]/+18.8dB@10km[12/24]
CANDIDATE source=PWKirkbym destination=APRS packet=PWKirkbym>APRS,TCPIP*,qAC,GLIDERN2:>115040h v20260707 OGN-R/PilotAware
CANDIDATE source=PWLuckbfm destination=OGNSDR packet=PWLuckbfm>OGNSDR,TCPIP*,qAC,GLIDERN2:>114917h v0.3.2.ARM CPU:2.2 RAM:359.5/971.1MB NTP:0.5ms/+5.5ppm +50.8C EGM96:+53m 0/0Acfts[1h] RF:+0-0.6ppm/+2.91dB
CANDIDATE source=PWLuckbfm destination=APRS packet=PWLuckbfm>APRS,TCPIP*,qAC,GLIDERN2:>115041h v20260707 OGN-R/PilotAware
CANDIDATE source=PWMurg destination=OGNSDR packet=PWMurg>OGNSDR,TCPIP*,qAC,GLIDERN2:>114917h v0.3.2.ARM CPU:5.2 RAM:363.9/971.1MB NTP:1.5ms/-1.8ppm +47.1C EGM96:+46m 2/3Acfts[1h] Lat:1.9s RF:+0-0.8ppm/+2.86dB/+19.2dB@10km[432]/+19.4dB@10km[2/4]
CANDIDATE source=PWMurg destination=APRS packet=PWMurg>APRS,TCPIP*,qAC,GLIDERN2:>115041h v20260707 OGN-R/PilotAware
CANDIDATE source=PWWoodcot destination=OGNSDR packet=PWWoodcot>OGNSDR,TCPIP*,qAC,GLIDERN1:>114916h v0.3.2.ARM CPU:4.1 RAM:347.9/971.1MB NTP:0.6ms/-5.6ppm +61.6C EGM96:+47m 1/1Acfts[1h] RF:+28+1.4ppm/+1.78dB/+10.2dB@10km[1]/+10.2dB@10km[1/1]
CANDIDATE source=PWWoodcot destination=APRS packet=PWWoodcot>APRS,TCPIP*,qAC,GLIDERN1:>115041h v20260707 OGN-R/PilotAware
CANDIDATE source=PWKingsto destination=OGNSDR packet=PWKingsto>OGNSDR,TCPIP*,qAC,GLIDERN3:>114917h v0.3.2.ARM CPU:1.3 RAM:438.1/971.1MB NTP:0.4ms/-0.7ppm +54.1C EGM96:+51m 0/0Acfts[1h] RF:+68+0.0ppm/-1.28dB
CANDIDATE source=PWKingsto destination=APRS packet=PWKingsto>APRS,TCPIP*,qAC,GLIDERN3:>115042h v20260707 OGN-R/PilotAware
CANDIDATE source=PWNorton destination=OGNSDR packet=PWNorton>OGNSDR,TCPIP*,qAC,GLIDERN1:>114837h v0.3.2.ARM CPU:1.1 RAM:344.7/971.1MB NTP:0.5ms/+0.8ppm +48.7C EGM96:+48m 6/6Acfts[1h] RF:+28-0.0ppm/-0.75dB/+14.8dB@10km[6632]/+20.8dB@10km[8/15]
CANDIDATE source=PWNorton destination=APRS packet=PWNorton>APRS,TCPIP*,qAC,GLIDERN1:>115042h v20260707 OGN-R/PilotAware
CANDIDATE source=PWMontros destination=OGNSDR packet=PWMontros>OGNSDR,TCPIP*,qAC,GLIDERN3:>114916h v0.3.2.ARM CPU:2.5 RAM:376.1/971.1MB NTP:0.5ms/-4.2ppm +55.1C EGM96:+51m 0/0Acfts[1h] RF:+35+0.3ppm/-1.59dB
CANDIDATE source=PWMontros destination=APRS packet=PWMontros>APRS,TCPIP*,qAC,GLIDERN3:>115042h v20260707 OGN-R/PilotAware
CANDIDATE source=PWSARUMHH destination=OGNSDR packet=PWSARUMHH>OGNSDR,TCPIP*,qAC,GLIDERN1:>114916h v0.3.2.ARM CPU:1.2 RAM:396.8/971.1MB NTP:0.7ms/-3.2ppm +56.2C EGM96:+48m 2/2Acfts[1h] Lat:1.9s RF:+0-0.3ppm/+4.50dB/+2.7dB@10km[177]/+9.4dB@10km[2/3]
CANDIDATE source=PWSARUMHH destination=APRS packet=PWSARUMHH>APRS,TCPIP*,qAC,GLIDERN1:>115042h v20260707 OGN-R/PilotAware
CANDIDATE source=PWEGSF destination=OGNSDR packet=PWEGSF>OGNSDR,TCPIP*,qAC,GLIDERN1:>114914h v0.3.2.ARM CPU:4.7 RAM:359.9/971.1MB NTP:1.8ms/-0.7ppm +53.7C EGM96:+47m 3/3Acfts[1h] RF:+49+0.4ppm/+4.11dB/+10.1dB@10km[546]/+13.5dB@10km[5/10]
CANDIDATE source=PWEGSF destination=APRS packet=PWEGSF>APRS,TCPIP*,qAC,GLIDERN1:>115042h v20260707 OGN-R/PilotAware
CANDIDATE source=PWWisbech destination=OGNSDR packet=PWWisbech>OGNSDR,TCPIP*,qAC,GLIDERN2:>114916h v0.3.2.ARM CPU:1.8 RAM:367.9/971.1MB NTP:0.3ms/+2.9ppm +55.1C EGM96:+46m 6/6Acfts[1h] Lat:1.8s RF:+0-0.5ppm/-1.04dB/+16.8dB@10km[7270]/+19.1dB@10km[10/19]
CANDIDATE source=PWWisbech destination=APRS packet=PWWisbech>APRS,TCPIP*,qAC,GLIDERN2:>115042h v20260707 OGN-R/PilotAware
CANDIDATE source=PWEGBW destination=OGNSDR packet=PWEGBW>OGNSDR,TCPIP*,qAC,GLIDERN2:>114921h v0.3.2.ARM CPU:5.6 RAM:338.4/971.1MB NTP:3.9ms/-1.6ppm +63.8C EGM96:+49m 4/4Acfts[1h] RF:-1+0.1ppm/-1.78dB/+13.3dB@10km[723]/+18.5dB@10km[4/8]
CANDIDATE source=PWEGBW destination=APRS packet=PWEGBW>APRS,TCPIP*,qAC,GLIDERN2:>115042h v20260707 OGN-R/PilotAware
CANDIDATE source=PWDarland destination=OGNSDR packet=PWDarland>OGNSDR,TCPIP*,qAC,GLIDERN3:>114922h v0.3.2.ARM CPU:7.9 RAM:322.4/971.1MB NTP:0.4ms/+4.6ppm +57.8C EGM96:+45m 1/1Acfts[1h] RF:-1+0.2ppm/+11.16dB/+17.2dB@10km[14]/+17.3dB@10km[1/2]
CANDIDATE source=PWDarland destination=APRS packet=PWDarland>APRS,TCPIP*,qAC,GLIDERN3:>115042h v20260707 OGN-R/PilotAware
CANDIDATE source=PWUKABZ destination=OGNSDR packet=PWUKABZ>OGNSDR,TCPIP*,qAC,GLIDERN1:>114917h v0.3.2.ARM CPU:1.5 RAM:411.8/971.1MB NTP:0.3ms/+0.8ppm +42.2C EGM96:+50m 0/0Acfts[1h] RF:+0-0.7ppm/+4.72dB
CANDIDATE source=PWUKABZ destination=APRS packet=PWUKABZ>APRS,TCPIP*,qAC,GLIDERN1:>115043h v20260707 OGN-R/PilotAware
CANDIDATE source=PWGilwern destination=OGNSDR packet=PWGilwern>OGNSDR,TCPIP*,qAC,GLIDERN1:>114918h v0.3.2.ARM CPU:1.9 RAM:399.8/971.1MB NTP:1.1ms/-6.1ppm +62.7C EGM96:+52m 0/0Acfts[1h] RF:-2-0.6ppm/+4.24dB
CANDIDATE source=PWGilwern destination=APRS packet=PWGilwern>APRS,TCPIP*,qAC,GLIDERN1:>115043h v20260707 OGN-R/PilotAware
CANDIDATE source=PWUKmil destination=OGNSDR packet=PWUKmil>OGNSDR,TCPIP*,qAC,GLIDERN2:>114918h v0.3.2.ARM CPU:2.3 RAM:381.6/971.1MB NTP:0.3ms/+0.4ppm +58.4C EGM96:+51m 0/0Acfts[1h] RF:+0+0.0ppm/-2.31dB/+18.7dB@10km[421]/+27.2dB@10km[1/2]
CANDIDATE source=PWUKmil destination=APRS packet=PWUKmil>APRS,TCPIP*,qAC,GLIDERN2:>115043h v20260707 OGN-R/PilotAware
CANDIDATE source=PWMrzezyn destination=OGNSDR packet=PWMrzezyn>OGNSDR,TCPIP*,qAC,GLIDERN3:>114919h v0.3.2.ARM CPU:3.0 RAM:370.3/971.1MB NTP:2.3ms/+7.3ppm +53.0C EGM96:+34m 0/0Acfts[1h] RF:+64-2.1ppm/+3.27dB
CANDIDATE source=PWMrzezyn destination=APRS packet=PWMrzezyn>APRS,TCPIP*,qAC,GLIDERN3:>115043h v20260707 OGN-R/PilotAware
CANDIDATE source=PWZoyland destination=OGNSDR packet=PWZoyland>OGNSDR,TCPIP*,qAC,GLIDERN1:>114919h v0.3.2.ARM CPU:5.7 RAM:339.4/971.1MB NTP:0.3ms/+3.8ppm +60.5C EGM96:+51m 9/9Acfts[1h] Lat:1.9s RF:-2-0.3ppm/-2.05dB/+16.4dB@10km[8964]/+20.8dB@10km[6/12]
CANDIDATE source=PWZoyland destination=APRS packet=PWZoyland>APRS,TCPIP*,qAC,GLIDERN1:>115043h v20260707 OGN-R/PilotAware
CANDIDATE source=PWUKPRK destination=OGNSDR packet=PWUKPRK>OGNSDR,TCPIP*,qAC,GLIDERN1:>114918h v0.3.2.ARM CPU:6.0 RAM:337.9/971.1MB NTP:1.0ms/+2.9ppm +58.9C EGM96:+49m 16/16Acfts[1h] Lat:2.0s RF:+55+0.1ppm/-1.61dB/+15.1dB@10km[16131]/+18.3dB@10km[9/17]
CANDIDATE source=PWUKPRK destination=APRS packet=PWUKPRK>APRS,TCPIP*,qAC,GLIDERN1:>115044h v20260707 OGN-R/PilotAware
CANDIDATE source=PWWhittng destination=OGNSDR packet=PWWhittng>OGNSDR,TCPIP*,qAC,GLIDERN2:>114914h v0.3.2.ARM CPU:0.8 RAM:400.0/971.1MB NTP:0.6ms/-0.5ppm +51.4C EGM96:+50m 0/0Acfts[1h] RF:+30-15.2ppm/-0.66dB/+13.9dB@10km[88]/+13.9dB@10km[1/1]
CANDIDATE source=PWWhittng destination=APRS packet=PWWhittng>APRS,TCPIP*,qAC,GLIDERN2:>115044h v20260707 OGN-R/PilotAware
CANDIDATE source=PWAMPNEY destination=OGNSDR packet=PWAMPNEY>OGNSDR,TCPIP*,qAC,GLIDERN3:>114918h v0.3.2.ARM CPU:3.4 RAM:320.5/971.1MB NTP:0.4ms/+1.1ppm +51.9C EGM96:+49m 0/0Acfts[1h] RF:-1+0.0ppm/-2.00dB/+9.7dB@10km[217]/+9.7dB@10km[1/1]
CANDIDATE source=PWAMPNEY destination=APRS packet=PWAMPNEY>APRS,TCPIP*,qAC,GLIDERN3:>115044h v20260707 OGN-R/PilotAware
CANDIDATE source=PWEverton destination=OGNSDR packet=PWEverton>OGNSDR,TCPIP*,qAC,GLIDERN1:>114819h v0.3.2.ARM CPU:2.8 RAM:335.8/971.1MB NTP:1.8ms/+0.2ppm +55.1C EGM96:+47m 4/4Acfts[1h] Lat:1.8s RF:+0-0.2ppm/+3.79dB/+7.6dB@10km[3902]/+13.7dB@10km[5/9]
CANDIDATE source=PWEverton destination=APRS packet=PWEverton>APRS,TCPIP*,qAC,GLIDERN1:>115045h v20260707 OGN-R/PilotAware
CANDIDATE source=PWBREWOOD destination=OGNSDR packet=PWBREWOOD>OGNSDR,TCPIP*,qAC,GLIDERN3:>114921h v0.3.2.ARM CPU:4.0 RAM:339.8/971.1MB NTP:0.2ms/+5.3ppm +67.0C EGM96:+51m 1/1Acfts[1h] RF:+0-0.4ppm/-1.40dB/+13.5dB@10km[37]/+13.5dB@10km[1/1]
CANDIDATE source=PWBREWOOD destination=APRS packet=PWBREWOOD>APRS,TCPIP*,qAC,GLIDERN3:>115045h v20260707 OGN-R/PilotAware
CANDIDATE source=PWUKMBU destination=OGNSDR packet=PWUKMBU>OGNSDR,TCPIP*,qAC,GLIDERN1:>114917h v0.3.2.ARM CPU:2.6 RAM:339.1/971.1MB NTP:0.2ms/+2.7ppm +47.1C EGM96:+49m 0/0Acfts[1h] RF:+0+0.0ppm/+3.61dB
CANDIDATE source=PWUKMBU destination=APRS packet=PWUKMBU>APRS,TCPIP*,qAC,GLIDERN1:>115045h v20260707 OGN-R/PilotAware
CANDIDATE source=PWEGHJ destination=OGNSDR packet=PWEGHJ>OGNSDR,TCPIP*,qAC,GLIDERN2:/114719h5040.55NI00106.32W&/A=000072
CANDIDATE source=PWEGHJ destination=APRS packet=PWEGHJ>APRS,TCPIP*,qAC,GLIDERN2:>115045h v20260707 OGN-R/PilotAware
CANDIDATE source=PWEGNF destination=OGNSDR packet=PWEGNF>OGNSDR,TCPIP*,qAC,GLIDERN1:>114920h v0.3.2.ARM CPU:3.1 RAM:374.8/971.1MB NTP:2.6ms/+1.6ppm +60.5C EGM96:+49m 6/6Acfts[1h] RF:+0-0.2ppm/-1.75dB/+18.5dB@10km[1384]/+23.0dB@10km[11/21]
CANDIDATE source=PWEGNF destination=APRS packet=PWEGNF>APRS,TCPIP*,qAC,GLIDERN1:>115046h v20260707 OGN-R/PilotAware
CANDIDATE source=PWEGXE destination=OGNSDR packet=PWEGXE>OGNSDR,TCPIP*,qAC,GLIDERN1:>114918h v0.3.2.ARM CPU:2.4 RAM:406.7/971.1MB NTP:0.5ms/-6.0ppm +60.1C EGM96:+50m 9/9Acfts[1h] Lat:1.8s RF:+0-0.3ppm/-0.05dB/+14.5dB@10km[17039]/+16.8dB@10km[7/14]
CANDIDATE source=PWEGXE destination=APRS packet=PWEGXE>APRS,TCPIP*,qAC,GLIDERN1:>115046h v20260707 OGN-R/PilotAware
CANDIDATE source=PWwmlaasd destination=OGNSDR packet=PWwmlaasd>OGNSDR,TCPIP*,qAC,GLIDERN3:>114913h v0.3.2.ARM CPU:3.5 RAM:389.9/971.1MB NTP:1.3ms/-1.7ppm +46.5C EGM96:+51m 0/0Acfts[1h] RF:+0-0.7ppm/+3.42dB/+5.6dB@10km[96]/+5.6dB@10km[1/1]
CANDIDATE source=PWwmlaasd destination=APRS packet=PWwmlaasd>APRS,TCPIP*,qAC,GLIDERN3:>115046h v20260707 OGN-R/PilotAware
CANDIDATE source=PWCaradoc destination=OGNSDR packet=PWCaradoc>OGNSDR,TCPIP*,qAC,GLIDERN3:>114918h v0.3.2.ARM CPU:2.9 RAM:391.2/971.1MB NTP:0.9ms/+1.3ppm +55.1C EGM96:+52m 0/0Acfts[1h] RF:+0+0.0ppm/+4.27dB
CANDIDATE source=PWCaradoc destination=APRS packet=PWCaradoc>APRS,TCPIP*,qAC,GLIDERN3:>115047h v20260707 OGN-R/PilotAware
CANDIDATE source=PWGROVEFM destination=OGNSDR packet=PWGROVEFM>OGNSDR,TCPIP*,qAC,GLIDERN2:>114921h v0.3.2.ARM CPU:3.9 RAM:428.9/971.1MB NTP:0.3ms/-0.8ppm +58.4C EGM96:+45m 0/0Acfts[1h] RF:-3-0.2ppm/-1.70dB
CANDIDATE source=PWGROVEFM destination=APRS packet=PWGROVEFM>APRS,TCPIP*,qAC,GLIDERN2:>115047h v20260707 OGN-R/PilotAware
CANDIDATE source=PWAldersh destination=OGNSDR packet=PWAldersh>OGNSDR,TCPIP*,qAC,GLIDERN2:>114914h v0.3.2.ARM CPU:1.4 RAM:300.1/971.1MB NTP:0.8ms/+8.4ppm +51.4C EGM96:+46m 50/50Acfts[1h] Lat:2.0s RF:+0+0.0ppm/+5.24dB/+16.2dB@10km[5179]/+16.4dB@10km[30/60]
CANDIDATE source=PWAldersh destination=APRS packet=PWAldersh>APRS,TCPIP*,qAC,GLIDERN2:>115047h v20260707 OGN-R/PilotAware
CANDIDATE source=PWRossall destination=OGNSDR packet=PWRossall>OGNSDR,TCPIP*,qAC,GLIDERN1:>114913h v0.3.2.ARM CPU:3.1 RAM:309.4/971.1MB NTP:1.7ms/-0.6ppm +58.0C EGM96:+52m 6/6Acfts[1h] RF:+0-0.2ppm/-1.22dB/+20.8dB@10km[9505]/+21.2dB@10km[4/7]
CANDIDATE source=PWRossall destination=APRS packet=PWRossall>APRS,TCPIP*,qAC,GLIDERN1:>115047h v20260707 OGN-R/PilotAware
CANDIDATE source=PWMynd destination=OGNSDR packet=PWMynd>OGNSDR,TCPIP*,qAC,GLIDERN2:>114925h v0.3.2.ARM CPU:7.6 RAM:380.7/971.1MB NTP:0.7ms/+0.7ppm +55.7C EGM96:+52m 6/6Acfts[1h] Lat:2.6s RF:-3-0.6ppm/-1.26dB/+16.2dB@10km[5259]/+19.0dB@10km[5/10]
CANDIDATE source=PWMynd destination=APRS packet=PWMynd>APRS,TCPIP*,qAC,GLIDERN2:>115047h v20260707 OGN-R/PilotAware
CANDIDATE source=PWHewish destination=OGNSDR packet=PWHewish>OGNSDR,TCPIP*,qAC,GLIDERN2:>114921h v0.3.2.ARM CPU:2.1 RAM:371.0/971.1MB NTP:1.1ms/-9.9ppm +57.8C EGM96:+50m 5/5Acfts[1h] Lat:2.4s RF:+87-26.2ppm/+0.68dB/+15.5dB@10km[7745]/+21.5dB@10km[3/6]
CANDIDATE source=PWHewish destination=APRS packet=PWHewish>APRS,TCPIP*,qAC,GLIDERN2:>115048h v20260707 OGN-R/PilotAware
CANDIDATE source=PWEGSU destination=OGNSDR packet=PWEGSU>OGNSDR,TCPIP*,qAC,GLIDERN1:>114923h v0.3.2.ARM CPU:7.5 RAM:359.4/971.1MB NTP:1.0ms/-3.1ppm +62.1C EGM96:+46m 3/3Acfts[1h] Lat:2.1s RF:+0-0.5ppm/+4.05dB/+3.8dB@10km[40]/+11.0dB@10km[3/5]
CANDIDATE source=PWEGSU destination=APRS packet=PWEGSU>APRS,TCPIP*,qAC,GLIDERN1:>115049h v20260707 OGN-R/PilotAware
CANDIDATE source=PWThirsk destination=OGNSDR packet=PWThirsk>OGNSDR,TCPIP*,qAC,GLIDERN2:>114921h v0.3.2.ARM CPU:4.0 RAM:340.8/971.1MB NTP:1.0ms/-8.3ppm +72.9C EGM96:+49m 7/7Acfts[1h] Lat:2.0s RF:-1+0.1ppm/+4.46dB/+5.4dB@10km[4236]/+7.6dB@10km[6/11]
CANDIDATE source=PWThirsk destination=APRS packet=PWThirsk>APRS,TCPIP*,qAC,GLIDERN2:>115049h v20260707 OGN-R/PilotAware
CANDIDATE source=PWFordham destination=OGNSDR packet=PWFordham>OGNSDR,TCPIP*,qAC,GLIDERN2:>114921h v0.3.2.ARM CPU:5.7 RAM:319.8/971.1MB NTP:0.6ms/+6.2ppm +55.1C EGM96:+46m 0/0Acfts[1h] RF:-1-0.2ppm/+8.12dB/+19.9dB@10km[7]/+19.9dB@10km[1/1]
CANDIDATE source=PWFordham destination=APRS packet=PWFordham>APRS,TCPIP*,qAC,GLIDERN2:>115049h v20260707 OGN-R/PilotAware
CANDIDATE source=PWChelt destination=OGNSDR packet=PWChelt>OGNSDR,TCPIP*,qAC,GLIDERN2:>114926h v0.3.2.ARM CPU:9.2 RAM:288.9/971.1MB NTP:2.7ms/-2.8ppm +42.2C EGM96:+49m 0/0Acfts[1h] RF:+0+73.3ppm/+5.00dB
CANDIDATE source=PWChelt destination=APRS packet=PWChelt>APRS,TCPIP*,qAC,GLIDERN2:>115050h v20260707 OGN-R/PilotAware
CANDIDATE source=PWUKDRL destination=OGNSDR packet=PWUKDRL>OGNSDR,TCPIP*,qAC,GLIDERN1:>114925h v0.3.2.ARM CPU:1.2 RAM:354.6/971.1MB NTP:2.3ms/-0.1ppm +43.3C EGM96:+48m 3/3Acfts[1h] Lat:1.8s RF:+1-0.7ppm/-1.82dB/+6.6dB@10km[5602]/+14.0dB@10km[4/8]
STATS seconds=131 packets=444 server_comments=8 matching_sources=444 parsed_receiver_packets=223 top_destinations=[OGNSDR:223, APRS:221]
CANDIDATE source=PWUKDRL destination=APRS packet=PWUKDRL>APRS,TCPIP*,qAC,GLIDERN1:>115050h v20260707 OGN-R/PilotAware
CANDIDATE source=PWegmt destination=OGNSDR packet=PWegmt>OGNSDR,TCPIP*,qAC,GLIDERN3:>114942h v0.3.2.ARM CPU:10.4 RAM:256.3/971.1MB NTP:1.7ms/-2.7ppm +68.1C EGM96:+46m 2/2Acfts[1h] RF:-1+0.2ppm/-1.11dB/+19.9dB@10km[228]/+20.4dB@10km[2/4]
CANDIDATE source=PWegmt destination=APRS packet=PWegmt>APRS,TCPIP*,qAC,GLIDERN3:>115051h v20260707 OGN-R/PilotAware
CANDIDATE source=PWPottern destination=OGNSDR packet=PWPottern>OGNSDR,TCPIP*,qAC,GLIDERN3:>114916h v0.3.2.ARM CPU:4.6 RAM:332.9/971.1MB NTP:10.8ms/-4.2ppm +60.1C EGM96:+48m 1/1Acfts[1h] RF:+27-3.2ppm/-0.64dB/+12.8dB@10km[113]/+13.0dB@10km[1/2]
CANDIDATE source=PWPottern destination=APRS packet=PWPottern>APRS,TCPIP*,qAC,GLIDERN3:>115051h v20260707 OGN-R/PilotAware
CANDIDATE source=PWUKCLK destination=OGNSDR packet=PWUKCLK>OGNSDR,TCPIP*,qAC,GLIDERN2:>115039h v0.3.2.ARM CPU:1.0 RAM:435.8/971.1MB NTP:1.4ms/-3.5ppm +61.2C EGM96:+45m 5/5Acfts[1h] Lat:1.6s RF:+24-0.9ppm/+4.19dB/-12.6dB@10km[249]/-9.3dB@10km[3/5]
CANDIDATE source=PWUKCLK destination=APRS packet=PWUKCLK>APRS,TCPIP*,qAC,GLIDERN2:>115051h v20260707 OGN-R/PilotAware
CANDIDATE source=PWCadwell destination=OGNSDR packet=PWCadwell>OGNSDR,TCPIP*,qAC,GLIDERN1:>114926h v0.3.2.ARM CPU:9.7 RAM:216.7/971.1MB NTP:0.4ms/+4.0ppm +57.3C EGM96:+47m 3/3Acfts[1h] Lat:3.0s RF:-1-0.5ppm/-0.13dB/+16.3dB@10km[1174]/+18.4dB@10km[3/5]
CANDIDATE source=PWCadwell destination=APRS packet=PWCadwell>APRS,TCPIP*,qAC,GLIDERN1:>115051h v20260707 OGN-R/PilotAware
CANDIDATE source=PWEdinbuW destination=OGNSDR packet=PWEdinbuW>OGNSDR,TCPIP*,qAC,GLIDERN1:>114928h v0.3.2.ARM CPU:4.2 RAM:353.9/971.1MB NTP:1.1ms/+5.0ppm +53.0C EGM96:+53m 11/11Acfts[1h] Lat:2.1s RF:+0+0.1ppm/-0.90dB/+19.4dB@10km[2934]/+20.0dB@10km[6/11]
CANDIDATE source=PWEdinbuW destination=APRS packet=PWEdinbuW>APRS,TCPIP*,qAC,GLIDERN1:>115052h v20260707 OGN-R/PilotAware
CANDIDATE source=PWUKLSW destination=OGNSDR packet=PWUKLSW>OGNSDR,TCPIP*,qAC,GLIDERN1:>114925h v0.3.2.ARM CPU:1.2 RAM:417.4/971.1MB NTP:0.3ms/+12.8ppm +47.1C EGM96:+48m 0/0Acfts[1h] RF:+0+0.0ppm/-0.92dB/-3.1dB@10km[6]/-3.1dB@10km[1/1]
CANDIDATE source=PWUKLSW destination=APRS packet=PWUKLSW>APRS,TCPIP*,qAC,GLIDERN1:>115052h v20260707 OGN-R/PilotAware
CANDIDATE source=PWUpavon destination=OGNSDR packet=PWUpavon>OGNSDR,TCPIP*,qAC,GLIDERN1:>114923h v0.3.2.ARM CPU:6.2 RAM:291.7/971.1MB NTP:5.8ms/+2.4ppm +69.3C EGM96:+48m 7/7Acfts[1h] RF:-2-4.0ppm/-3.19dB/+17.3dB@10km[11217]/+19.6dB@10km[9/18]
CANDIDATE source=PWUpavon destination=APRS packet=PWUpavon>APRS,TCPIP*,qAC,GLIDERN1:>115053h v20260707 OGN-R/PilotAware
CANDIDATE source=PWFrstn14 destination=OGNSDR packet=PWFrstn14>OGNSDR,TCPIP*,qAC,GLIDERN2:>114902h v0.3.2.ARM CPU:1.9 RAM:396.1/971.1MB NTP:1.1ms/-2.3ppm +64.5C EGM96:+45m 5/5Acfts[1h] Lat:1.6s RF:-1+0.2ppm/-2.26dB/+0.7dB@10km[562]/+1.6dB@10km[3/5]
CANDIDATE source=PWFrstn14 destination=APRS packet=PWFrstn14>APRS,TCPIP*,qAC,GLIDERN2:>115053h v20260707 OGN-R/PilotAware
CANDIDATE source=PWUKSE2 destination=OGNSDR packet=PWUKSE2>OGNSDR,TCPIP*,qAC,GLIDERN3:>115005h v0.3.2.ARM CPU:0.8 RAM:435.9/971.1MB NTP:2.2ms/+0.6ppm +60.7C EGM96:+51m 4/4Acfts[1h] Lat:1.6s RF:+0-0.4ppm/-0.85dB/+12.3dB@10km[477]/+12.2dB@10km[2/3]
CANDIDATE source=PWUKSE2 destination=APRS packet=PWUKSE2>APRS,TCPIP*,qAC,GLIDERN3:>115054h v20260707 OGN-R/PilotAware
CANDIDATE source=PWBostonW destination=OGNSDR packet=PWBostonW>OGNSDR,TCPIP*,qAC,GLIDERN2:>114926h v0.3.2.ARM CPU:6.2 RAM:332.1/971.1MB NTP:1.2ms/+3.0ppm +70.2C EGM96:+47m 11/11Acfts[1h] Lat:2.1s RF:+0-0.8ppm/+3.06dB/+16.2dB@10km[5565]/+19.2dB@10km[12/24]
CANDIDATE source=PWBostonW destination=APRS packet=PWBostonW>APRS,TCPIP*,qAC,GLIDERN2:>115055h v20260707 OGN-R/PilotAware
CANDIDATE source=PWEGPJ destination=OGNSDR packet=PWEGPJ>OGNSDR,TCPIP*,qAC,GLIDERN1:>114937h v0.3.2.ARM CPU:6.5 RAM:346.0/971.1MB NTP:2.7ms/+3.7ppm +66.4C EGM96:+53m 11/11Acfts[1h] Lat:2.8s RF:+0-0.4ppm/-0.94dB/+9.6dB@10km[27578]/+13.8dB@10km[6/12]
CANDIDATE source=PWEGPJ destination=APRS packet=PWEGPJ>APRS,TCPIP*,qAC,GLIDERN1:>115056h v20260707 OGN-R/PilotAware
CANDIDATE source=PWUKFAL destination=OGNSDR packet=PWUKFAL>OGNSDR,TCPIP*,qAC,GLIDERN2:>114928h v0.3.2.ARM CPU:2.5 RAM:396.0/971.1MB NTP:2.6ms/-4.5ppm +55.1C EGM96:+54m 0/0Acfts[1h] RF:+8+25.6ppm/-2.09dB
CANDIDATE source=PWUKFAL destination=APRS packet=PWUKFAL>APRS,TCPIP*,qAC,GLIDERN2:>115056h v20260707 OGN-R/PilotAware
CANDIDATE source=PWStewart destination=OGNSDR packet=PWStewart>OGNSDR,TCPIP*,qAC,GLIDERN2:>114929h v0.3.2.ARM CPU:2.2 RAM:381.6/971.1MB NTP:0.3ms/-0.2ppm +51.9C EGM96:+55m 0/0Acfts[1h] RF:+0-0.4ppm/-0.62dB
CANDIDATE source=PWStewart destination=APRS packet=PWStewart>APRS,TCPIP*,qAC,GLIDERN2:>115056h v20260707 OGN-R/PilotAware
CANDIDATE source=PWBute destination=OGNSDR packet=PWBute>OGNSDR,TCPIP*,qAC,GLIDERN1:>114928h v0.3.2.ARM CPU:1.1 RAM:403.7/971.1MB NTP:2.8ms/+2.3ppm +48.2C EGM96:+55m 0/0Acfts[1h] RF:+0+0.1ppm/+5.05dB
CANDIDATE source=PWBute destination=APRS packet=PWBute>APRS,TCPIP*,qAC,GLIDERN1:>115057h v20260707 OGN-R/PilotAware
CANDIDATE source=PWegcw destination=OGNSDR packet=PWegcw>OGNSDR,TCPIP*,qAC,GLIDERN2:>114930h v0.3.2.ARM CPU:4.3 RAM:329.5/971.1MB NTP:2.7ms/-1.2ppm +57.8C EGM96:+53m 0/0Acfts[1h] RF:+27-0.5ppm/-2.50dB
CANDIDATE source=PWegcw destination=APRS packet=PWegcw>APRS,TCPIP*,qAC,GLIDERN2:>115057h v20260707 OGN-R/PilotAware
CANDIDATE source=PWMoepham destination=OGNSDR packet=PWMoepham>OGNSDR,TCPIP*,qAC,GLIDERN3:/115038h5123.04NI00021.31E&/A=000328
CANDIDATE source=PWMoepham destination=APRS packet=PWMoepham>APRS,TCPIP*,qAC,GLIDERN3:>115058h v20260707 OGN-R/PilotAware
SERVER # aprsc 2.1.20-gf.5-g0178a1b 16 Sep 2026 11:50:59 GMT GLIDERN3 85.188.1.173:14580
CANDIDATE source=PWCRAW destination=OGNSDR packet=PWCRAW>OGNSDR,TCPIP*,qAC,GLIDERN3:/115030h5047.08NI01047.21E&/A=001523
CANDIDATE source=PWCRAW destination=APRS packet=PWCRAW>APRS,TCPIP*,qAC,GLIDERN3:>115059h v20260707 OGN-R/PilotAware
CANDIDATE source=PWHoniley destination=OGNSDR packet=PWHoniley>OGNSDR,TCPIP*,qAC,GLIDERN2:>114933h v0.3.2.ARM CPU:9.8 RAM:302.9/971.1MB NTP:1.6ms/-0.0ppm +63.8C EGM96:+49m 1/1Acfts[1h] RF:-1-2.7ppm/-1.33dB/+11.3dB@10km[259]/+19.5dB@10km[2/4]
CANDIDATE source=PWHoniley destination=APRS packet=PWHoniley>APRS,TCPIP*,qAC,GLIDERN2:>115101h v20260707 OGN-R/PilotAware
CANDIDATE source=PWRugby destination=OGNSDR packet=PWRugby>OGNSDR,TCPIP*,qAC,GLIDERN1:>114823h v0.3.2.ARM CPU:2.1 RAM:97.4/971.1MB NTP:2.3ms/+4.4ppm +58.4C EGM96:+49m 0/0Acfts[1h] RF:+26+0.0ppm/+2.07dB
CANDIDATE source=PWRugby destination=APRS packet=PWRugby>APRS,TCPIP*,qAC,GLIDERN1:>115102h v20260915 OGN-R/PilotAware
CANDIDATE source=PWStirlin destination=OGNSDR packet=PWStirlin>OGNSDR,TCPIP*,qAC,GLIDERN2:>114931h v0.3.2.ARM CPU:3.2 RAM:382.8/971.1MB NTP:0.5ms/+4.2ppm +56.2C EGM96:+54m 0/0Acfts[1h] RF:+0-0.3ppm/-0.76dB/+15.3dB@10km[50]/+15.3dB@10km[1/1]
CANDIDATE source=PWStirlin destination=APRS packet=PWStirlin>APRS,TCPIP*,qAC,GLIDERN2:>115103h v20260707 OGN-R/PilotAware
CANDIDATE source=PWaircrew destination=OGNSDR packet=PWaircrew>OGNSDR,TCPIP*,qAC,GLIDERN2:>114935h v0.3.2.ARM CPU:7.0 RAM:395.6/971.1MB NTP:0.7ms/+0.7ppm +56.8C EGM96:+50m 3/3Acfts[1h] Lat:2.7s RF:+0-0.2ppm/-0.34dB/+15.1dB@10km[146]/+21.5dB@10km[4/7]
CANDIDATE source=PWaircrew destination=APRS packet=PWaircrew>APRS,TCPIP*,qAC,GLIDERN2:>115104h v20260707 OGN-R/PilotAware
CANDIDATE source=PWUKGRLLP destination=OGNSDR packet=PWUKGRLLP>OGNSDR,TCPIP*,qAC,GLIDERN2:>080929h v0.3.2.ARM CPU:0.3 RAM:487.9/971.1MB NTP:1.1ms/-6.9ppm +49.4C EGM96:+47m 2/2Acfts[1h] Lat:1.5s RF:+0-0.3ppm/+1.8dB
CANDIDATE source=PWUKGRLLP destination=APRS packet=PWUKGRLLP>APRS,TCPIP*,qAC,GLIDERN2:>115106h v20260707 OGN-R/PilotAware
CANDIDATE source=PWArnold destination=OGNSDR packet=PWArnold>OGNSDR,TCPIP*,qAC,GLIDERN2:/114856h5259.60NI00106.85W&/A=000253
CANDIDATE source=PWArnold destination=APRS packet=PWArnold>APRS,TCPIP*,qAC,GLIDERN2:>115106h v20260707 OGN-R/PilotAware
CANDIDATE source=PWUKGRL destination=OGNSDR packet=PWUKGRL>OGNSDR,TCPIP*,qAC,GLIDERN1:>114707h v0.3.2.ARM CPU:1.1 RAM:329.7/971.1MB NTP:2.4ms/-6.7ppm +55.7C EGM96:+47m 5/5Acfts[1h] Lat:1.6s RF:-2+0.0ppm/+5.95dB/-4.3dB@10km[3171]/-1.0dB@10km[4/7]
CANDIDATE source=PWUKGRL destination=APRS packet=PWUKGRL>APRS,TCPIP*,qAC,GLIDERN1:>115108h v20260707 OGN-R/PilotAware
CANDIDATE source=PWEcclesN destination=OGNSDR packet=PWEcclesN>OGNSDR,TCPIP*,qAC,GLIDERN2:>114930h v0.3.2.ARM CPU:4.7 RAM:379.1/971.1MB NTP:4.0ms/-8.8ppm +60.0C EGM96:+51m 1/1Acfts[1h] RF:-1-0.2ppm/-1.65dB/+22.5dB@10km[722]/+22.5dB@10km[1/1]
CANDIDATE source=PWEcclesN destination=APRS packet=PWEcclesN>APRS,TCPIP*,qAC,GLIDERN2:>115109h v20260707 OGN-R/PilotAware
CANDIDATE source=PWUKGRL3 destination=OGNSDR packet=PWUKGRL3>OGNSDR,TCPIP*,qAC,GLIDERN3:>114701h v0.3.2.ARM CPU:5.6 RAM:316.6/971.1MB NTP:3.2ms/-4.9ppm +63.2C EGM96:+47m 8/8Acfts[1h] Lat:2.0s RF:-1-0.3ppm/+0.08dB/+4.4dB@10km[13226]/+13.7dB@10km[5/9]
CANDIDATE source=PWUKGRL3 destination=APRS packet=PWUKGRL3>APRS,TCPIP*,qAC,GLIDERN3:>115110h v20260707 OGN-R/PilotAware
CANDIDATE source=PWBabraha destination=OGNSDR packet=PWBabraha>OGNSDR,TCPIP*,qAC,GLIDERN3:/114559h5209.37NI00013.98E&/A=000151
CANDIDATE source=PWBabraha destination=APRS packet=PWBabraha>APRS,TCPIP*,qAC,GLIDERN3:>115110h v20260707 OGN-R/PilotAware
CANDIDATE source=PWSHIREN destination=OGNSDR packet=PWSHIREN>OGNSDR,TCPIP*,qAC,GLIDERN3:>114642h v0.3.2.ARM CPU:10.4 RAM:252.0/971.1MB NTP:0.4ms/+0.3ppm +56.2C EGM96:+51m 3/3Acfts[1h] Lat:45.7s RF:+29-3.8ppm/-0.70dB/+19.8dB@10km[8]/+19.8dB@10km[1/1]
CANDIDATE source=PWSHIREN destination=APRS packet=PWSHIREN>APRS,TCPIP*,qAC,GLIDERN3:>115110h v20260707 OGN-R/PilotAware
CANDIDATE source=PWUKRIW destination=OGNSDR packet=PWUKRIW>OGNSDR,TCPIP*,qAC,GLIDERN1:>114941h v0.3.2.ARM CPU:1.9 RAM:323.7/971.1MB NTP:2.4ms/-2.4ppm +58.0C EGM96:+46m 3/3Acfts[1h] Lat:1.6s RF:+22+0.7ppm/+3.60dB/-16.3dB@10km[2]/-16.3dB@10km[1/1]
CANDIDATE source=PWUKRIW destination=APRS packet=PWUKRIW>APRS,TCPIP*,qAC,GLIDERN1:>115112h v20260707 OGN-R/PilotAware
SERVER # aprsc 2.1.20-gf.5-g0178a1b 16 Sep 2026 11:51:19 GMT GLIDERN3 85.188.1.173:14580
CANDIDATE source=PWEDRPACP destination=OGNSDR packet=PWEDRPACP>OGNSDR,TCPIP*,qAC,GLIDERN2:>114929h v0.3.2.ARM CPU:1.5 RAM:321.4/971.1MB NTP:0.6ms/-3.3ppm +58.0C EGM96:+49m 2/2Acfts[1h] Lat:1.9s RF:+0-2.4ppm/-1.02dB/+14.8dB@10km[4807]/+21.2dB@10km[5/10]
STATS seconds=162 packets=504 server_comments=10 matching_sources=504 parsed_receiver_packets=253 top_destinations=[OGNSDR:253, APRS:251]
CANDIDATE source=PWEDRPACP destination=APRS packet=PWEDRPACP>APRS,TCPIP*,qAC,GLIDERN2:>115122h v20260707 OGN-R/PilotAware
CANDIDATE source=PWRankins destination=OGNSDR packet=PWRankins>OGNSDR,TCPIP*,qAC,GLIDERN3:/115005h5112.27NI00030.69E&/A=000079
CANDIDATE source=PWRankins destination=APRS packet=PWRankins>APRS,TCPIP*,qAC,GLIDERN3:>115122h v20260707 OGN-R/PilotAware
CANDIDATE source=PWFirefly destination=OGNSDR packet=PWFirefly>OGNSDR,TCPIP*,qAC,GLIDERN1:/115015h5047.70NI00311.98W&/A=000525
CANDIDATE source=PWFirefly destination=APRS packet=PWFirefly>APRS,TCPIP*,qAC,GLIDERN1:>115122h v20260707 OGN-R/PilotAware
CANDIDATE source=PWNesclif destination=OGNSDR packet=PWNesclif>OGNSDR,TCPIP*,qAC,GLIDERN3:>114853h v0.3.2.ARM CPU:1.8 RAM:447.8/971.1MB NTP:3.0ms/-7.6ppm +70.9C EGM96:+53m 4/4Acfts[1h] RF:-2-1.8ppm/-1.92dB/+5.5dB@10km[6757]/+7.7dB@10km[4/8]
CANDIDATE source=PWNesclif destination=APRS packet=PWNesclif>APRS,TCPIP*,qAC,GLIDERN3:>115122h v20260707 OGN-R/PilotAware
CANDIDATE source=PWEGBS destination=OGNSDR packet=PWEGBS>OGNSDR,TCPIP*,qAC,GLIDERN1:>115026h v0.3.2.ARM CPU:1.7 RAM:435.2/971.1MB NTP:0.4ms/+2.7ppm +54.1C EGM96:+52m 1/1Acfts[1h] RF:+0+50.1ppm/-1.33dB
CANDIDATE source=PWEGBS destination=APRS packet=PWEGBS>APRS,TCPIP*,qAC,GLIDERN1:>115124h v20260707 OGN-R/PilotAware
CANDIDATE source=PWAachen destination=OGNSDR packet=PWAachen>OGNSDR,TCPIP*,qAC,GLIDERN3:/010553h5046.05NI00603.73E&/A=000755
CANDIDATE source=PWAachen destination=APRS packet=PWAachen>APRS,TCPIP*,qAC,GLIDERN3:>115125h v20260707 OGN-R/PilotAware
CANDIDATE source=PWNalltn destination=OGNSDR packet=PWNalltn>OGNSDR,TCPIP*,qAC,GLIDERN2:>115126h v0.3.2.ARM CPU:2.0 RAM:429.1/971.1MB NTP:1.4ms/-2.6ppm +56.9C EGM96:+50m 1/1Acfts[1h] RF:+0+0.2ppm/+3.47dB/+4.1dB@10km[654]/+8.0dB@10km[3/6]
CANDIDATE source=PWNalltn destination=APRS packet=PWNalltn>APRS,TCPIP*,qAC,GLIDERN2:>115131h v20260707 OGN-R/PilotAware
CANDIDATE source=PWNOWZMA1 destination=OGNSDR packet=PWNOWZMA1>OGNSDR,TCPIP*,qAC,GLIDERN2:>115127h v0.3.2.ARM CPU:1.3 RAM:408.9/971.1MB NTP:2.8ms/-3.3ppm +59.6C EGM96:+45m 3/3Acfts[1h] RF:-2-0.8ppm/-1.66dB/+21.7dB@10km[1678]/+24.5dB@10km[6/12]
CANDIDATE source=PWNOWZMA1 destination=APRS packet=PWNOWZMA1>APRS,TCPIP*,qAC,GLIDERN2:>115137h v20260707 OGN-R/PilotAware
CANDIDATE source=PWHunsdon destination=OGNSDR packet=PWHunsdon>OGNSDR,TCPIP*,qAC,GLIDERN1:/115013h5148.58NI00004.21E&/A=000263
CANDIDATE source=PWHunsdon destination=APRS packet=PWHunsdon>APRS,TCPIP*,qAC,GLIDERN1:>115138h v20260707 OGN-R/PilotAware
CANDIDATE source=PWClenchC destination=OGNSDR packet=PWClenchC>OGNSDR,TCPIP*,qAC,GLIDERN3:>114818h v0.3.2.ARM CPU:1.9 RAM:385.7/971.1MB NTP:4.2ms/-8.4ppm +64.5C EGM96:+48m 5/5Acfts[1h] Lat:1.6s RF:-1-0.3ppm/-1.75dB/+17.7dB@10km[934]/+17.4dB@10km[5/9]
CANDIDATE source=PWClenchC destination=APRS packet=PWClenchC>APRS,TCPIP*,qAC,GLIDERN3:>115139h v20260707 OGN-R/PilotAware
SERVER # aprsc 2.1.20-gf.5-g0178a1b 16 Sep 2026 11:51:39 GMT GLIDERN3 85.188.1.173:14580
CANDIDATE source=PWTYDDYN destination=OGNSDR packet=PWTYDDYN>OGNSDR,TCPIP*,qAC,GLIDERN2:/115051h5313.23NI00315.49W&/A=000518
CANDIDATE source=PWTYDDYN destination=APRS packet=PWTYDDYN>APRS,TCPIP*,qAC,GLIDERN2:>115139h v20260707 OGN-R/PilotAware
CANDIDATE source=Pwick destination=OGNSDR packet=Pwick>OGNSDR,TCPIP*,qAC,GLIDERN2:/115146h5529.97NI00429.33W&/A=000410
CANDIDATE source=PWUKPAR destination=OGNSDR packet=PWUKPAR>OGNSDR,TCPIP*,qAC,GLIDERN1:>115009h v0.3.2.ARM CPU:5.2 RAM:464.5/971.1MB NTP:4.6ms/-8.2ppm +51.4C EGM96:+46m 20/20Acfts[1h] Lat:2.7s RF:+0+0.0ppm/-0.09dB/+11.6dB@10km[15343]/+15.5dB@10km[10/20]
CANDIDATE source=PWUKPAR destination=APRS packet=PWUKPAR>APRS,TCPIP*,qAC,GLIDERN1:>115147h v20260707 OGN-R/PilotAware
CANDIDATE source=PWThtford destination=OGNSDR packet=PWThtford>OGNSDR,TCPIP*,qAC,GLIDERN2:>115123h v0.3.2.ARM CPU:6.5 RAM:306.0/971.1MB NTP:2.1ms/-3.0ppm +48.8C EGM96:+46m 0/0Acfts[1h] RF:-3+0.2ppm/+5.59dB
CANDIDATE source=PWThtford destination=APRS packet=PWThtford>APRS,TCPIP*,qAC,GLIDERN2:>115148h v20260707 OGN-R/PilotAware
CANDIDATE source=PWLanark destination=OGNSDR packet=PWLanark>OGNSDR,TCPIP*,qAC,GLIDERN3:>115043h v0.3.2.ARM CPU:1.6 RAM:419.1/971.1MB NTP:6.3ms/-0.3ppm +46.5C EGM96:+54m 0/0Acfts[1h] RF:+0+0.0ppm/+6.96dB
STATS seconds=195 packets=531 server_comments=11 matching_sources=531 parsed_receiver_packets=267 top_destinations=[OGNSDR:267, APRS:264]
CANDIDATE source=PWLanark destination=APRS packet=PWLanark>APRS,TCPIP*,qAC,GLIDERN3:>115154h v20260707 OGN-R/PilotAware
CANDIDATE source=PWMonmth destination=OGNSDR packet=PWMonmth>OGNSDR,TCPIP*,qAC,GLIDERN3:>114826h v0.3.2.ARM CPU:0.7 RAM:455.5/971.1MB NTP:1.6ms/-2.8ppm +54.1C EGM96:+51m 2/2Acfts[1h] RF:-3+0.6ppm/-1.06dB/+5.7dB@10km[125]/+9.8dB@10km[2/3]
CANDIDATE source=PWMonmth destination=APRS packet=PWMonmth>APRS,TCPIP*,qAC,GLIDERN3:>115159h v20260707 OGN-R/PilotAware
SERVER # aprsc 2.1.20-gf.5-g0178a1b 16 Sep 2026 11:51:59 GMT GLIDERN3 85.188.1.173:14580
CANDIDATE source=PWEDXD destination=OGNSDR packet=PWEDXD>OGNSDR,TCPIP*,qAC,GLIDERN2:/110314h5221.15NI00819.81E&/A=000184
CANDIDATE source=PWEDXD destination=APRS packet=PWEDXD>APRS,TCPIP*,qAC,GLIDERN2:>115204h v20260707 OGN-R/PilotAware
CANDIDATE source=PWCrowlan destination=OGNSDR packet=PWCrowlan>OGNSDR,TCPIP*,qAC,GLIDERN1:/114953h5242.67NI00008.13W&/A=000016
CANDIDATE source=PWCrowlan destination=APRS packet=PWCrowlan>APRS,TCPIP*,qAC,GLIDERN1:>115208h v20260707 OGN-R/PilotAware
CANDIDATE source=PWMataro destination=OGNSDR packet=PWMataro>OGNSDR,TCPIP*,qAC,GLIDERN2:/114731h4132.41NI00226.85E&/A=000253
CANDIDATE source=PWMataro destination=APRS packet=PWMataro>APRS,TCPIP*,qAC,GLIDERN2:>115210h v20260707 OGN-R/PilotAware
CANDIDATE source=PWLERM2 destination=OGNSDR packet=PWLERM2>OGNSDR,TCPIP*,qAC,GLIDERN3:>115102h v0.3.2.ARM CPU:0.8 RAM:466.0/971.1MB NTP:1.0ms/+1.5ppm +54.1C EGM96:+53m 0/0Acfts[1h] RF:+0-0.1ppm/-1.05dB
CANDIDATE source=PWLERM2 destination=APRS packet=PWLERM2>APRS,TCPIP*,qAC,GLIDERN3:>115210h v20260707 OGN-R/PilotAware
CANDIDATE source=PWENNO destination=OGNSDR packet=PWENNO>OGNSDR,TCPIP*,qAC,GLIDERN2:>115032h v0.3.2.ARM CPU:2.5 RAM:397.0/971.1MB NTP:0.4ms/+9.7ppm +52.5C EGM96:+42m 0/0Acfts[1h] RF:+49-0.3ppm/+3.81dB
CANDIDATE source=PWENNO destination=APRS packet=PWENNO>APRS,TCPIP*,qAC,GLIDERN2:>115212h v20260707 OGN-R/PilotAware
CANDIDATE source=PWEDMY destination=OGNSDR packet=PWEDMY>OGNSDR,TCPIP*,qAC,GLIDERN2:>115059h v0.3.2.ARM CPU:4.1 RAM:420.1/971.1MB NTP:3.3ms/+2.0ppm +51.9C EGM96:+45m 0/0Acfts[1h] RF:+36-2.1ppm/+25.97dB
CANDIDATE source=PWEDMY destination=APRS packet=PWEDMY>APRS,TCPIP*,qAC,GLIDERN2:>115214h v20260707 OGN-R/PilotAware
CANDIDATE source=PWUKBVT destination=OGNSDR packet=PWUKBVT>OGNSDR,TCPIP*,qAC,GLIDERN2:>115209h v0.3.2.ARM CPU:0.8 RAM:467.4/971.1MB NTP:2.4ms/-3.1ppm +58.0C EGM96:+48m 2/2Acfts[1h] RF:-4+0.4ppm/-0.37dB/+16.3dB@10km[1049]/+16.3dB@10km[1/2]
CANDIDATE source=PWUKBVT destination=APRS packet=PWUKBVT>APRS,TCPIP*,qAC,GLIDERN2:>115216h v20260707 OGN-R/PilotAware
SERVER # aprsc 2.1.20-gf.5-g0178a1b 16 Sep 2026 11:52:19 GMT GLIDERN3 85.188.1.173:14580
CANDIDATE source=PWGtAyton destination=OGNSDR packet=PWGtAyton>OGNSDR,TCPIP*,qAC,GLIDERN3:>115113h v0.3.2.ARM CPU:2.4 RAM:456.0/971.1MB NTP:1.8ms/-3.9ppm +56.2C EGM96:+49m 0/0Acfts[1h] RF:+42-3.1ppm/+1.87dB
CANDIDATE source=PWGtAyton destination=APRS packet=PWGtAyton>APRS,TCPIP*,qAC,GLIDERN3:>115220h v20260707 OGN-R/PilotAware
CANDIDATE source=PWMossedg destination=OGNSDR packet=PWMossedg>OGNSDR,TCPIP*,qAC,GLIDERN3:>114900h v0.3.2.ARM CPU:2.1 RAM:320.9/971.1MB NTP:3.0ms/-8.3ppm +74.7C EGM96:+52m 2/2Acfts[1h] RF:-1-0.2ppm/-1.54dB/+5.0dB@10km[24]/+7.9dB@10km[1/2]
STATS seconds=226 packets=551 server_comments=13 matching_sources=551 parsed_receiver_packets=277 top_destinations=[OGNSDR:277, APRS:274]
CANDIDATE source=PWMossedg destination=APRS packet=PWMossedg>APRS,TCPIP*,qAC,GLIDERN3:>115226h v20260707 OGN-R/PilotAware
CANDIDATE source=PWOXNHOPE destination=OGNSDR packet=PWOXNHOPE>OGNSDR,TCPIP*,qAC,GLIDERN1:>115223h v0.3.2.ARM CPU:1.8 RAM:345.5/971.1MB NTP:1.9ms/-5.2ppm +61.8C EGM96:+51m 2/2Acfts[1h] RF:-2-2.4ppm/+7.11dB/+17.2dB@10km[34]/+18.9dB@10km[2/4]
CANDIDATE source=PWOXNHOPE destination=APRS packet=PWOXNHOPE>APRS,TCPIP*,qAC,GLIDERN1:>115234h v20260707 OGN-R/PilotAware
CANDIDATE source=PWUKNHL destination=OGNSDR packet=PWUKNHL>OGNSDR,TCPIP*,qAC,GLIDERN3:>115039h v0.3.2.ARM CPU:5.3 RAM:342.7/971.1MB NTP:1.5ms/+4.3ppm +58.9C EGM96:+51m 6/6Acfts[1h] Lat:2.0s RF:+78+3.0ppm/+0.52dB/+4.7dB@10km[6927]/+13.5dB@10km[3/6]
CANDIDATE source=PWUKNHL destination=APRS packet=PWUKNHL>APRS,TCPIP*,qAC,GLIDERN3:>115236h v20260707 OGN-R/PilotAware
CANDIDATE source=PWBalerno destination=OGNSDR packet=PWBalerno>OGNSDR,TCPIP*,qAC,GLIDERN1:/115222h5552.67NI00320.75W&/A=000653
CANDIDATE source=PWBalerno destination=APRS packet=PWBalerno>APRS,TCPIP*,qAC,GLIDERN1:>115238h v20260707 OGN-R/PilotAware
CANDIDATE source=PWSSHouse destination=OGNSDR packet=PWSSHouse>OGNSDR,TCPIP*,qAC,GLIDERN3:>114859h v0.3.2.ARM CPU:2.4 RAM:279.3/971.1MB NTP:0.4ms/-7.0ppm +73.6C EGM96:+47m 0/0Acfts[1h] RF:+85+2.5ppm/+6.07dB
CANDIDATE source=PWSSHouse destination=APRS packet=PWSSHouse>APRS,TCPIP*,qAC,GLIDERN3:>115239h v20260707 OGN-R/PilotAware
SERVER # aprsc 2.1.20-gf.5-g0178a1b 16 Sep 2026 11:52:39 GMT GLIDERN3 85.188.1.173:14580
CANDIDATE source=PWBuchhol destination=OGNSDR packet=PWBuchhol>OGNSDR,TCPIP*,qAC,GLIDERN1:/115128h5319.75NI00951.35E&/A=000243
CANDIDATE source=PWBuchhol destination=APRS packet=PWBuchhol>APRS,TCPIP*,qAC,GLIDERN1:>115243h v20260707 OGN-R/PilotAware
CANDIDATE source=PWEGBG destination=OGNSDR packet=PWEGBG>OGNSDR,TCPIP*,qAC,GLIDERN1:/115206h5236.37NI00102.07W&/A=000512
CANDIDATE source=PWEGBG destination=APRS packet=PWEGBG>APRS,TCPIP*,qAC,GLIDERN1:>115248h v20260707 OGN-R/PilotAware
CANDIDATE source=PWEGTK destination=OGNSDR packet=PWEGTK>OGNSDR,TCPIP*,qAC,GLIDERN2:/114903h5149.97NI00118.95W&/A=000256
CANDIDATE source=PWEGTK destination=APRS packet=PWEGTK>APRS,TCPIP*,qAC,GLIDERN2:>115254h v20260707 OGN-R/PilotAware
CANDIDATE source=PWJONLEAM destination=OGNSDR packet=PWJONLEAM>OGNSDR,TCPIP*,qAC,GLIDERN1:/115146h5218.62NI00130.81W&/A=000348
CANDIDATE source=PWJONLEAM destination=APRS packet=PWJONLEAM>APRS,TCPIP*,qAC,GLIDERN1:>115254h v20260707 OGN-R/PilotAware
CANDIDATE source=PWEGTU destination=OGNSDR packet=PWEGTU>OGNSDR,TCPIP*,qAC,GLIDERN2:/114257h5051.85NI00313.63W&/A=000856
STATS seconds=259 packets=569 server_comments=14 matching_sources=569 parsed_receiver_packets=286 top_destinations=[OGNSDR:286, APRS:283]
CANDIDATE source=PWEGTU destination=APRS packet=PWEGTU>APRS,TCPIP*,qAC,GLIDERN2:>115259h v20260707 OGN-R/PilotAware
SERVER # aprsc 2.1.20-gf.5-g0178a1b 16 Sep 2026 11:52:59 GMT GLIDERN3 85.188.1.173:14580
CANDIDATE source=PWHusBos destination=OGNSDR packet=PWHusBos>OGNSDR,TCPIP*,qAC,GLIDERN2:/114909h5226.44NI00102.85W&/A=000518
CANDIDATE source=PWHusBos destination=APRS packet=PWHusBos>APRS,TCPIP*,qAC,GLIDERN2:>115300h v20260707 OGN-R/PilotAware
CANDIDATE source=PWSelsey destination=OGNSDR packet=PWSelsey>OGNSDR,TCPIP*,qAC,GLIDERN3:/115159h5044.88NI00046.18W&/A=000023
CANDIDATE source=PWSelsey destination=APRS packet=PWSelsey>APRS,TCPIP*,qAC,GLIDERN3:>115300h v20260707 OGN-R/PilotAware
CANDIDATE source=PWASFG destination=OGNSDR packet=PWASFG>OGNSDR,TCPIP*,qAC,GLIDERN2:>115137h v0.3.2.ARM CPU:0.7 RAM:448.2/971.1MB NTP:4.5ms/-7.3ppm +51.0C EGM96:+40m 0/0Acfts[1h] RF:+0-0.9ppm/-1.26dB/+14.6dB@10km[1249]/+14.9dB@10km[2/4]
CANDIDATE source=PWASFG destination=APRS packet=PWASFG>APRS,TCPIP*,qAC,GLIDERN2:>115303h v20260707 OGN-R/PilotAware
CANDIDATE source=PWBalado destination=OGNSDR packet=PWBalado>OGNSDR,TCPIP*,qAC,GLIDERN1:/114935h5613.01NI00327.46W&/A=000443
CANDIDATE source=PWBalado destination=APRS packet=PWBalado>APRS,TCPIP*,qAC,GLIDERN1:>115307h v20260707 OGN-R/PilotAware
CANDIDATE source=PWNKRock destination=OGNSDR packet=PWNKRock>OGNSDR,TCPIP*,qAC,GLIDERN3:>114845h v0.3.2.ARM CPU:4.0 RAM:283.7/971.1MB NTP:0.1ms/+0.3ppm +46.5C EGM96:+44m 4/4Acfts[1h] Lat:3.9s RF:+0+0.3ppm/+6.41dB/+15.9dB@10km[649]/+18.6dB@10km[3/5]
CANDIDATE source=PWNKRock destination=APRS packet=PWNKRock>APRS,TCPIP*,qAC,GLIDERN3:>115309h v20260707 OGN-R/PilotAware
CANDIDATE source=PWUKLLE destination=OGNSDR packet=PWUKLLE>OGNSDR,TCPIP*,qAC,GLIDERN2:>115300h v0.3.2.ARM CPU:4.3 RAM:470.7/971.1MB NTP:1.2ms/+1.9ppm +56.8C EGM96:+54m 4/4Acfts[1h] Lat:1.8s RF:+0+0.0ppm/-1.85dB/+15.6dB@10km[576]/+15.6dB@10km[1/1]
CANDIDATE source=PWUKLLE destination=APRS packet=PWUKLLE>APRS,TCPIP*,qAC,GLIDERN2:>115310h v20260707 OGN-R/PilotAware
CANDIDATE source=PWPalmers destination=OGNSDR packet=PWPalmers>OGNSDR,TCPIP*,qAC,GLIDERN3:>115107h v0.3.2.ARM CPU:5.9 RAM:410.2/971.1MB NTP:0.4ms/-4.3ppm +63.8C EGM96:+45m 16/16Acfts[1h] Lat:2.1s RF:+0+0.1ppm/-1.74dB/+9.4dB@10km[7371]/+12.5dB@10km[8/16]
CANDIDATE source=PWPalmers destination=APRS packet=PWPalmers>APRS,TCPIP*,qAC,GLIDERN3:>115310h v20260707 OGN-R/PilotAware
CANDIDATE source=PWCambrid destination=OGNSDR packet=PWCambrid>OGNSDR,TCPIP*,qAC,GLIDERN2:/115116h5212.73NI00007.80E&/A=000033
CANDIDATE source=PWCambrid destination=APRS packet=PWCambrid>APRS,TCPIP*,qAC,GLIDERN2:>115311h v20260707 OGN-R/PilotAware
CANDIDATE source=PWHeli001 destination=OGNSDR packet=PWHeli001>OGNSDR,TCPIP*,qAC,GLIDERN3:>115147h v0.3.2.ARM CPU:1.5 RAM:344.9/971.1MB NTP:1.6ms/-8.2ppm +59.1C EGM96:+50m 1/1Acfts[1h] RF:-2-1.5ppm/-1.19dB/+20.2dB@10km[97]/+20.2dB@10km[1/1]
CANDIDATE source=PWHeli001 destination=APRS packet=PWHeli001>APRS,TCPIP*,qAC,GLIDERN3:>115314h v20260707 OGN-R/PilotAware
CANDIDATE source=PWMunypot destination=OGNSDR packet=PWMunypot>OGNSDR,TCPIP*,qAC,GLIDERN3:/115255h5222.05NI00100.31E&/A=000131
CANDIDATE source=PWMunypot destination=APRS packet=PWMunypot>APRS,TCPIP*,qAC,GLIDERN3:>115315h v20260707 OGN-R/PilotAware
CANDIDATE source=PWFlyNQY destination=OGNSDR packet=PWFlyNQY>OGNSDR,TCPIP*,qAC,GLIDERN1:>115126h v0.3.2.ARM CPU:2.2 RAM:463.6/971.1MB NTP:0.3ms/-7.2ppm +58.0C EGM96:+53m 0/0Acfts[1h] RF:+0-0.4ppm/-1.39dB
CANDIDATE source=PWFlyNQY destination=APRS packet=PWFlyNQY>APRS,TCPIP*,qAC,GLIDERN1:>115316h v20260707 OGN-R/PilotAware
SERVER # aprsc 2.1.20-gf.5-g0178a1b 16 Sep 2026 11:53:19 GMT GLIDERN3 85.188.1.173:14580
CANDIDATE source=PWParkmil destination=OGNSDR packet=PWParkmil>OGNSDR,TCPIP*,qAC,GLIDERN3:/114909h5134.88NI00405.94W&/A=000164
CANDIDATE source=PWParkmil destination=APRS packet=PWParkmil>APRS,TCPIP*,qAC,GLIDERN3:>115320h v20260707 OGN-R/PilotAware
CANDIDATE source=PWMiltnKy destination=OGNSDR packet=PWMiltnKy>OGNSDR,TCPIP*,qAC,GLIDERN1:>115129h v0.3.2.ARM CPU:2.7 RAM:363.9/971.1MB NTP:2.5ms/-6.0ppm +56.9C EGM96:+47m 2/2Acfts[1h] RF:-2+18.0ppm/+0.47dB/+12.1dB@10km[91]/+12.8dB@10km[2/3]
CANDIDATE source=PWMiltnKy destination=APRS packet=PWMiltnKy>APRS,TCPIP*,qAC,GLIDERN1:>115326h v20260707 OGN-R/PilotAware
CANDIDATE source=PWBRENTOR destination=OGNSDR packet=PWBRENTOR>OGNSDR,TCPIP*,qAC,GLIDERN2:/115220h5035.53NI00409.13W&/A=000847
CANDIDATE source=PWBRENTOR destination=APRS packet=PWBRENTOR>APRS,TCPIP*,qAC,GLIDERN2:>115326h v20260707 OGN-R/PilotAware
CANDIDATE source=PWTowardP destination=OGNSDR packet=PWTowardP>OGNSDR,TCPIP*,qAC,GLIDERN3:>115256h v0.3.2.ARM CPU:1.0 RAM:434.7/971.1MB NTP:1.2ms/-8.5ppm +52.6C EGM96:+55m 0/0Acfts[1h] RF:+0-0.4ppm/-1.87dB
CANDIDATE source=PWTowardP destination=APRS packet=PWTowardP>APRS,TCPIP*,qAC,GLIDERN3:>115326h v20260707 OGN-R/PilotAware
CANDIDATE source=PWUKCPH destination=OGNSDR packet=PWUKCPH>OGNSDR,TCPIP*,qAC,GLIDERN2:/115318h5318.28NI00143.75W&/A=001296
STATS seconds=290 packets=601 server_comments=16 matching_sources=601 parsed_receiver_packets=302 top_destinations=[OGNSDR:302, APRS:299]
CANDIDATE source=PWUKCPH destination=APRS packet=PWUKCPH>APRS,TCPIP*,qAC,GLIDERN2:>115329h v20260707 OGN-R/PilotAware
CANDIDATE source=PWUKCHP destination=OGNSDR packet=PWUKCHP>OGNSDR,TCPIP*,qAC,GLIDERN3:>114851h v0.3.2.ARM CPU:2.5 RAM:440.6/971.1MB NTP:0.2ms/+1.4ppm +60.5C EGM96:+52m 5/5Acfts[1h] RF:+34+3.2ppm/-0.23dB/+18.8dB@10km[2641]/+19.2dB@10km[4/7]
CANDIDATE source=PWUKCHP destination=APRS packet=PWUKCHP>APRS,TCPIP*,qAC,GLIDERN3:>115332h v20260707 OGN-R/PilotAware
CANDIDATE source=PWRMS02 destination=OGNSDR packet=PWRMS02>OGNSDR,TCPIP*,qAC,GLIDERN3:>115319h v0.3.2.ARM CPU:5.9 RAM:269.7/971.1MB NTP:0.5ms/-0.0ppm +72.0C EGM96:+49m 0/0Acfts[1h] RF:-1+0.1ppm/+4.43dB
CANDIDATE source=PWRMS02 destination=APRS packet=PWRMS02>APRS,TCPIP*,qAC,GLIDERN3:>115332h v20260707 OGN-R/PilotAware
CANDIDATE source=PWOlvestn destination=OGNSDR packet=PWOlvestn>OGNSDR,TCPIP*,qAC,GLIDERN1:>115151h v0.3.2.ARM CPU:2.7 RAM:421.4/971.1MB NTP:0.2ms/+1.2ppm +57.8C EGM96:+50m 2/2Acfts[1h] RF:+22+1.5ppm/-1.88dB/+14.4dB@10km[364]/+20.6dB@10km[2/4]
CANDIDATE source=PWOlvestn destination=APRS packet=PWOlvestn>APRS,TCPIP*,qAC,GLIDERN1:>115333h v20260707 OGN-R/PilotAware
CANDIDATE source=PWFOCA1 destination=OGNSDR packet=PWFOCA1>OGNSDR,TCPIP*,qAC,GLIDERN2:/115145h4653.94NI00728.08E&/A=002723
CANDIDATE source=PWFOCA1 destination=APRS packet=PWFOCA1>APRS,TCPIP*,qAC,GLIDERN2:>115334h v20260707 OGN-R/PilotAware
CANDIDATE source=PWLanghec destination=OGNSDR packet=PWLanghec>OGNSDR,TCPIP*,qAC,GLIDERN1:>114922h v0.3.2.ARM CPU:2.5 RAM:337.0/971.1MB NTP:0.2ms/+1.8ppm +54.1C EGM96:+48m 0/0Acfts[1h] RF:-1-1.1ppm/-1.47dB/+10.2dB@10km[256]/+14.3dB@10km[2/4]
CANDIDATE source=PWLanghec destination=APRS packet=PWLanghec>APRS,TCPIP*,qAC,GLIDERN1:>115335h v20260707 OGN-R/PilotAware
CANDIDATE source=PWHORNSEA destination=OGNSDR packet=PWHORNSEA>OGNSDR,TCPIP*,qAC,GLIDERN1:/115337h5353.72NI00009.92W&/A=000033
CANDIDATE source=PWHORNSEA destination=OGNSDR packet=PWHORNSEA>OGNSDR,TCPIP*,qAC,GLIDERN1:>115337h v0.3.2.RPI-GPU CPU:1.3 RAM:128.0/449.1MB NTP:1.5ms/-1.1ppm +46.2C EGM96:+46m 0/0Acfts[1h] RF:+60+0.0ppm/+3.98dB
SERVER # aprsc 2.1.20-gf.5-g0178a1b 16 Sep 2026 11:53:39 GMT GLIDERN3 85.188.1.173:14580
CANDIDATE source=PWOxford destination=OGNSDR packet=PWOxford>OGNSDR,TCPIP*,qAC,GLIDERN2:>115235h v0.3.2.ARM CPU:1.1 RAM:328.1/971.1MB NTP:0.2ms/-5.5ppm +62.8C EGM96:+48m 1/1Acfts[1h] RF:+51+1.4ppm/-0.34dB/+15.9dB@10km[1213]/+19.7dB@10km[2/4]
CANDIDATE source=PWOxford destination=APRS packet=PWOxford>APRS,TCPIP*,qAC,GLIDERN2:>115341h v20260707 OGN-R/PilotAware
CANDIDATE source=PWNEUWIED destination=OGNSDR packet=PWNEUWIED>OGNSDR,TCPIP*,qAC,GLIDERN3:>115137h v0.3.2.ARM CPU:2.9 RAM:395.1/971.1MB NTP:0.7ms/-5.3ppm +75.8C EGM96:+48m 3/4Acfts[1h] Lat:1.7s RF:+0-0.3ppm/+11.80dB/+16.1dB@10km[6687]/+18.7dB@10km[6/12]
CANDIDATE source=PWNEUWIED destination=APRS packet=PWNEUWIED>APRS,TCPIP*,qAC,GLIDERN3:>115342h v20260707 OGN-R/PilotAware
CANDIDATE source=PWUKEdge destination=OGNSDR packet=PWUKEdge>OGNSDR,TCPIP*,qAC,GLIDERN3:/115334h5204.81NI00128.39W&/A=000630
CANDIDATE source=PWUKEdge destination=APRS packet=PWUKEdge>APRS,TCPIP*,qAC,GLIDERN3:>115344h v20260707 OGN-R/PilotAware
CANDIDATE source=PWUKRUF destination=OGNSDR packet=PWUKRUF>OGNSDR,TCPIP*,qAC,GLIDERN3:>115340h v0.3.2.ARM CPU:3.3 RAM:376.8/971.1MB NTP:1.5ms/-5.7ppm +72.0C EGM96:+49m 21/21Acfts[1h] Lat:1.7s RF:+0-0.5ppm/-1.20dB/+9.2dB@10km[20258]/+17.2dB@10km[14/28]
CANDIDATE source=PWUKRUF destination=APRS packet=PWUKRUF>APRS,TCPIP*,qAC,GLIDERN3:>115349h v20260707 OGN-R/PilotAware
CANDIDATE source=PWWeasel1 destination=OGNSDR packet=PWWeasel1>OGNSDR,TCPIP*,qAC,GLIDERN2:>115321h v0.3.2.ARM CPU:2.4 RAM:388.5/971.1MB NTP:1.7ms/-5.3ppm +57.3C EGM96:+46m 0/0Acfts[1h] RF:+0+0.0ppm/-1.36dB
CANDIDATE source=PWWeasel1 destination=APRS packet=PWWeasel1>APRS,TCPIP*,qAC,GLIDERN2:>115350h v20260707 OGN-R/PilotAware
CANDIDATE source=PWEGLK destination=OGNSDR packet=PWEGLK>OGNSDR,TCPIP*,qAC,GLIDERN2:/113859h5119.36NI00050.44W&/A=000345
CANDIDATE source=PWEGLK destination=APRS packet=PWEGLK>APRS,TCPIP*,qAC,GLIDERN2:>115352h v20260707 OGN-R/PilotAware
CANDIDATE source=PWEHLE destination=OGNSDR packet=PWEHLE>OGNSDR,TCPIP*,qAC,GLIDERN3:>115318h v0.3.2.ARM CPU:4.9 RAM:466.1/971.1MB NTP:6.6ms/-2.1ppm +66.1C EGM96:+43m 4/4Acfts[1h] Lat:1.8s RF:-18+68.0ppm/-1.28dB/+17.8dB@10km[722]/+20.2dB@10km[2/4]
CANDIDATE source=PWEHLE destination=APRS packet=PWEHLE>APRS,TCPIP*,qAC,GLIDERN3:>115353h v20260707 OGN-R/PilotAware
CANDIDATE source=PWUKUSK destination=OGNSDR packet=PWUKUSK>OGNSDR,TCPIP*,qAC,GLIDERN1:>115105h v0.3.2.ARM CPU:7.5 RAM:368.8/971.1MB NTP:1.2ms/+4.3ppm +53.5C EGM96:+51m 2/2Acfts[1h] Lat:2.2s RF:+0-0.3ppm/-1.98dB/+12.2dB@10km[2503]/+12.4dB@10km[1/2]
CANDIDATE source=PWUKUSK destination=APRS packet=PWUKUSK>APRS,TCPIP*,qAC,GLIDERN1:>115356h v20260707 OGN-R/PilotAware
CANDIDATE source=PWlsvpbg destination=OGNSDR packet=PWlsvpbg>OGNSDR,TCPIP*,qAC,GLIDERN3:>115200h v0.3.2.ARM CPU:4.5 RAM:364.1/971.1MB NTP:2.5ms/-5.7ppm +57.8C EGM96:+41m 0/0Acfts[1h] RF:+0-0.9ppm/-0.68dB
CANDIDATE source=PWlsvpbg destination=APRS packet=PWlsvpbg>APRS,TCPIP*,qAC,GLIDERN3:>115357h v20260707 OGN-R/PilotAware
SERVER # aprsc 2.1.20-gf.5-g0178a1b 16 Sep 2026 11:53:59 GMT GLIDERN3 85.188.1.173:14580
CANDIDATE source=Pwick destination=OGNSDR packet=Pwick>OGNSDR,TCPIP*,qAC,GLIDERN2:>115400h v0.3.2.ARM CPU:2.2 RAM:382.8/971.1MB NTP:0.7ms/-0.4ppm +64.5C EGM96:+55m 0/0Acfts[1h] RF:-1-0.0ppm/-1.36dB
STATS seconds=320 packets=633 server_comments=18 matching_sources=633 parsed_receiver_packets=319 top_destinations=[OGNSDR:319, APRS:314]
CANDIDATE source=PWNewbigg destination=OGNSDR packet=PWNewbigg>OGNSDR,TCPIP*,qAC,GLIDERN2:/115340h5541.18NI00332.90W&/A=000679
CANDIDATE source=PWNewbigg destination=APRS packet=PWNewbigg>APRS,TCPIP*,qAC,GLIDERN2:>115400h v20260707 OGN-R/PilotAware
CANDIDATE source=PWCromer destination=OGNSDR packet=PWCromer>OGNSDR,TCPIP*,qAC,GLIDERN1:/100212h5253.46NI00119.04E&/A=000220
CANDIDATE source=PWCromer destination=APRS packet=PWCromer>APRS,TCPIP*,qAC,GLIDERN1:>115406h v20260707 OGN-R/PilotAware
CANDIDATE source=PWUKUPW destination=OGNSDR packet=PWUKUPW>OGNSDR,TCPIP*,qAC,GLIDERN1:/115331h5225.92NI00008.82W&/A=000082
CANDIDATE source=PWUKUPW destination=APRS packet=PWUKUPW>APRS,TCPIP*,qAC,GLIDERN1:>115408h v20260707 OGN-R/PilotAware
CANDIDATE source=PWBroadmd destination=OGNSDR packet=PWBroadmd>OGNSDR,TCPIP*,qAC,GLIDERN2:>115318h v0.3.2.ARM CPU:3.5 RAM:409.8/971.1MB NTP:0.6ms/+3.5ppm +59.5C EGM96:+51m 0/0Acfts[1h] RF:-12+12.1ppm/-2.02dB/+13.0dB@10km[22]/+13.0dB@10km[1/1]
CANDIDATE source=PWBroadmd destination=APRS packet=PWBroadmd>APRS,TCPIP*,qAC,GLIDERN2:>115408h v20260707 OGN-R/PilotAware
CANDIDATE source=PWEGNO destination=OGNSDR packet=PWEGNO>OGNSDR,TCPIP*,qAC,GLIDERN3:>115102h v0.3.2.ARM CPU:2.2 RAM:321.4/971.1MB NTP:1.3ms/-3.5ppm +74.7C EGM96:+52m 8/8Acfts[1h] RF:+0-0.8ppm/+0.52dB/+15.7dB@10km[9460]/+17.4dB@10km[4/8]
CANDIDATE source=PWEGNO destination=APRS packet=PWEGNO>APRS,TCPIP*,qAC,GLIDERN3:>115413h v20260707 OGN-R/PilotAware
SERVER # aprsc 2.1.20-gf.5-g0178a1b 16 Sep 2026 11:54:19 GMT GLIDERN3 85.188.1.173:14580
CANDIDATE source=PWROCHEST destination=OGNSDR packet=PWROCHEST>OGNSDR,TCPIP*,qAC,GLIDERN3:>115143h v0.3.2.ARM CPU:0.8 RAM:341.8/971.1MB NTP:1.2ms/-0.1ppm +62.8C EGM96:+45m 0/0Acfts[1h] RF:+0+50.1ppm/-1.00dB
CANDIDATE source=PWROCHEST destination=APRS packet=PWROCHEST>APRS,TCPIP*,qAC,GLIDERN3:>115421h v20260707 OGN-R/PilotAware
CANDIDATE source=PWNYTHBRN destination=OGNSDR packet=PWNYTHBRN>OGNSDR,TCPIP*,qAC,GLIDERN1:>115409h v0.3.2.ARM CPU:2.3 RAM:335.5/971.1MB NTP:0.5ms/-2.4ppm +55.8C EGM96:+53m 6/6Acfts[1h] Lat:1.6s RF:-3-0.6ppm/+4.70dB/+15.4dB@10km[3213]/+17.8dB@10km[5/10]
CANDIDATE source=PWNYTHBRN destination=APRS packet=PWNYTHBRN>APRS,TCPIP*,qAC,GLIDERN1:>115424h v20260707 OGN-R/PilotAware
CANDIDATE source=PWTongelr destination=OGNSDR packet=PWTongelr>OGNSDR,TCPIP*,qAC,GLIDERN2:/115400h5126.48NI00531.35E&/A=000098
CANDIDATE source=PWTongelr destination=APRS packet=PWTongelr>APRS,TCPIP*,qAC,GLIDERN2:>115428h v20260707 OGN-R/PilotAware
CANDIDATE source=PWEDLJ destination=OGNSDR packet=PWEDLJ>OGNSDR,TCPIP*,qAC,GLIDERN1:/032447h5156.28NI00854.13E&/A=000637
STATS seconds=357 packets=650 server_comments=19 matching_sources=650 parsed_receiver_packets=328 top_destinations=[OGNSDR:328, APRS:322]
CANDIDATE source=PWEDLJ destination=APRS packet=PWEDLJ>APRS,TCPIP*,qAC,GLIDERN1:>115436h v20260707 OGN-R/PilotAware
SERVER # aprsc 2.1.20-gf.5-g0178a1b 16 Sep 2026 11:54:39 GMT GLIDERN3 85.188.1.173:14580
CANDIDATE source=PWFYFIELD destination=OGNSDR packet=PWFYFIELD>OGNSDR,TCPIP*,qAC,GLIDERN1:/115433h5144.72NI00016.66E&/A=000151
CANDIDATE source=PWFYFIELD destination=APRS packet=PWFYFIELD>APRS,TCPIP*,qAC,GLIDERN1:>115441h v20260707 OGN-R/PilotAware
CANDIDATE source=PWLongSut destination=OGNSDR packet=PWLongSut>OGNSDR,TCPIP*,qAC,GLIDERN2:/115431h5246.65NI00005.83E&/A=000039
CANDIDATE source=PWLongSut destination=APRS packet=PWLongSut>APRS,TCPIP*,qAC,GLIDERN2:>115441h v20260707 OGN-R/PilotAware
CANDIDATE source=PWLROP1 destination=OGNSDR packet=PWLROP1>OGNSDR,TCPIP*,qAC,GLIDERN3:>115321h v0.3.2.ARM CPU:2.8 RAM:393.9/971.1MB NTP:2.8ms/-8.0ppm +70.9C EGM96:+35m 0/0Acfts[1h] RF:-2-1.1ppm/-1.99dB
CANDIDATE source=PWLROP1 destination=APRS packet=PWLROP1>APRS,TCPIP*,qAC,GLIDERN3:>115443h v20260707 OGN-R/PilotAware
CANDIDATE source=PWHohestr destination=OGNSDR packet=PWHohestr>OGNSDR,TCPIP*,qAC,GLIDERN1:/113953h5048.95NI01041.72E&/A=001378
CANDIDATE source=PWHohestr destination=APRS packet=PWHohestr>APRS,TCPIP*,qAC,GLIDERN1:>115446h v20260707 OGN-R/PilotAware
CANDIDATE source=PWCaunton destination=OGNSDR packet=PWCaunton>OGNSDR,TCPIP*,qAC,GLIDERN2:/115322h5307.15NI00053.58W&/A=000187
CANDIDATE source=PWCaunton destination=APRS packet=PWCaunton>APRS,TCPIP*,qAC,GLIDERN2:>115451h v20260707 OGN-R/PilotAware
CANDIDATE source=PWUKPOC destination=OGNSDR packet=PWUKPOC>OGNSDR,TCPIP*,qAC,GLIDERN3:>115333h v0.3.2.ARM CPU:3.3 RAM:406.7/971.1MB NTP:0.1ms/-9.6ppm +57.3C EGM96:+48m 24/24Acfts[1h] Lat:1.9s RF:+70-1.7ppm/+2.65dB/+10.3dB@10km[26626]/+18.2dB@10km[14/27]
CANDIDATE source=PWUKPOC destination=APRS packet=PWUKPOC>APRS,TCPIP*,qAC,GLIDERN3:>115453h v20260707 OGN-R/PilotAware
CANDIDATE source=PWBidford destination=OGNSDR packet=PWBidford>OGNSDR,TCPIP*,qAC,GLIDERN3:>115403h v0.3.2.ARM CPU:1.0 RAM:344.9/971.1MB NTP:1.5ms/-3.4ppm +48.2C EGM96:+49m 3/3Acfts[1h] Lat:1.7s RF:+0-0.6ppm/-1.01dB/+8.2dB@10km[1773]/+19.4dB@10km[4/7]
CANDIDATE source=PWBidford destination=APRS packet=PWBidford>APRS,TCPIP*,qAC,GLIDERN3:>115458h v20260707 OGN-R/PilotAware
CANDIDATE source=PWEGBN destination=OGNSDR packet=PWEGBN>OGNSDR,TCPIP*,qAC,GLIDERN1:/000127h5255.12NI00104.93W&/A=000135
CANDIDATE source=PWEGBN destination=APRS packet=PWEGBN>APRS,TCPIP*,qAC,GLIDERN1:>115458h v20260707 OGN-R/PilotAware
CANDIDATE source=PWMilson destination=OGNSDR packet=PWMilson>OGNSDR,TCPIP*,qAC,GLIDERN2:>115325h v0.3.2.ARM CPU:2.0 RAM:290.3/971.1MB NTP:0.9ms/-8.4ppm +63.4C EGM96:+51m 0/0Acfts[1h] RF:+0+67.8ppm/-1.79dB
CANDIDATE source=PWMilson destination=APRS packet=PWMilson>APRS,TCPIP*,qAC,GLIDERN2:>115458h v20260707 OGN-R/PilotAware
CANDIDATE source=PWNOWZMA8 destination=OGNSDR packet=PWNOWZMA8>OGNSDR,TCPIP*,qAC,GLIDERN3:/115429h5248.75NI00116.49E&/A=000089
CANDIDATE source=PWNOWZMA8 destination=APRS packet=PWNOWZMA8>APRS,TCPIP*,qAC,GLIDERN3:>115458h v20260707 OGN-R/PilotAware
CANDIDATE source=PWNYMPS destination=OGNSDR packet=PWNYMPS>OGNSDR,TCPIP*,qAC,GLIDERN3:>115429h v0.3.2.ARM CPU:4.5 RAM:357.7/971.1MB NTP:0.3ms/-7.8ppm +42.2C EGM96:+49m 4/6Acfts[1h] Lat:1.9s RF:+0-0.1ppm/+4.87dB/+1.5dB@10km[2599]/+10.4dB@10km[4/8]
CANDIDATE source=PWNYMPS destination=APRS packet=PWNYMPS>APRS,TCPIP*,qAC,GLIDERN3:>115458h v20260707 OGN-R/PilotAware
CANDIDATE source=PWAlyPaly destination=OGNSDR packet=PWAlyPaly>OGNSDR,TCPIP*,qAC,GLIDERN1:/000128h5136.02NI00008.56W&/A=000256
CANDIDATE source=PWAlyPaly destination=APRS packet=PWAlyPaly>APRS,TCPIP*,qAC,GLIDERN1:>115459h v20260707 OGN-R/PilotAware
SERVER # aprsc 2.1.20-gf.5-g0178a1b 16 Sep 2026 11:54:59 GMT GLIDERN3 85.188.1.173:14580
CANDIDATE source=PWSaltash destination=OGNSDR packet=PWSaltash>OGNSDR,TCPIP*,qAC,GLIDERN1:>115237h v0.3.2.ARM CPU:1.2 RAM:463.1/971.1MB NTP:1.0ms/-0.8ppm +51.9C EGM96:+53m 0/0Acfts[1h] RF:+0-0.2ppm/-0.62dB
CANDIDATE source=PWSaltash destination=APRS packet=PWSaltash>APRS,TCPIP*,qAC,GLIDERN1:>115459h v20260707 OGN-R/PilotAware
CANDIDATE source=PWDK3QA destination=OGNSDR packet=PWDK3QA>OGNSDR,TCPIP*,qAC,GLIDERN3:/000132h4951.75NI00833.86E&/A=000302
CANDIDATE source=PWDK3QA destination=APRS packet=PWDK3QA>APRS,TCPIP*,qAC,GLIDERN3:>115501h v20260707 OGN-R/PilotAware
CANDIDATE source=PWBolthed destination=OGNSDR packet=PWBolthed>OGNSDR,TCPIP*,qAC,GLIDERN1:>115329h v0.3.2.ARM CPU:1.6 RAM:298.5/971.1MB NTP:1.6ms/-7.5ppm +59.6C EGM96:+52m 0/0Acfts[1h] RF:+85+0.0ppm/-1.84dB
CANDIDATE source=PWBolthed destination=APRS packet=PWBolthed>APRS,TCPIP*,qAC,GLIDERN1:>115501h v20260707 OGN-R/PilotAware
CANDIDATE source=PWSptfire destination=OGNSDR packet=PWSptfire>OGNSDR,TCPIP*,qAC,GLIDERN2:/000124h5051.52NI00045.27W&/A=000131
CANDIDATE source=PWSptfire destination=APRS packet=PWSptfire>APRS,TCPIP*,qAC,GLIDERN2:>115502h v20260707 OGN-R/PilotAware
CANDIDATE source=PWBlair destination=OGNSDR packet=PWBlair>OGNSDR,TCPIP*,qAC,GLIDERN2:>115419h v0.3.2.ARM CPU:0.7 RAM:352.4/971.1MB NTP:1.0ms/-2.6ppm +69.8C EGM96:+53m 0/0Acfts[1h] RF:+0-0.4ppm/-2.84dB
CANDIDATE source=PWBlair destination=APRS packet=PWBlair>APRS,TCPIP*,qAC,GLIDERN2:>115505h v20260707 OGN-R/PilotAware
CANDIDATE source=PWBRORA destination=OGNSDR packet=PWBRORA>OGNSDR,TCPIP*,qAC,GLIDERN2:>115335h v0.3.2.ARM CPU:0.9 RAM:450.8/971.1MB NTP:0.6ms/-5.1ppm +50.5C EGM96:+53m 0/0Acfts[1h] RF:-2-2.5ppm/-1.72dB
STATS seconds=389 packets=686 server_comments=21 matching_sources=686 parsed_receiver_packets=346 top_destinations=[OGNSDR:346, APRS:340]
CANDIDATE source=PWBRORA destination=APRS packet=PWBRORA>APRS,TCPIP*,qAC,GLIDERN2:>115508h v20260707 OGN-R/PilotAware
CANDIDATE source=PWUKAST destination=OGNSDR packet=PWUKAST>OGNSDR,TCPIP*,qAC,GLIDERN2:>115356h v0.3.2.ARM CPU:0.9 RAM:382.8/971.1MB NTP:0.5ms/-9.6ppm +36.5C EGM96:+49m 9/9Acfts[1h] Lat:1.6s RF:-3-0.4ppm/+0.18dB/+7.4dB@10km[4218]/+22.0dB@10km[6/12]
CANDIDATE source=PWUKAST destination=APRS packet=PWUKAST>APRS,TCPIP*,qAC,GLIDERN2:>115510h v20260707 OGN-R/PilotAware
CANDIDATE source=PWEGHS destination=OGNSDR packet=PWEGHS>OGNSDR,TCPIP*,qAC,GLIDERN2:>115358h v0.3.2.ARM CPU:2.2 RAM:304.0/971.1MB NTP:0.3ms/-3.7ppm +61.2C EGM96:+49m 4/4Acfts[1h] Lat:1.6s RF:-2-1.9ppm/-1.56dB/+3.8dB@10km[530]/+10.7dB@10km[4/8]
CANDIDATE source=PWEGHS destination=APRS packet=PWEGHS>APRS,TCPIP*,qAC,GLIDERN2:>115510h v20260707 OGN-R/PilotAware
CANDIDATE source=PWUKRAT destination=OGNSDR packet=PWUKRAT>OGNSDR,TCPIP*,qAC,GLIDERN1:>115358h v0.3.2.ARM CPU:0.7 RAM:331.4/971.1MB NTP:0.2ms/+22.2ppm +67.7C EGM96:+46m 5/5Acfts[1h] Lat:1.6s RF:+115+0.1ppm/-0.31dB/-3.9dB@10km[634]/+14.0dB@10km[3/6]
CANDIDATE source=PWUKRAT destination=APRS packet=PWUKRAT>APRS,TCPIP*,qAC,GLIDERN1:>115511h v20260707 OGN-R/PilotAware
CANDIDATE source=PWEKilbri destination=OGNSDR packet=PWEKilbri>OGNSDR,TCPIP*,qAC,GLIDERN3:>115358h v0.3.2.ARM CPU:1.1 RAM:368.8/971.1MB NTP:1.0ms/+0.2ppm +63.4C EGM96:+54m 0/0Acfts[1h] RF:+19+2.3ppm/+2.00dB
CANDIDATE source=PWEKilbri destination=APRS packet=PWEKilbri>APRS,TCPIP*,qAC,GLIDERN3:>115512h v20260707 OGN-R/PilotAware
CANDIDATE source=PWOlney destination=OGNSDR packet=PWOlney>OGNSDR,TCPIP*,qAC,GLIDERN1:/000138h5209.45NI00041.81W&/A=000194
CANDIDATE source=PWOlney destination=APRS packet=PWOlney>APRS,TCPIP*,qAC,GLIDERN1:>115512h v20260707 OGN-R/PilotAware
CANDIDATE source=PWUKBIG destination=OGNSDR packet=PWUKBIG>OGNSDR,TCPIP*,qAC,GLIDERN3:>115359h v0.3.2.ARM CPU:0.6 RAM:341.5/971.1MB NTP:1.9ms/-4.7ppm +67.7C EGM96:+47m 8/8Acfts[1h] Lat:1.6s RF:+75-0.9ppm/-1.01dB/+11.1dB@10km[4311]/+20.3dB@10km[7/14]
CANDIDATE source=PWUKBIG destination=APRS packet=PWUKBIG>APRS,TCPIP*,qAC,GLIDERN3:>115512h v20260707 OGN-R/PilotAware
CANDIDATE source=PWLL402 destination=OGNSDR packet=PWLL402>OGNSDR,TCPIP*,qAC,GLIDERN1:>115356h v0.3.2.ARM CPU:0.3 RAM:371.1/971.1MB NTP:0.4ms/-5.2ppm +53.7C EGM96:+54m 0/0Acfts[1h] RF:+0+0.0ppm/-1.44dB
CANDIDATE source=PWLL402 destination=APRS packet=PWLL402>APRS,TCPIP*,qAC,GLIDERN1:>115512h v20260707 OGN-R/PilotAware
CANDIDATE source=PWEryri destination=OGNSDR packet=PWEryri>OGNSDR,TCPIP*,qAC,GLIDERN2:>115357h v0.3.2.ARM CPU:2.3 RAM:316.1/971.1MB NTP:1.1ms/-6.4ppm +60.1C EGM96:+54m 0/0Acfts[1h] RF:+0+0.0ppm/+1.84dB/+14.5dB@10km[129]/+14.5dB@10km[1/1]
CANDIDATE source=PWEryri destination=APRS packet=PWEryri>APRS,TCPIP*,qAC,GLIDERN2:>115513h v20260707 OGN-R/PilotAware
CANDIDATE source=PWBWADE1 destination=OGNSDR packet=PWBWADE1>OGNSDR,TCPIP*,qAC,GLIDERN3:>115356h v0.3.2.ARM CPU:0.8 RAM:323.6/971.1MB NTP:0.4ms/-7.0ppm +62.3C EGM96:+47m 0/0Acfts[1h] RF:+0+70.3ppm/-1.17dB
CANDIDATE source=PWBWADE1 destination=APRS packet=PWBWADE1>APRS,TCPIP*,qAC,GLIDERN3:>115513h v20260707 OGN-R/PilotAware
CANDIDATE source=PWSuttonB destination=OGNSDR packet=PWSuttonB>OGNSDR,TCPIP*,qAC,GLIDERN3:>115357h v0.3.2.ARM CPU:0.9 RAM:368.3/971.1MB NTP:0.7ms/-6.3ppm +59.1C EGM96:+49m 24/24Acfts[1h] Lat:1.7s RF:+53+7.5ppm/-0.29dB/+13.3dB@10km[22996]/+17.3dB@10km[14/27]
CANDIDATE source=PWSuttonB destination=APRS packet=PWSuttonB>APRS,TCPIP*,qAC,GLIDERN3:>115513h v20260707 OGN-R/PilotAware
CANDIDATE source=PWSolway destination=OGNSDR packet=PWSolway>OGNSDR,TCPIP*,qAC,GLIDERN2:>115400h v0.3.2.ARM CPU:1.1 RAM:357.6/971.1MB NTP:0.6ms/-6.3ppm +69.8C EGM96:+53m 1/1Acfts[1h] RF:+31+0.3ppm/-1.76dB/+4.6dB@10km[153]/+4.6dB@10km[1/1]
CANDIDATE source=PWSolway destination=APRS packet=PWSolway>APRS,TCPIP*,qAC,GLIDERN2:>115513h v20260707 OGN-R/PilotAware
CANDIDATE source=PWUKTIB destination=OGNSDR packet=PWUKTIB>OGNSDR,TCPIP*,qAC,GLIDERN1:>115359h v0.3.2.ARM CPU:1.7 RAM:343.6/971.1MB NTP:0.7ms/-3.6ppm +61.2C EGM96:+45m 7/7Acfts[1h] Lat:1.6s RF:-3-1.5ppm/+5.05dB/-0.7dB@10km[2548]/+2.3dB@10km[3/6]
CANDIDATE source=PWUKTIB destination=APRS packet=PWUKTIB>APRS,TCPIP*,qAC,GLIDERN1:>115514h v20260707 OGN-R/PilotAware
CANDIDATE source=PWPAWLime destination=OGNSDR packet=PWPAWLime>OGNSDR,TCPIP*,qAC,GLIDERN2:>115400h v0.3.2.ARM CPU:0.9 RAM:371.4/971.1MB NTP:1.8ms/-2.0ppm +59.6C EGM96:+56m 0/0Acfts[1h] RF:-4+0.4ppm/-1.41dB
CANDIDATE source=PWPAWLime destination=APRS packet=PWPAWLime>APRS,TCPIP*,qAC,GLIDERN2:>115514h v20260707 OGN-R/PilotAware
CANDIDATE source=PWEGNH destination=OGNSDR packet=PWEGNH>OGNSDR,TCPIP*,qAC,GLIDERN1:>115359h v0.3.2.ARM CPU:2.9 RAM:321.8/971.1MB NTP:0.2ms/-10.4ppm +62.8C EGM96:+53m 4/4Acfts[1h] RF:-2-1.1ppm/+5.52dB/+11.0dB@10km[676]/+13.8dB@10km[3/6]
CANDIDATE source=PWEGNH destination=APRS packet=PWEGNH>APRS,TCPIP*,qAC,GLIDERN1:>115514h v20260707 OGN-R/PilotAware
CANDIDATE source=PWBSFAir destination=OGNSDR packet=PWBSFAir>OGNSDR,TCPIP*,qAC,GLIDERN3:>115431h v0.3.2.ARM CPU:3.2 RAM:271.8/971.1MB NTP:1.8ms/-3.7ppm +75.2C EGM96:+49m 20/21Acfts[1h] Lat:1.8s RF:-2-1.1ppm/-1.26dB/+18.7dB@10km[21061]/+21.5dB@10km[12/23]
CANDIDATE source=PWBSFAir destination=APRS packet=PWBSFAir>APRS,TCPIP*,qAC,GLIDERN3:>115514h v20260707 OGN-R/PilotAware
CANDIDATE source=PWEGBD destination=OGNSDR packet=PWEGBD>OGNSDR,TCPIP*,qAC,GLIDERN1:>115359h v0.3.2.ARM CPU:2.8 RAM:299.7/971.1MB NTP:0.2ms/-9.6ppm +75.2C EGM96:+50m 0/0Acfts[1h] RF:+0-0.1ppm/-1.63dB/+13.0dB@10km[173]/+23.1dB@10km[3/5]
CANDIDATE source=PWEGBD destination=APRS packet=PWEGBD>APRS,TCPIP*,qAC,GLIDERN1:>115514h v20260707 OGN-R/PilotAware
CANDIDATE source=PWWorcest destination=OGNSDR packet=PWWorcest>OGNSDR,TCPIP*,qAC,GLIDERN1:>115358h v0.3.2.ARM CPU:1.3 RAM:306.7/971.1MB NTP:0.3ms/-8.1ppm +46.2C EGM96:+50m 2/2Acfts[1h] RF:-2-2.0ppm/-1.21dB/+16.2dB@10km[1865]/+18.0dB@10km[3/5]
CANDIDATE source=PWWorcest destination=APRS packet=PWWorcest>APRS,TCPIP*,qAC,GLIDERN1:>115514h v20260707 OGN-R/PilotAware
CANDIDATE source=PWEGCB destination=OGNSDR packet=PWEGCB>OGNSDR,TCPIP*,qAC,GLIDERN1:>115400h v0.3.2.ARM CPU:2.8 RAM:321.2/971.1MB NTP:0.3ms/-3.3ppm +78.4C EGM96:+52m 2/2Acfts[1h] RF:-1-0.2ppm/+2.03dB/+10.9dB@10km[389]/+17.7dB@10km[3/6]
CANDIDATE source=PWEGCB destination=APRS packet=PWEGCB>APRS,TCPIP*,qAC,GLIDERN1:>115514h v20260707 OGN-R/PilotAware
CANDIDATE source=PWLedbury destination=OGNSDR packet=PWLedbury>OGNSDR,TCPIP*,qAC,GLIDERN3:>115357h v0.3.2.ARM CPU:0.6 RAM:330.9/971.1MB NTP:0.2ms/-5.1ppm +60.1C EGM96:+50m 0/0Acfts[1h] RF:+0-0.9ppm/-1.70dB/+16.9dB@10km[171]/+16.9dB@10km[1/1]
CANDIDATE source=PWLedbury destination=APRS packet=PWLedbury>APRS,TCPIP*,qAC,GLIDERN3:>115514h v20260707 OGN-R/PilotAware
CANDIDATE source=PWUKSAN destination=OGNSDR packet=PWUKSAN>OGNSDR,TCPIP*,qAC,GLIDERN1:>115355h v0.3.2.ARM CPU:2.0 RAM:358.1/968.2MB NTP:0.9ms/-1.0ppm +64.5C EGM96:+48m 8/8Acfts[1h] Lat:1.7s RF:-1+0.7ppm/-1.78dB/+21.7dB@10km[4370]/+24.2dB@10km[8/16]
CANDIDATE source=PWUKSAN destination=APRS packet=PWUKSAN>APRS,TCPIP*,qAC,GLIDERN1:>115514h v20260707 OGN-R/PilotAware
CANDIDATE source=PWWOG2 destination=OGNSDR packet=PWWOG2>OGNSDR,TCPIP*,qAC,GLIDERN3:>115400h v0.3.2.ARM CPU:2.0 RAM:254.0/971.1MB NTP:0.3ms/-6.5ppm +62.8C EGM96:+48m 5/6Acfts[1h] Lat:1.2s RF:+0+0.0ppm/+2.93dB/+14.5dB@10km[1268]/+18.8dB@10km[5/9]
CANDIDATE source=PWWOG2 destination=APRS packet=PWWOG2>APRS,TCPIP*,qAC,GLIDERN3:>115515h v20260707 OGN-R/PilotAware
CANDIDATE source=PWEGVP destination=OGNSDR packet=PWEGVP>OGNSDR,TCPIP*,qAC,GLIDERN2:/000147h5108.65NI00134.71W&/A=000308
CANDIDATE source=PWEGVP destination=APRS packet=PWEGVP>APRS,TCPIP*,qAC,GLIDERN2:>115514h v20260707 OGN-R/PilotAware
CANDIDATE source=PWNewbury destination=OGNSDR packet=PWNewbury>OGNSDR,TCPIP*,qAC,GLIDERN3:>115358h v0.3.2.ARM CPU:0.7 RAM:369.7/971.1MB NTP:0.4ms/-6.6ppm +61.2C EGM96:+47m 7/7Acfts[1h] Lat:1.6s RF:+36-0.7ppm/+0.18dB/+13.5dB@10km[895]/+13.5dB@10km[7/13]
CANDIDATE source=PWNewbury destination=APRS packet=PWNewbury>APRS,TCPIP*,qAC,GLIDERN3:>115515h v20260707 OGN-R/PilotAware
CANDIDATE source=PWLSSGGOE destination=OGNSDR packet=PWLSSGGOE>OGNSDR,TCPIP*,qAC,GLIDERN2:>115359h v0.3.2.ARM CPU:0.7 RAM:374.8/971.1MB NTP:0.2ms/-2.1ppm +57.5C EGM96:+46m 0/0Acfts[1h] RF:+1-0.9ppm/+5.84dB/-5.0dB@10km[107]/-0.3dB@10km[2/3]
CANDIDATE source=PWLSSGGOE destination=APRS packet=PWLSSGGOE>APRS,TCPIP*,qAC,GLIDERN2:>115515h v20260707 OGN-R/PilotAware
CANDIDATE source=PWBrother destination=OGNSDR packet=PWBrother>OGNSDR,TCPIP*,qAC,GLIDERN2:>115359h v0.3.2.ARM CPU:3.2 RAM:351.7/971.1MB NTP:0.2ms/-5.2ppm +75.2C EGM96:+49m 1/1Acfts[1h] RF:-3-0.5ppm/+0.47dB/+7.6dB@10km[354]/+18.5dB@10km[3/5]
CANDIDATE source=PWBrother destination=APRS packet=PWBrother>APRS,TCPIP*,qAC,GLIDERN2:>115515h v20260707 OGN-R/PilotAware
CANDIDATE source=PWUKNWLD destination=OGNSDR packet=PWUKNWLD>OGNSDR,TCPIP*,qAC,GLIDERN2:>115356h v0.3.2.ARM CPU:0.8 RAM:322.1/971.1MB NTP:0.3ms/-4.3ppm +54.2C EGM96:+46m 0/0Acfts[1h] RF:+0+77.2ppm/-13.76dB
CANDIDATE source=PWUKNWLD destination=APRS packet=PWUKNWLD>APRS,TCPIP*,qAC,GLIDERN2:>115515h v20260707 OGN-R/PilotAware
CANDIDATE source=PWSolhull destination=OGNSDR packet=PWSolhull>OGNSDR,TCPIP*,qAC,GLIDERN2:>115400h v0.3.2.ARM CPU:1.9 RAM:328.0/971.1MB NTP:0.6ms/-3.8ppm +70.9C EGM96:+50m 0/0Acfts[1h] RF:+27+4.7ppm/+4.38dB
CANDIDATE source=PWSolhull destination=APRS packet=PWSolhull>APRS,TCPIP*,qAC,GLIDERN2:>115515h v20260707 OGN-R/PilotAware
CANDIDATE source=PWKemble destination=OGNSDR packet=PWKemble>OGNSDR,TCPIP*,qAC,GLIDERN2:>115321h v0.3.2.ARM CPU:4.4 RAM:357.8/971.1MB NTP:0.9ms/-2.8ppm +60.0C EGM96:+49m 6/8Acfts[1h] Lat:1.8s RF:+19+0.1ppm/-1.51dB/+11.3dB@10km[4125]/+16.7dB@10km[6/11]
CANDIDATE source=PWKemble destination=APRS packet=PWKemble>APRS,TCPIP*,qAC,GLIDERN2:>115515h v20260707 OGN-R/PilotAware
CANDIDATE source=PWAlconbu destination=OGNSDR packet=PWAlconbu>OGNSDR,TCPIP*,qAC,GLIDERN2:>115400h v0.3.2.ARM CPU:0.8 RAM:333.7/971.1MB NTP:1.0ms/-4.4ppm +59.1C EGM96:+47m 8/8Acfts[1h] Lat:1.7s RF:+51+0.2ppm/-0.42dB/+14.3dB@10km[5615]/+16.5dB@10km[7/14]
CANDIDATE source=PWAlconbu destination=APRS packet=PWAlconbu>APRS,TCPIP*,qAC,GLIDERN2:>115515h v20260707 OGN-R/PilotAware
CANDIDATE source=PWPAWWSTN destination=OGNSDR packet=PWPAWWSTN>OGNSDR,TCPIP*,qAC,GLIDERN1:>115400h v0.3.2.ARM CPU:1.6 RAM:351.9/971.1MB NTP:2.0ms/-8.0ppm +56.4C EGM96:+56m 0/0Acfts[1h] RF:-3-0.4ppm/+2.91dB
CANDIDATE source=PWPAWWSTN destination=APRS packet=PWPAWWSTN>APRS,TCPIP*,qAC,GLIDERN1:>115515h v20260707 OGN-R/PilotAware
CANDIDATE source=PWBurn destination=OGNSDR packet=PWBurn>OGNSDR,TCPIP*,qAC,GLIDERN1:>115358h v0.3.2.ARM CPU:2.6 RAM:354.7/971.1MB NTP:1.0ms/-3.7ppm +73.6C EGM96:+48m 4/4Acfts[1h] Lat:5.2s RF:+41-2.8ppm/+3.30dB/+12.5dB@10km[1045]/+19.1dB@10km[5/9]
CANDIDATE source=PWBurn destination=APRS packet=PWBurn>APRS,TCPIP*,qAC,GLIDERN1:>115516h v20260707 OGN-R/PilotAware
CANDIDATE source=PWHestBnk destination=OGNSDR packet=PWHestBnk>OGNSDR,TCPIP*,qAC,GLIDERN3:>115400h v0.3.2.ARM CPU:2.1 RAM:312.8/971.1MB NTP:0.5ms/-3.3ppm +60.1C EGM96:+53m 1/1Acfts[1h] RF:-1+0.1ppm/-0.97dB/+7.8dB@10km[245]/+8.0dB@10km[1/2]
CANDIDATE source=PWHestBnk destination=APRS packet=PWHestBnk>APRS,TCPIP*,qAC,GLIDERN3:>115516h v20260707 OGN-R/PilotAware
CANDIDATE source=PWOverfrm destination=OGNSDR packet=PWOverfrm>OGNSDR,TCPIP*,qAC,GLIDERN3:>115400h v0.3.2.ARM CPU:2.5 RAM:281.8/971.1MB NTP:0.6ms/-5.3ppm +73.1C EGM96:+50m 7/9Acfts[1h] Lat:1.7s RF:-2-0.6ppm/-1.44dB/+17.2dB@10km[2887]/+18.7dB@10km[7/14]
CANDIDATE source=PWOverfrm destination=APRS packet=PWOverfrm>APRS,TCPIP*,qAC,GLIDERN3:>115516h v20260707 OGN-R/PilotAware
CANDIDATE source=PWOrwell destination=OGNSDR packet=PWOrwell>OGNSDR,TCPIP*,qAC,GLIDERN2:>115359h v0.3.2.ARM CPU:1.2 RAM:330.6/971.1MB NTP:3.9ms/-4.9ppm +53.7C EGM96:+46m 4/4Acfts[1h] Lat:1.6s RF:-1-0.1ppm/+3.84dB/+6.2dB@10km[2978]/+6.8dB@10km[3/5]
CANDIDATE source=PWOrwell destination=APRS packet=PWOrwell>APRS,TCPIP*,qAC,GLIDERN2:>115516h v20260707 OGN-R/PilotAware
CANDIDATE source=PWWrthing destination=OGNSDR packet=PWWrthing>OGNSDR,TCPIP*,qAC,GLIDERN3:>115356h v0.3.2.ARM CPU:2.9 RAM:288.6/971.1MB NTP:1.4ms/-4.5ppm +56.9C EGM96:+45m 4/4Acfts[1h] Lat:1.5s RF:+1-0.9ppm/+4.54dB/+4.8dB@10km[1053]/+3.7dB@10km[4/7]
CANDIDATE source=PWWrthing destination=APRS packet=PWWrthing>APRS,TCPIP*,qAC,GLIDERN3:>115516h v20260707 OGN-R/PilotAware
CANDIDATE source=PWMorecam destination=OGNSDR packet=PWMorecam>OGNSDR,TCPIP*,qAC,GLIDERN3:>115357h v0.3.2.ARM CPU:1.1 RAM:355.3/971.1MB NTP:0.3ms/-4.7ppm +56.4C EGM96:+53m 1/1Acfts[1h] RF:-1-0.4ppm/-0.34dB/+3.3dB@10km[19]/+4.2dB@10km[1/2]
CANDIDATE source=PWMorecam destination=APRS packet=PWMorecam>APRS,TCPIP*,qAC,GLIDERN3:>115516h v20260707 OGN-R/PilotAware
CANDIDATE source=PWERKRTH1 destination=OGNSDR packet=PWERKRTH1>OGNSDR,TCPIP*,qAC,GLIDERN3:>115417h v0.3.2.ARM CPU:2.7 RAM:315.1/971.1MB NTP:0.5ms/-4.4ppm +79.0C EGM96:+46m 0/0Acfts[1h] RF:-2+0.0ppm/+1.14dB/+12.2dB@10km[163]/+18.9dB@10km[3/5]
CANDIDATE source=PWERKRTH1 destination=APRS packet=PWERKRTH1>APRS,TCPIP*,qAC,GLIDERN3:>115516h v20260707 OGN-R/PilotAware
CANDIDATE source=PWEDDG1 destination=OGNSDR packet=PWEDDG1>OGNSDR,TCPIP*,qAC,GLIDERN3:>115357h v0.3.2.ARM CPU:0.7 RAM:363.9/971.1MB NTP:0.4ms/-3.3ppm +56.9C EGM96:+44m 0/0Acfts[1h] RF:+0+60.3ppm/-0.98dB
CANDIDATE source=PWEDDG1 destination=APRS packet=PWEDDG1>APRS,TCPIP*,qAC,GLIDERN3:>115516h v20260707 OGN-R/PilotAware
CANDIDATE source=PWCastle destination=OGNSDR packet=PWCastle>OGNSDR,TCPIP*,qAC,GLIDERN2:>115359h v0.3.2.ARM CPU:2.5 RAM:313.4/971.1MB NTP:0.5ms/-9.5ppm +69.3C EGM96:+46m 0/0Acfts[1h] RF:+0+72.9ppm/+5.63dB
CANDIDATE source=PWCastle destination=APRS packet=PWCastle>APRS,TCPIP*,qAC,GLIDERN2:>115516h v20260707 OGN-R/PilotAware
CANDIDATE source=PWStonyln destination=OGNSDR packet=PWStonyln>OGNSDR,TCPIP*,qAC,GLIDERN3:>115400h v0.3.2.ARM CPU:1.6 RAM:278.6/971.1MB NTP:2.2ms/-12.1ppm +61.2C EGM96:+50m 2/2Acfts[1h] RF:-2-1.5ppm/-1.44dB/+18.8dB@10km[873]/+19.1dB@10km[2/4]
CANDIDATE source=PWStonyln destination=APRS packet=PWStonyln>APRS,TCPIP*,qAC,GLIDERN3:>115516h v20260707 OGN-R/PilotAware
CANDIDATE source=PWEHaxted destination=OGNSDR packet=PWEHaxted>OGNSDR,TCPIP*,qAC,GLIDERN2:>115400h v0.3.2.ARM CPU:4.7 RAM:337.5/971.1MB NTP:0.6ms/-4.7ppm +69.3C EGM96:+45m 16/16Acfts[1h] Lat:3.6s RF:-3+0.2ppm/+1.05dB/+15.9dB@10km[2500]/+18.0dB@10km[10/20]
CANDIDATE source=PWEHaxted destination=APRS packet=PWEHaxted>APRS,TCPIP*,qAC,GLIDERN2:>115516h v20260707 OGN-R/PilotAware
CANDIDATE source=PWEGHP destination=OGNSDR packet=PWEGHP>OGNSDR,TCPIP*,qAC,GLIDERN3:>115359h v0.3.2.ARM CPU:3.0 RAM:290.1/971.1MB NTP:1.3ms/-5.1ppm +64.5C EGM96:+47m 113/113Acfts[1h] Lat:1.7s RF:-3-0.5ppm/-1.62dB/+12.3dB@10km[13918]/+12.2dB@10km[84/167]
CANDIDATE source=PWEGHP destination=APRS packet=PWEGHP>APRS,TCPIP*,qAC,GLIDERN3:>115517h v20260707 OGN-R/PilotAware
CANDIDATE source=PWFlthorp destination=OGNSDR packet=PWFlthorp>OGNSDR,TCPIP*,qAC,GLIDERN2:>115359h v0.3.2.ARM CPU:2.2 RAM:306.8/971.1MB NTP:0.3ms/-8.0ppm +65.0C EGM96:+45m 3/3Acfts[1h] Lat:1.7s RF:-1+0.2ppm/-2.25dB/+14.7dB@10km[686]/+15.2dB@10km[3/5]
CANDIDATE source=PWHADFOLD destination=OGNSDR packet=PWHADFOLD>OGNSDR,TCPIP*,qAC,GLIDERN1:>115359h v0.3.2.ARM CPU:2.9 RAM:267.9/971.1MB NTP:0.3ms/-5.3ppm +61.2C EGM96:+46m 10/10Acfts[1h] Lat:1.6s RF:-2-3.0ppm/-2.22dB/+2.5dB@10km[1381]/+4.6dB@10km[6/12]
CANDIDATE source=PWHADFOLD destination=APRS packet=PWHADFOLD>APRS,TCPIP*,qAC,GLIDERN1:>115516h v20260707 OGN-R/PilotAware
CANDIDATE source=PWEGPS destination=OGNSDR packet=PWEGPS>OGNSDR,TCPIP*,qAC,GLIDERN1:>115401h v0.3.2.ARM CPU:0.9 RAM:410.3/971.1MB NTP:2.6ms/-5.1ppm +55.8C EGM96:+50m 0/0Acfts[1h] RF:-3-0.8ppm/-1.82dB
CANDIDATE source=PWEGPS destination=APRS packet=PWEGPS>APRS,TCPIP*,qAC,GLIDERN1:>115517h v20260707 OGN-R/PilotAware
CANDIDATE source=PWFlthorp destination=APRS packet=PWFlthorp>APRS,TCPIP*,qAC,GLIDERN2:>115517h v20260707 OGN-R/PilotAware
CANDIDATE source=PWWratty destination=OGNSDR packet=PWWratty>OGNSDR,TCPIP*,qAC,GLIDERN2:>115400h v0.3.2.ARM CPU:3.1 RAM:312.9/971.1MB NTP:0.3ms/-7.9ppm +58.5C EGM96:+45m 4/4Acfts[1h] Lat:1.6s RF:+0-0.4ppm/-1.79dB/+11.0dB@10km[899]/+14.9dB@10km[4/8]
CANDIDATE source=PWWratty destination=APRS packet=PWWratty>APRS,TCPIP*,qAC,GLIDERN2:>115517h v20260707 OGN-R/PilotAware
CANDIDATE source=PWDerbyS destination=OGNSDR packet=PWDerbyS>OGNSDR,TCPIP*,qAC,GLIDERN2:>115400h v0.3.2.ARM CPU:2.6 RAM:287.3/971.1MB NTP:0.5ms/-6.5ppm +61.8C EGM96:+50m 0/0Acfts[1h] RF:+0-0.7ppm/-1.38dB/+16.5dB@10km[581]/+22.7dB@10km[6/11]
CANDIDATE source=PWDerbyS destination=APRS packet=PWDerbyS>APRS,TCPIP*,qAC,GLIDERN2:>115517h v20260707 OGN-R/PilotAware
CANDIDATE source=PWPudsey destination=OGNSDR packet=PWPudsey>OGNSDR,TCPIP*,qAC,GLIDERN1:>115402h v0.3.2.ARM CPU:2.3 RAM:318.7/971.1MB NTP:1.1ms/-3.3ppm +75.2C EGM96:+50m 0/0Acfts[1h] RF:-3-1.2ppm/+6.04dB/+1.0dB@10km[137]/+1.0dB@10km[1/1]
CANDIDATE source=PWPudsey destination=APRS packet=PWPudsey>APRS,TCPIP*,qAC,GLIDERN1:>115516h v20260707 OGN-R/PilotAware
CANDIDATE source=PWBreigh destination=OGNSDR packet=PWBreigh>OGNSDR,TCPIP*,qAC,GLIDERN1:>115358h v0.3.2.ARM CPU:1.2 RAM:359.3/971.1MB NTP:3.1ms/-8.2ppm +58.5C EGM96:+48m 0/0Acfts[1h] RF:+49+0.0ppm/-1.97dB
CANDIDATE source=PWBreigh destination=APRS packet=PWBreigh>APRS,TCPIP*,qAC,GLIDERN1:>115517h v20260707 OGN-R/PilotAware
CANDIDATE source=PWPriory destination=OGNSDR packet=PWPriory>OGNSDR,TCPIP*,qAC,GLIDERN1:>115359h v0.3.2.ARM CPU:1.4 RAM:387.3/971.1MB NTP:0.4ms/-2.3ppm +60.1C EGM96:+45m 5/5Acfts[1h] Lat:1.5s RF:-2-1.8ppm/-1.68dB/+4.3dB@10km[5182]/+10.8dB@10km[4/8]
CANDIDATE source=PWPriory destination=APRS packet=PWPriory>APRS,TCPIP*,qAC,GLIDERN1:>115517h v20260707 OGN-R/PilotAware
CANDIDATE source=PWEGNW destination=OGNSDR packet=PWEGNW>OGNSDR,TCPIP*,qAC,GLIDERN2:>115359h v0.3.2.ARM CPU:2.8 RAM:339.7/971.1MB NTP:2.2ms/-2.9ppm +79.5C EGM96:+47m 9/9Acfts[1h] Lat:1.6s RF:+0-0.7ppm/-1.27dB/+15.7dB@10km[5363]/+20.4dB@10km[11/22]
CANDIDATE source=PWEGKA destination=OGNSDR packet=PWEGKA>OGNSDR,TCPIP*,qAC,GLIDERN2:>115400h v0.3.2.ARM CPU:3.3 RAM:288.7/971.1MB NTP:0.3ms/-2.1ppm +71.4C EGM96:+45m 3/3Acfts[1h] Lat:1.9s RF:-1-0.6ppm/+0.07dB/-4.9dB@10km[304]/+9.1dB@10km[3/5]
CANDIDATE source=PWEGKA destination=APRS packet=PWEGKA>APRS,TCPIP*,qAC,GLIDERN2:>115517h v20260707 OGN-R/PilotAware
CANDIDATE source=PWEGNW destination=APRS packet=PWEGNW>APRS,TCPIP*,qAC,GLIDERN2:>115517h v20260707 OGN-R/PilotAware
CANDIDATE source=PWBkpark destination=OGNSDR packet=PWBkpark>OGNSDR,TCPIP*,qAC,GLIDERN2:>115359h v0.3.2.ARM CPU:0.8 RAM:291.7/971.1MB NTP:1.2ms/-3.2ppm +50.5C EGM96:+46m 0/0Acfts[1h] RF:-4+0.4ppm/-1.55dB/+4.5dB@10km[224]/+4.5dB@10km[1/1]
CANDIDATE source=PWBkpark destination=APRS packet=PWBkpark>APRS,TCPIP*,qAC,GLIDERN2:>115517h v20260707 OGN-R/PilotAware
CANDIDATE source=PWEGHN destination=OGNSDR packet=PWEGHN>OGNSDR,TCPIP*,qAC,GLIDERN1:>115359h v0.3.2.ARM CPU:1.0 RAM:410.9/971.1MB NTP:0.7ms/-0.5ppm +72.5C EGM96:+46m 0/0Acfts[1h] RF:+0+0.0ppm/-1.46dB
CANDIDATE source=PWEGHN destination=APRS packet=PWEGHN>APRS,TCPIP*,qAC,GLIDERN1:>115517h v20260707 OGN-R/PilotAware
CANDIDATE source=PWRadley destination=OGNSDR packet=PWRadley>OGNSDR,TCPIP*,qAC,GLIDERN2:>115401h v0.3.2.ARM CPU:2.8 RAM:277.5/971.1MB NTP:0.2ms/-0.8ppm +68.8C EGM96:+48m 0/0Acfts[1h] RF:-1+0.4ppm/-1.38dB/+1.4dB@10km[115]/+1.4dB@10km[1/1]
CANDIDATE source=PWRadley destination=APRS packet=PWRadley>APRS,TCPIP*,qAC,GLIDERN2:>115517h v20260707 OGN-R/PilotAware
CANDIDATE source=PWBodmin destination=OGNSDR packet=PWBodmin>OGNSDR,TCPIP*,qAC,GLIDERN3:>115221h v0.3.2.ARM CPU:2.5 RAM:338.0/971.1MB NTP:3.0ms/-4.5ppm +56.4C EGM96:+53m 0/0Acfts[1h] RF:+0-0.5ppm/-0.56dB
CANDIDATE source=PWBodmin destination=APRS packet=PWBodmin>APRS,TCPIP*,qAC,GLIDERN3:>115518h v20260707 OGN-R/PilotAware
CANDIDATE source=PWLenzie destination=OGNSDR packet=PWLenzie>OGNSDR,TCPIP*,qAC,GLIDERN3:>115359h v0.3.2.ARM CPU:1.0 RAM:335.3/971.1MB NTP:0.3ms/-9.7ppm +61.2C EGM96:+54m 0/0Acfts[1h] RF:+26+8.1ppm/+2.02dB/+14.9dB@10km[288]/+14.9dB@10km[1/1]
CANDIDATE source=PWLenzie destination=APRS packet=PWLenzie>APRS,TCPIP*,qAC,GLIDERN3:>115518h v20260707 OGN-R/PilotAware
CANDIDATE source=PWKilkeel destination=OGNSDR packet=PWKilkeel>OGNSDR,TCPIP*,qAC,GLIDERN2:>115359h v0.3.2.ARM CPU:1.8 RAM:332.6/971.1MB NTP:0.4ms/-0.5ppm +63.9C EGM96:+56m 0/0Acfts[1h] RF:-2+1.2ppm/+6.58dB
CANDIDATE source=PWKilkeel destination=APRS packet=PWKilkeel>APRS,TCPIP*,qAC,GLIDERN2:>115518h v20260707 OGN-R/PilotAware
CANDIDATE source=PWAfton destination=OGNSDR packet=PWAfton>OGNSDR,TCPIP*,qAC,GLIDERN3:>115358h v0.3.2.ARM CPU:2.6 RAM:318.6/971.1MB NTP:1.1ms/-4.1ppm +66.6C EGM96:+47m 6/6Acfts[1h] Lat:1.6s RF:-4+0.5ppm/+1.53dB/+10.3dB@10km[1447]/+21.3dB@10km[6/12]
CANDIDATE source=PWAfton destination=APRS packet=PWAfton>APRS,TCPIP*,qAC,GLIDERN3:>115518h v20260707 OGN-R/PilotAware
CANDIDATE source=PWABromly destination=OGNSDR packet=PWABromly>OGNSDR,TCPIP*,qAC,GLIDERN1:>115359h v0.3.2.ARM CPU:1.3 RAM:321.9/971.1MB NTP:3.3ms/-2.9ppm +60.1C EGM96:+50m 0/0Acfts[1h] RF:-2-0.6ppm/+4.06dB
CANDIDATE source=PWABromly destination=APRS packet=PWABromly>APRS,TCPIP*,qAC,GLIDERN1:>115518h v20260707 OGN-R/PilotAware
CANDIDATE source=PWEDAD destination=OGNSDR packet=PWEDAD>OGNSDR,TCPIP*,qAC,GLIDERN3:>115400h v0.3.2.ARM CPU:1.2 RAM:394.0/971.1MB NTP:0.2ms/-5.3ppm +54.8C EGM96:+43m 1/1Acfts[1h] RF:+0-0.1ppm/-0.56dB
CANDIDATE source=PWEDAD destination=APRS packet=PWEDAD>APRS,TCPIP*,qAC,GLIDERN3:>115518h v20260707 OGN-R/PilotAware
CANDIDATE source=PWPidding destination=OGNSDR packet=PWPidding>OGNSDR,TCPIP*,qAC,GLIDERN3:>115400h v0.3.2.ARM CPU:2.8 RAM:303.2/971.1MB NTP:0.7ms/-7.5ppm +76.3C EGM96:+48m 1/2Acfts[1h] RF:-3-0.1ppm/+2.25dB/+8.3dB@10km[200]/+12.9dB@10km[2/4]
CANDIDATE source=PWPidding destination=APRS packet=PWPidding>APRS,TCPIP*,qAC,GLIDERN3:>115518h v20260707 OGN-R/PilotAware
CANDIDATE source=PWLegerwd destination=OGNSDR packet=PWLegerwd>OGNSDR,TCPIP*,qAC,GLIDERN1:>115404h v0.3.2.ARM CPU:1.5 RAM:388.1/971.1MB NTP:0.3ms/-3.9ppm +50.3C EGM96:+52m 0/0Acfts[1h] RF:+0-0.5ppm/-1.61dB/+17.2dB@10km[54]/+17.2dB@10km[1/1]
CANDIDATE source=PWLegerwd destination=APRS packet=PWLegerwd>APRS,TCPIP*,qAC,GLIDERN1:>115518h v20260707 OGN-R/PilotAware
CANDIDATE source=PWChesham destination=OGNSDR packet=PWChesham>OGNSDR,TCPIP*,qAC,GLIDERN3:>115419h v0.3.2.ARM CPU:2.3 RAM:269.2/971.1MB NTP:0.6ms/-6.3ppm +60.1C EGM96:+47m 0/0Acfts[1h] RF:-1+0.0ppm/-1.45dB/+13.3dB@10km[586]/+13.3dB@10km[1/1]
CANDIDATE source=PWChesham destination=APRS packet=PWChesham>APRS,TCPIP*,qAC,GLIDERN3:>115518h v20260707 OGN-R/PilotAware
CANDIDATE source=PWGrasmer destination=OGNSDR packet=PWGrasmer>OGNSDR,TCPIP*,qAC,GLIDERN1:>115359h v0.3.2.ARM CPU:1.6 RAM:362.3/971.1MB NTP:0.3ms/-13.9ppm +61.8C EGM96:+53m 1/1Acfts[1h] RF:-11+42.0ppm/-0.28dB/-1.9dB@10km[41]/-1.9dB@10km[1/1]
CANDIDATE source=PWGrasmer destination=APRS packet=PWGrasmer>APRS,TCPIP*,qAC,GLIDERN1:>115518h v20260707 OGN-R/PilotAware
CANDIDATE source=PWKernan destination=OGNSDR packet=PWKernan>OGNSDR,TCPIP*,qAC,GLIDERN3:>115505h v0.3.2.ARM CPU:0.6 RAM:404.7/971.1MB NTP:0.2ms/-5.1ppm +54.8C EGM96:+57m 0/0Acfts[1h] RF:-2+0.6ppm/-1.10dB
CANDIDATE source=PWKernan destination=APRS packet=PWKernan>APRS,TCPIP*,qAC,GLIDERN3:>115519h v20260707 OGN-R/PilotAware
CANDIDATE source=PWCW57 destination=OGNSDR packet=PWCW57>OGNSDR,TCPIP*,qAC,GLIDERN1:>115400h v0.3.2.ARM CPU:1.8 RAM:316.8/971.1MB NTP:0.5ms/-3.3ppm +61.8C EGM96:+52m 2/2Acfts[1h] RF:+0-0.6ppm/-1.70dB/+10.2dB@10km[1331]/+13.5dB@10km[2/4]
CANDIDATE source=PWCW57 destination=APRS packet=PWCW57>APRS,TCPIP*,qAC,GLIDERN1:>115519h v20260707 OGN-R/PilotAware
CANDIDATE source=PWRock destination=OGNSDR packet=PWRock>OGNSDR,TCPIP*,qAC,GLIDERN2:>115400h v0.3.2.ARM CPU:1.4 RAM:308.6/971.1MB NTP:0.3ms/-1.5ppm +61.8C EGM96:+51m 3/3Acfts[1h] Lat:1.5s RF:-1+0.1ppm/-1.71dB/+19.0dB@10km[4325]/+22.0dB@10km[3/6]
CANDIDATE source=PWRock destination=APRS packet=PWRock>APRS,TCPIP*,qAC,GLIDERN2:>115519h v20260707 OGN-R/PilotAware
CANDIDATE source=PWNMORTON destination=OGNSDR packet=PWNMORTON>OGNSDR,TCPIP*,qAC,GLIDERN1:>115400h v0.3.2.ARM CPU:3.1 RAM:228.0/971.1MB NTP:0.5ms/-2.7ppm +69.8C EGM96:+47m 0/0Acfts[1h] RF:+0+72.6ppm/-1.62dB
CANDIDATE source=PWNMORTON destination=APRS packet=PWNMORTON>APRS,TCPIP*,qAC,GLIDERN1:>115519h v20260707 OGN-R/PilotAware
CANDIDATE source=PWEGAE destination=OGNSDR packet=PWEGAE>OGNSDR,TCPIP*,qAC,GLIDERN1:>115359h v0.3.2.ARM CPU:1.2 RAM:345.6/971.1MB NTP:0.3ms/-3.9ppm +58.0C EGM96:+57m 0/0Acfts[1h] RF:-1+0.4ppm/-0.21dB
CANDIDATE source=PWEGAE destination=APRS packet=PWEGAE>APRS,TCPIP*,qAC,GLIDERN1:>115519h v20260707 OGN-R/PilotAware
CANDIDATE source=PWStonham destination=OGNSDR packet=PWStonham>OGNSDR,TCPIP*,qAC,GLIDERN2:>115400h v0.3.2.ARM CPU:2.2 RAM:301.0/971.1MB NTP:0.4ms/-3.1ppm +76.3C EGM96:+45m 0/0Acfts[1h] RF:+0-0.1ppm/-0.78dB/+14.9dB@10km[32]/+17.1dB@10km[2/3]
CANDIDATE source=PWStonham destination=APRS packet=PWStonham>APRS,TCPIP*,qAC,GLIDERN2:>115519h v20260707 OGN-R/PilotAware
CANDIDATE source=PWEschdor destination=OGNSDR packet=PWEschdor>OGNSDR,TCPIP*,qAC,GLIDERN1:>115359h v0.3.2.ARM CPU:2.5 RAM:362.5/971.1MB NTP:0.5ms/-4.2ppm +48.8C EGM96:+48m 0/0Acfts[1h] RF:+0-0.0ppm/-0.59dB
CANDIDATE source=PWEschdor destination=APRS packet=PWEschdor>APRS,TCPIP*,qAC,GLIDERN1:>115519h v20260707 OGN-R/PilotAware
CANDIDATE source=PWBmsgrve destination=OGNSDR packet=PWBmsgrve>OGNSDR,TCPIP*,qAC,GLIDERN2:>115400h v0.3.2.ARM CPU:2.1 RAM:353.6/971.1MB NTP:0.4ms/-5.5ppm +71.4C EGM96:+50m 1/1Acfts[1h] RF:+26+0.8ppm/+2.01dB/+13.7dB@10km[356]/+13.8dB@10km[1/2]
CANDIDATE source=PWBmsgrve destination=APRS packet=PWBmsgrve>APRS,TCPIP*,qAC,GLIDERN2:>115519h v20260707 OGN-R/PilotAware
CANDIDATE source=PWEggford destination=OGNSDR packet=PWEggford>OGNSDR,TCPIP*,qAC,GLIDERN3:>115403h v0.3.2.ARM CPU:1.9 RAM:396.6/971.1MB NTP:0.5ms/-5.0ppm +56.4C EGM96:+53m 6/6Acfts[1h] Lat:1.6s RF:+0-0.7ppm/-1.75dB/+17.1dB@10km[529]/+19.7dB@10km[4/7]
CANDIDATE source=PWEggford destination=APRS packet=PWEggford>APRS,TCPIP*,qAC,GLIDERN3:>115519h v20260707 OGN-R/PilotAware
CANDIDATE source=PWESMI2 destination=OGNSDR packet=PWESMI2>OGNSDR,TCPIP*,qAC,GLIDERN3:>115359h v0.3.2.ARM CPU:1.5 RAM:397.7/971.1MB NTP:0.4ms/-3.6ppm +58.0C EGM96:+35m 0/0Acfts[1h] RF:-1-0.1ppm/+0.61dB
CANDIDATE source=PWESMI2 destination=APRS packet=PWESMI2>APRS,TCPIP*,qAC,GLIDERN3:>115519h v20260707 OGN-R/PilotAware
SERVER # aprsc 2.1.20-gf.5-g0178a1b 16 Sep 2026 11:55:19 GMT GLIDERN3 85.188.1.173:14580
CANDIDATE source=PWTroutbk destination=OGNSDR packet=PWTroutbk>OGNSDR,TCPIP*,qAC,GLIDERN1:>115357h v0.3.2.ARM CPU:1.6 RAM:347.7/971.1MB NTP:0.2ms/-7.4ppm +52.1C EGM96:+53m 1/1Acfts[1h] RF:-3-0.4ppm/-0.74dB/+28.1dB@10km[5]/+28.1dB@10km[1/1]
CANDIDATE source=PWTroutbk destination=APRS packet=PWTroutbk>APRS,TCPIP*,qAC,GLIDERN1:>115519h v20260707 OGN-R/PilotAware
CANDIDATE source=PWHappisb destination=OGNSDR packet=PWHappisb>OGNSDR,TCPIP*,qAC,GLIDERN1:>115356h v0.3.2.ARM CPU:1.3 RAM:324.6/971.1MB NTP:2.4ms/-7.8ppm +56.9C EGM96:+45m 0/0Acfts[1h] RF:-2-0.3ppm/-1.79dB/+21.0dB@10km[106]/+24.3dB@10km[1/2]
CANDIDATE source=PWHappisb destination=APRS packet=PWHappisb>APRS,TCPIP*,qAC,GLIDERN1:>115519h v20260707 OGN-R/PilotAware
CANDIDATE source=PWEGBT destination=OGNSDR packet=PWEGBT>OGNSDR,TCPIP*,qAC,GLIDERN2:>115401h v0.3.2.ARM CPU:2.2 RAM:399.3/971.1MB NTP:1.2ms/-5.7ppm +69.8C EGM96:+48m 9/10Acfts[1h] Lat:1.5s RF:-1+0.3ppm/-0.34dB/+16.0dB@10km[5178]/+22.3dB@10km[9/18]
CANDIDATE source=PWEGBT destination=APRS packet=PWEGBT>APRS,TCPIP*,qAC,GLIDERN2:>115519h v20260707 OGN-R/PilotAware
CANDIDATE source=PWWHill destination=OGNSDR packet=PWWHill>OGNSDR,TCPIP*,qAC,GLIDERN3:>115400h v0.3.2.ARM CPU:2.1 RAM:283.5/971.1MB NTP:2.0ms/-3.3ppm +62.3C EGM96:+46m 8/9Acfts[1h] Lat:1.7s RF:+0-0.5ppm/+6.74dB/+11.2dB@10km[140]/+12.4dB@10km[7/13]
CANDIDATE source=PWWHill destination=APRS packet=PWWHill>APRS,TCPIP*,qAC,GLIDERN3:>115519h v20260707 OGN-R/PilotAware
CANDIDATE source=PWShipley destination=OGNSDR packet=PWShipley>OGNSDR,TCPIP*,qAC,GLIDERN3:>115400h v0.3.2.ARM CPU:3.6 RAM:315.2/971.1MB NTP:0.2ms/-5.5ppm +75.8C EGM96:+46m 8/8Acfts[1h] Lat:1.6s RF:-1-0.1ppm/+6.51dB/+1.9dB@10km[676]/+3.1dB@10km[6/12]
CANDIDATE source=PWShipley destination=APRS packet=PWShipley>APRS,TCPIP*,qAC,GLIDERN3:>115519h v20260707 OGN-R/PilotAware
CANDIDATE source=PWAsslar destination=OGNSDR packet=PWAsslar>OGNSDR,TCPIP*,qAC,GLIDERN1:>115400h v0.3.2.ARM CPU:6.0 RAM:482.5/971.1MB NTP:0.3ms/-6.9ppm +67.7C EGM96:+49m 3/3Acfts[1h] Lat:1.8s RF:+0+0.0ppm/+0.15dB/+14.6dB@10km[3466]/+17.8dB@10km[4/7]
CANDIDATE source=PWAsslar destination=APRS packet=PWAsslar>APRS,TCPIP*,qAC,GLIDERN1:>115519h v20260707 OGN-R/PilotAware
CANDIDATE source=PWLudgers destination=OGNSDR packet=PWLudgers>OGNSDR,TCPIP*,qAC,GLIDERN2:>115359h v0.3.2.ARM CPU:2.0 RAM:326.5/971.1MB NTP:0.4ms/-2.8ppm +53.7C EGM96:+48m 6/6Acfts[1h] Lat:1.6s RF:+3+0.0ppm/-1.41dB/+16.4dB@10km[4139]/+17.6dB@10km[5/10]
CANDIDATE source=PWLudgers destination=APRS packet=PWLudgers>APRS,TCPIP*,qAC,GLIDERN2:>115519h v20260707 OGN-R/PilotAware
CANDIDATE source=PWWilmcot destination=OGNSDR packet=PWWilmcot>OGNSDR,TCPIP*,qAC,GLIDERN2:>115358h v0.3.3.ARM CPU:2.7 RAM:221.8/971.1MB NTP:6.5ms/-7.1ppm +40.8C EGM96:+49m 0/0Acfts[1h] RF:+0+0.0ppm/-1.41dB/+18.1dB@10km[48]/+18.1dB@10km[1/1]
CANDIDATE source=PWWilmcot destination=APRS packet=PWWilmcot>APRS,TCPIP*,qAC,GLIDERN2:>115519h v20260707 OGN-R/PilotAware
CANDIDATE source=PWFSW2 destination=OGNSDR packet=PWFSW2>OGNSDR,TCPIP*,qAC,GLIDERN1:>115401h v0.3.2.ARM CPU:0.7 RAM:366.8/971.1MB NTP:0.5ms/-3.0ppm +64.5C EGM96:+46m 8/9Acfts[1h] Lat:1.6s RF:+0-1.3ppm/+4.58dB/+1.9dB@10km[4318]/+5.5dB@10km[10/19]
CANDIDATE source=PWFSW2 destination=APRS packet=PWFSW2>APRS,TCPIP*,qAC,GLIDERN1:>115520h v20260707 OGN-R/PilotAware
CANDIDATE source=PWEDMB destination=OGNSDR packet=PWEDMB>OGNSDR,TCPIP*,qAC,GLIDERN2:>115402h v0.3.2.ARM CPU:4.2 RAM:305.3/971.1MB NTP:1.3ms/-0.7ppm +84.9C EGM96:+47m 0/0Acfts[1h] RF:-1+0.1ppm/-1.72dB/+17.9dB@10km[3072]/+19.9dB@10km[4/7]
CANDIDATE source=PWEDMB destination=APRS packet=PWEDMB>APRS,TCPIP*,qAC,GLIDERN2:>115519h v20260707 OGN-R/PilotAware
CANDIDATE source=PWIOWPARA destination=OGNSDR packet=PWIOWPARA>OGNSDR,TCPIP*,qAC,GLIDERN1:>115359h v0.3.2.ARM CPU:2.5 RAM:320.3/971.1MB NTP:0.4ms/-6.7ppm +61.8C EGM96:+47m 2/2Acfts[1h] Lat:1.5s RF:+0-0.3ppm/-1.15dB/+8.6dB@10km[1932]/+21.2dB@10km[3/6]
CANDIDATE source=PWIOWPARA destination=APRS packet=PWIOWPARA>APRS,TCPIP*,qAC,GLIDERN1:>115520h v20260707 OGN-R/PilotAware
CANDIDATE source=PWCodsall destination=OGNSDR packet=PWCodsall>OGNSDR,TCPIP*,qAC,GLIDERN1:>115359h v0.3.2.ARM CPU:0.7 RAM:306.9/971.1MB NTP:0.6ms/-2.4ppm +56.9C EGM96:+51m 0/0Acfts[1h] RF:-24+51.5ppm/+1.17dB
CANDIDATE source=PWCodsall destination=APRS packet=PWCodsall>APRS,TCPIP*,qAC,GLIDERN1:>115520h v20260707 OGN-R/PilotAware
CANDIDATE source=PWEDAWT destination=OGNSDR packet=PWEDAWT>OGNSDR,TCPIP*,qAC,GLIDERN3:>115400h v0.3.2.ARM CPU:1.2 RAM:343.1/971.1MB NTP:1.3ms/-4.7ppm +42.9C EGM96:+44m 0/0Acfts[1h] RF:-2-4.0ppm/-1.10dB/+9.9dB@10km[211]/+9.9dB@10km[1/1]
CANDIDATE source=PWEDAWT destination=APRS packet=PWEDAWT>APRS,TCPIP*,qAC,GLIDERN3:>115520h v20260707 OGN-R/PilotAware
CANDIDATE source=PWEGVL destination=OGNSDR packet=PWEGVL>OGNSDR,TCPIP*,qAC,GLIDERN2:>115400h v0.3.2.ARM CPU:3.8 RAM:226.6/971.1MB NTP:1.3ms/-6.1ppm +72.0C EGM96:+48m 19/20Acfts[1h] Lat:1.7s RF:-2+0.2ppm/-1.22dB/+22.9dB@10km[6001]/+24.4dB@10km[16/32]
CANDIDATE source=PWEGVL destination=APRS packet=PWEGVL>APRS,TCPIP*,qAC,GLIDERN2:>115520h v20260707 OGN-R/PilotAware
CANDIDATE source=PWNSFIELD destination=OGNSDR packet=PWNSFIELD>OGNSDR,TCPIP*,qAC,GLIDERN2:>115404h v0.3.2.ARM CPU:2.2 RAM:358.2/971.1MB NTP:0.6ms/-5.2ppm +47.6C EGM96:+50m 0/0Acfts[1h] RF:-1+0.1ppm/+6.20dB
CANDIDATE source=PWNSFIELD destination=APRS packet=PWNSFIELD>APRS,TCPIP*,qAC,GLIDERN2:>115520h v20260707 OGN-R/PilotAware
CANDIDATE source=PWHeadon destination=OGNSDR packet=PWHeadon>OGNSDR,TCPIP*,qAC,GLIDERN2:>115359h v0.3.2.ARM CPU:2.9 RAM:284.2/971.1MB NTP:0.6ms/-1.0ppm +82.7C EGM96:+48m 9/9Acfts[1h] Lat:1.6s RF:-1-0.4ppm/-1.79dB/+18.2dB@10km[14552]/+25.9dB@10km[15/30]
CANDIDATE source=PWHeadon destination=APRS packet=PWHeadon>APRS,TCPIP*,qAC,GLIDERN2:>115521h v20260707 OGN-R/PilotAware
CANDIDATE source=PWEGNY destination=OGNSDR packet=PWEGNY>OGNSDR,TCPIP*,qAC,GLIDERN3:>115406h v0.3.2.ARM CPU:1.3 RAM:366.1/971.1MB NTP:1.2ms/-9.4ppm +70.9C EGM96:+47m 1/1Acfts[1h] Lat:1.5s RF:+37+7.2ppm/-1.77dB/+13.1dB@10km[601]/+13.3dB@10km[2/3]
CANDIDATE source=PWEGNY destination=APRS packet=PWEGNY>APRS,TCPIP*,qAC,GLIDERN3:>115521h v20260707 OGN-R/PilotAware
CANDIDATE source=PWCoylton destination=OGNSDR packet=PWCoylton>OGNSDR,TCPIP*,qAC,GLIDERN1:>115403h v0.3.2.ARM CPU:0.9 RAM:377.8/971.1MB NTP:0.2ms/-6.7ppm +53.5C EGM96:+55m 0/0Acfts[1h] RF:+0-0.2ppm/+1.92dB
CANDIDATE source=PWCoylton destination=APRS packet=PWCoylton>APRS,TCPIP*,qAC,GLIDERN1:>115521h v20260707 OGN-R/PilotAware
CANDIDATE source=PWPwick destination=OGNSDR packet=PWPwick>OGNSDR,TCPIP*,qAC,GLIDERN1:>115400h v0.3.2.ARM CPU:2.2 RAM:382.8/971.1MB NTP:0.7ms/-0.4ppm +64.5C EGM96:+55m 0/0Acfts[1h] RF:-1-0.0ppm/-1.36dB
CANDIDATE source=PWPwick destination=APRS packet=PWPwick>APRS,TCPIP*,qAC,GLIDERN1:>115521h v20260707 OGN-R/PilotAware
CANDIDATE source=PWEGCJ destination=OGNSDR packet=PWEGCJ>OGNSDR,TCPIP*,qAC,GLIDERN3:>115403h v0.3.2.ARM CPU:1.4 RAM:379.9/971.1MB NTP:0.2ms/-3.4ppm +60.0C EGM96:+49m 6/6Acfts[1h] Lat:1.6s RF:+0-0.6ppm/+1.41dB/+9.5dB@10km[2361]/+15.0dB@10km[6/11]
CANDIDATE source=PWEGCJ destination=APRS packet=PWEGCJ>APRS,TCPIP*,qAC,GLIDERN3:>115521h v20260707 OGN-R/PilotAware
CANDIDATE source=PWEGBO destination=OGNSDR packet=PWEGBO>OGNSDR,TCPIP*,qAC,GLIDERN2:>115403h v0.3.2.ARM CPU:1.9 RAM:342.1/971.1MB NTP:0.4ms/+0.7ppm +60.5C EGM96:+51m 5/5Acfts[1h] Lat:1.6s RF:+26+4.0ppm/-1.82dB/+14.7dB@10km[4867]/+14.9dB@10km[4/8]
CANDIDATE source=PWEGBO destination=APRS packet=PWEGBO>APRS,TCPIP*,qAC,GLIDERN2:>115521h v20260707 OGN-R/PilotAware
CANDIDATE source=PWLANGHAM destination=OGNSDR packet=PWLANGHAM>OGNSDR,TCPIP*,qAC,GLIDERN1:>115402h v0.3.2.ARM CPU:1.8 RAM:403.2/971.1MB NTP:0.5ms/-8.9ppm +57.5C EGM96:+49m 11/11Acfts[1h] Lat:1.6s RF:-3+0.0ppm/+4.16dB/+15.0dB@10km[10163]/+17.0dB@10km[8/15]
CANDIDATE source=PWLANGHAM destination=APRS packet=PWLANGHAM>APRS,TCPIP*,qAC,GLIDERN1:>115521h v20260707 OGN-R/PilotAware
CANDIDATE source=PWPAWSNBG destination=OGNSDR packet=PWPAWSNBG>OGNSDR,TCPIP*,qAC,GLIDERN1:>115040h v0.3.2.ARM CPU:2.5 RAM:343.6/971.1MB NTP:0.4ms/-3.9ppm +73.6C EGM96:+57m 0/0Acfts[1h] RF:-3-0.3ppm/-2.06dB
CANDIDATE source=PWPAWSNBG destination=APRS packet=PWPAWSNBG>APRS,TCPIP*,qAC,GLIDERN1:>115522h v20260707 OGN-R/PilotAware
CANDIDATE source=PWEGSL destination=OGNSDR packet=PWEGSL>OGNSDR,TCPIP*,qAC,GLIDERN2:>115400h v0.3.2.ARM CPU:4.4 RAM:281.0/971.1MB NTP:0.5ms/-4.0ppm +86.0C EGM96:+46m 0/0Acfts[1h] RF:+40+2.9ppm/-3.64dB
CANDIDATE source=PWEGSL destination=APRS packet=PWEGSL>APRS,TCPIP*,qAC,GLIDERN2:>115522h v20260707 OGN-R/PilotAware
CANDIDATE source=PWEDGB destination=OGNSDR packet=PWEDGB>OGNSDR,TCPIP*,qAC,GLIDERN2:>115400h v0.3.2.ARM CPU:2.8 RAM:297.4/971.1MB NTP:0.3ms/-1.5ppm +63.4C EGM96:+49m 1/1Acfts[1h] RF:+0-0.1ppm/+5.71dB/+8.4dB@10km[533]/+8.4dB@10km[1/2]
CANDIDATE source=PWEDGB destination=APRS packet=PWEDGB>APRS,TCPIP*,qAC,GLIDERN2:>115522h v20260707 OGN-R/PilotAware
CANDIDATE source=PWEGCA destination=OGNSDR packet=PWEGCA>OGNSDR,TCPIP*,qAC,GLIDERN1:>115408h v0.3.2.ARM CPU:3.1 RAM:370.8/971.1MB NTP:1.8ms/-0.4ppm +66.6C EGM96:+50m 0/0Acfts[1h] RF:+0-0.6ppm/+6.05dB
CANDIDATE source=PWEGCA destination=APRS packet=PWEGCA>APRS,TCPIP*,qAC,GLIDERN1:>115522h v20260707 OGN-R/PilotAware
CANDIDATE source=PWWettena destination=OGNSDR packet=PWWettena>OGNSDR,TCPIP*,qAC,GLIDERN2:>115400h v0.3.2.ARM CPU:2.4 RAM:412.9/971.1MB NTP:1.9ms/-2.8ppm +61.8C EGM96:+49m 0/0Acfts[1h] RF:+0-4.4ppm/+7.62dB
CANDIDATE source=PWWettena destination=APRS packet=PWWettena>APRS,TCPIP*,qAC,GLIDERN2:>115522h v20260707 OGN-R/PilotAware
CANDIDATE source=PWFASH destination=OGNSDR packet=PWFASH>OGNSDR,TCPIP*,qAC,GLIDERN1:>115404h v0.3.2.ARM CPU:1.0 RAM:363.4/971.1MB NTP:0.9ms/-5.8ppm +56.4C EGM96:+31m 1/1Acfts[1h] Lat:1.6s RF:-2+0.7ppm/-1.65dB/+19.1dB@10km[2470]/+20.1dB@10km[3/5]
CANDIDATE source=PWFASH destination=APRS packet=PWFASH>APRS,TCPIP*,qAC,GLIDERN1:>115522h v20260707 OGN-R/PilotAware
CANDIDATE source=PWDriffie destination=OGNSDR packet=PWDriffie>OGNSDR,TCPIP*,qAC,GLIDERN3:>115401h v0.3.2.ARM CPU:1.3 RAM:339.1/971.1MB NTP:0.6ms/-1.7ppm +62.8C EGM96:+47m 1/1Acfts[1h] Lat:1.6s RF:+0+0.0ppm/+0.03dB/+9.5dB@10km[29]/+9.5dB@10km[1/1]
CANDIDATE source=PWDriffie destination=APRS packet=PWDriffie>APRS,TCPIP*,qAC,GLIDERN3:>115522h v20260707 OGN-R/PilotAware
CANDIDATE source=PWEGAD destination=OGNSDR packet=PWEGAD>OGNSDR,TCPIP*,qAC,GLIDERN3:>115358h v0.3.2.ARM CPU:0.7 RAM:394.9/971.1MB NTP:0.9ms/-10.5ppm +53.7C EGM96:+56m 0/0Acfts[1h] RF:-1+0.4ppm/+3.09dB
CANDIDATE source=PWEGAD destination=APRS packet=PWEGAD>APRS,TCPIP*,qAC,GLIDERN3:>115522h v20260707 OGN-R/PilotAware
CANDIDATE source=PWEGCG destination=OGNSDR packet=PWEGCG>OGNSDR,TCPIP*,qAC,GLIDERN2:>115411h v0.3.2.ARM CPU:0.5 RAM:365.4/971.1MB NTP:2.3ms/-6.2ppm +66.1C EGM96:+46m 5/5Acfts[1h] Lat:1.6s RF:+0-0.4ppm/-1.51dB/+15.4dB@10km[7313]/+22.8dB@10km[11/21]
CANDIDATE source=PWEGCG destination=APRS packet=PWEGCG>APRS,TCPIP*,qAC,GLIDERN2:>115522h v20260707 OGN-R/PilotAware
CANDIDATE source=PWBrig destination=OGNSDR packet=PWBrig>OGNSDR,TCPIP*,qAC,GLIDERN1:>115404h v0.3.2.ARM CPU:2.3 RAM:375.0/971.1MB NTP:0.5ms/-9.8ppm +50.8C EGM96:+50m 0/0Acfts[1h] RF:-1+0.3ppm/+5.78dB
CANDIDATE source=PWBrig destination=APRS packet=PWBrig>APRS,TCPIP*,qAC,GLIDERN1:>115524h v20260707 OGN-R/PilotAware
CANDIDATE source=PWCLDONNY destination=OGNSDR packet=PWCLDONNY>OGNSDR,TCPIP*,qAC,GLIDERN3:>115407h v0.3.2.ARM CPU:2.8 RAM:324.4/971.1MB NTP:1.1ms/-9.9ppm +68.8C EGM96:+49m 0/0Acfts[1h] RF:-3-1.0ppm/+5.65dB/+6.4dB@10km[74]/+6.4dB@10km[1/1]
CANDIDATE source=PWCLDONNY destination=APRS packet=PWCLDONNY>APRS,TCPIP*,qAC,GLIDERN3:>115524h v20260707 OGN-R/PilotAware
CANDIDATE source=PWEGNR destination=OGNSDR packet=PWEGNR>OGNSDR,TCPIP*,qAC,GLIDERN2:>115406h v0.3.2.ARM CPU:3.8 RAM:280.3/971.1MB NTP:0.2ms/-0.0ppm +64.8C EGM96:+53m 1/1Acfts[1h] RF:+25+5.3ppm/+1.29dB/+9.2dB@10km[3225]/+22.8dB@10km[5/10]
CANDIDATE source=PWEGNR destination=APRS packet=PWEGNR>APRS,TCPIP*,qAC,GLIDERN2:>115524h v20260707 OGN-R/PilotAware
CANDIDATE source=PWEGCM destination=OGNSDR packet=PWEGCM>OGNSDR,TCPIP*,qAC,GLIDERN1:>115400h v0.3.2.ARM CPU:3.0 RAM:363.5/971.1MB NTP:0.3ms/+0.4ppm +69.3C EGM96:+49m 24/24Acfts[1h] Lat:1.7s RF:-1-0.1ppm/-0.95dB/+16.4dB@10km[22489]/+20.0dB@10km[16/32]
CANDIDATE source=PWEGCM destination=APRS packet=PWEGCM>APRS,TCPIP*,qAC,GLIDERN1:>115524h v20260707 OGN-R/PilotAware
CANDIDATE source=PWBude destination=OGNSDR packet=PWBude>OGNSDR,TCPIP*,qAC,GLIDERN1:>115410h v0.3.2.ARM CPU:2.5 RAM:323.1/971.1MB NTP:0.2ms/-5.9ppm +59.1C EGM96:+53m 0/0Acfts[1h] RF:-2-1.1ppm/-0.90dB
CANDIDATE source=PWBude destination=APRS packet=PWBude>APRS,TCPIP*,qAC,GLIDERN1:>115524h v20260707 OGN-R/PilotAware
CANDIDATE source=PWEGOE destination=OGNSDR packet=PWEGOE>OGNSDR,TCPIP*,qAC,GLIDERN3:>115410h v0.3.2.ARM CPU:1.7 RAM:316.2/971.1MB NTP:2.3ms/-5.6ppm +58.0C EGM96:+52m 8/8Acfts[1h] Lat:1.5s RF:-2-1.4ppm/-1.65dB/+13.5dB@10km[13817]/+18.1dB@10km[8/16]
CANDIDATE source=PWEGOE destination=APRS packet=PWEGOE>APRS,TCPIP*,qAC,GLIDERN3:>115524h v20260707 OGN-R/PilotAware
CANDIDATE source=PWAspen destination=OGNSDR packet=PWAspen>OGNSDR,TCPIP*,qAC,GLIDERN2:>115404h v0.3.2.ARM CPU:1.4 RAM:390.6/971.1MB NTP:0.4ms/+24.6ppm +51.4C EGM96:+52m 0/0Acfts[1h] RF:+0-1.0ppm/+6.68dB
CANDIDATE source=PWAspen destination=APRS packet=PWAspen>APRS,TCPIP*,qAC,GLIDERN2:>115524h v20260707 OGN-R/PilotAware
CANDIDATE source=PWMargam destination=OGNSDR packet=PWMargam>OGNSDR,TCPIP*,qAC,GLIDERN1:>115407h v0.3.2.ARM CPU:2.5 RAM:355.7/971.1MB NTP:1.5ms/-6.6ppm +69.8C EGM96:+53m 0/0Acfts[1h] RF:+0-0.7ppm/+2.82dB/+12.8dB@10km[3784]/+12.8dB@10km[1/1]
CANDIDATE source=PWMargam destination=APRS packet=PWMargam>APRS,TCPIP*,qAC,GLIDERN1:>115525h v20260707 OGN-R/PilotAware
CANDIDATE source=PWThame destination=OGNSDR packet=PWThame>OGNSDR,TCPIP*,qAC,GLIDERN1:>115400h v0.3.2.ARM CPU:1.7 RAM:296.6/971.1MB NTP:1.0ms/-3.2ppm +59.1C EGM96:+47m 1/1Acfts[1h] RF:+0+0.0ppm/+2.07dB/-0.8dB@10km[38]/+2.0dB@10km[1/2]
CANDIDATE source=PWThame destination=APRS packet=PWThame>APRS,TCPIP*,qAC,GLIDERN1:>115525h v20260707 OGN-R/PilotAware
CANDIDATE source=PWTolland destination=OGNSDR packet=PWTolland>OGNSDR,TCPIP*,qAC,GLIDERN2:>115404h v0.3.2.ARM CPU:1.5 RAM:379.4/971.1MB NTP:0.9ms/+1.7ppm +60.5C EGM96:+51m 6/6Acfts[1h] Lat:1.6s RF:+0+0.1ppm/-1.89dB/+16.5dB@10km[3471]/+19.7dB@10km[3/6]
CANDIDATE source=PWTolland destination=APRS packet=PWTolland>APRS,TCPIP*,qAC,GLIDERN2:>115525h v20260707 OGN-R/PilotAware
CANDIDATE source=PWATOMANN destination=OGNSDR packet=PWATOMANN>OGNSDR,TCPIP*,qAC,GLIDERN1:>115400h v0.3.2.ARM CPU:1.5 RAM:389.3/971.1MB NTP:1.6ms/+0.4ppm +55.8C EGM96:+55m 0/0Acfts[1h] RF:-3-0.3ppm/+7.17dB
CANDIDATE source=PWATOMANN destination=APRS packet=PWATOMANN>APRS,TCPIP*,qAC,GLIDERN1:>115526h v20260707 OGN-R/PilotAware
CANDIDATE source=PWLASHAM destination=OGNSDR packet=PWLASHAM>OGNSDR,TCPIP*,qAC,GLIDERN3:>115409h v0.3.2.ARM CPU:3.3 RAM:276.3/971.1MB NTP:0.3ms/-8.4ppm +67.1C EGM96:+46m 767/767Acfts[1h] Lat:1.9s RF:-1+0.4ppm/+4.46dB/-1.7dB@10km[22918]/-0.8dB@10km[127/254]
CANDIDATE source=PWLASHAM destination=APRS packet=PWLASHAM>APRS,TCPIP*,qAC,GLIDERN3:>115526h v20260707 OGN-R/PilotAware
CANDIDATE source=PWStratha destination=OGNSDR packet=PWStratha>OGNSDR,TCPIP*,qAC,GLIDERN2:>115405h v0.3.2.ARM CPU:1.2 RAM:361.0/971.1MB NTP:0.2ms/-1.3ppm +47.6C EGM96:+54m 0/0Acfts[1h] RF:+0+0.2ppm/+6.95dB
CANDIDATE source=PWStratha destination=APRS packet=PWStratha>APRS,TCPIP*,qAC,GLIDERN2:>115526h v20260707 OGN-R/PilotAware
CANDIDATE source=PWWhitfie destination=OGNSDR packet=PWWhitfie>OGNSDR,TCPIP*,qAC,GLIDERN2:>115409h v0.3.2.ARM CPU:1.6 RAM:354.8/971.1MB NTP:1.4ms/-6.9ppm +59.6C EGM96:+45m 0/0Acfts[1h] RF:+0+0.2ppm/-0.99dB
CANDIDATE source=PWWhitfie destination=APRS packet=PWWhitfie>APRS,TCPIP*,qAC,GLIDERN2:>115526h v20260707 OGN-R/PilotAware
CANDIDATE source=PWEshott destination=OGNSDR packet=PWEshott>OGNSDR,TCPIP*,qAC,GLIDERN1:>115403h v0.3.2.ARM CPU:2.0 RAM:380.0/971.1MB NTP:1.2ms/-11.1ppm +50.8C EGM96:+50m 1/1Acfts[1h] RF:-1+0.2ppm/-1.52dB/+24.5dB@10km[1367]/+24.5dB@10km[1/1]
CANDIDATE source=PWEshott destination=APRS packet=PWEshott>APRS,TCPIP*,qAC,GLIDERN1:>115526h v20260707 OGN-R/PilotAware
CANDIDATE source=PWUKHAD destination=OGNSDR packet=PWUKHAD>OGNSDR,TCPIP*,qAC,GLIDERN2:>115412h v0.3.2.ARM CPU:1.9 RAM:339.6/971.1MB NTP:3.4ms/-5.9ppm +62.3C EGM96:+50m 1/1Acfts[1h] RF:+0-0.5ppm/-1.32dB/+11.3dB@10km[1026]/+11.3dB@10km[1/1]
CANDIDATE source=PWUKHAD destination=APRS packet=PWUKHAD>APRS,TCPIP*,qAC,GLIDERN2:>115526h v20260707 OGN-R/PilotAware
CANDIDATE source=PWVerchoq destination=OGNSDR packet=PWVerchoq>OGNSDR,TCPIP*,qAC,GLIDERN2:>115406h v0.3.2.ARM CPU:3.7 RAM:313.5/971.1MB NTP:0.4ms/-2.0ppm +62.8C EGM96:+44m 0/0Acfts[1h] RF:+0-0.7ppm/-2.67dB
CANDIDATE source=PWVerchoq destination=APRS packet=PWVerchoq>APRS,TCPIP*,qAC,GLIDERN2:>115526h v20260707 OGN-R/PilotAware
CANDIDATE source=PWGtYrmth destination=OGNSDR packet=PWGtYrmth>OGNSDR,TCPIP*,qAC,GLIDERN3:>115402h v0.3.2.ARM CPU:2.8 RAM:321.8/971.1MB NTP:0.8ms/-7.9ppm +49.4C EGM96:+45m 0/0Acfts[1h] RF:-3+0.2ppm/+4.60dB
CANDIDATE source=PWGtYrmth destination=APRS packet=PWGtYrmth>APRS,TCPIP*,qAC,GLIDERN3:>115527h v20260707 OGN-R/PilotAware
CANDIDATE source=PWEGWC destination=OGNSDR packet=PWEGWC>OGNSDR,TCPIP*,qAC,GLIDERN1:>115412h v0.3.2.ARM CPU:2.5 RAM:289.6/971.1MB NTP:2.2ms/-4.9ppm +60.7C EGM96:+51m 4/4Acfts[1h] Lat:1.7s RF:+0-0.6ppm/+3.59dB/+9.1dB@10km[4551]/+11.3dB@10km[4/7]
CANDIDATE source=PWEGWC destination=APRS packet=PWEGWC>APRS,TCPIP*,qAC,GLIDERN1:>115527h v20260707 OGN-R/PilotAware
CANDIDATE source=PWDARLEY destination=OGNSDR packet=PWDARLEY>OGNSDR,TCPIP*,qAC,GLIDERN3:>115405h v0.3.2.ARM CPU:3.1 RAM:323.7/971.1MB NTP:0.6ms/-5.0ppm +47.6C EGM96:+50m 7/7Acfts[1h] Lat:1.7s RF:+0+0.2ppm/-0.84dB/+24.0dB@10km[686]/+25.9dB@10km[12/24]
CANDIDATE source=PWDARLEY destination=APRS packet=PWDARLEY>APRS,TCPIP*,qAC,GLIDERN3:>115527h v20260707 OGN-R/PilotAware
CANDIDATE source=PWEASTON destination=OGNSDR packet=PWEASTON>OGNSDR,TCPIP*,qAC,GLIDERN2:>115404h v0.3.2.ARM CPU:2.1 RAM:358.9/971.1MB NTP:0.7ms/-3.4ppm +73.1C EGM96:+51m 0/0Acfts[1h] RF:-1+0.0ppm/-2.13dB
CANDIDATE source=PWEASTON destination=APRS packet=PWEASTON>APRS,TCPIP*,qAC,GLIDERN2:>115527h v20260707 OGN-R/PilotAware
CANDIDATE source=PWEGOS destination=OGNSDR packet=PWEGOS>OGNSDR,TCPIP*,qAC,GLIDERN2:>115409h v0.3.2.ARM CPU:2.6 RAM:340.9/971.1MB NTP:1.9ms/-5.3ppm +60.1C EGM96:+52m 11/11Acfts[1h] Lat:1.6s RF:-2-1.6ppm/-2.39dB/+11.1dB@10km[17577]/+14.2dB@10km[8/16]
CANDIDATE source=PWKngsLyn destination=OGNSDR packet=PWKngsLyn>OGNSDR,TCPIP*,qAC,GLIDERN3:>115407h v0.3.2.ARM CPU:5.9 RAM:305.1/971.1MB NTP:1.6ms/-9.5ppm +54.2C EGM96:+46m 3/3Acfts[1h] RF:-3+0.2ppm/+5.50dB/+14.9dB@10km[52]/+17.0dB@10km[3/5]
CANDIDATE source=PWKngsLyn destination=APRS packet=PWKngsLyn>APRS,TCPIP*,qAC,GLIDERN3:>115527h v20260707 OGN-R/PilotAware
CANDIDATE source=PWEGOS destination=APRS packet=PWEGOS>APRS,TCPIP*,qAC,GLIDERN2:>115527h v20260707 OGN-R/PilotAware
CANDIDATE source=PWWantsum destination=OGNSDR packet=PWWantsum>OGNSDR,TCPIP*,qAC,GLIDERN2:>115413h v0.3.2.ARM CPU:3.3 RAM:430.2/972.4MB NTP:0.3ms/+2.4ppm +58.4C EGM96:+45m 0/0Acfts[1h] RF:+0-0.5ppm/+1.26dB/+10.2dB@10km[4]/+13.2dB@10km[1/2]
CANDIDATE source=PWWantsum destination=APRS packet=PWWantsum>APRS,TCPIP*,qAC,GLIDERN2:>115528h v20260707 OGN-R/PilotAware
CANDIDATE source=PWJO63nk destination=OGNSDR packet=PWJO63nk>OGNSDR,TCPIP*,qAC,GLIDERN2:>115408h v0.3.2.ARM CPU:1.4 RAM:423.0/971.1MB NTP:1.1ms/-1.9ppm +56.8C EGM96:+38m 0/0Acfts[1h] RF:+123+57.1ppm/-1.58dB
CANDIDATE source=PWJO63nk destination=APRS packet=PWJO63nk>APRS,TCPIP*,qAC,GLIDERN2:>115528h v20260707 OGN-R/PilotAware
CANDIDATE source=PWPnctlnd destination=OGNSDR packet=PWPnctlnd>OGNSDR,TCPIP*,qAC,GLIDERN2:>115412h v0.3.2.ARM CPU:1.4 RAM:400.1/971.1MB NTP:0.5ms/-5.3ppm +75.2C EGM96:+52m 0/0Acfts[1h] RF:+36-7.5ppm/-1.42dB/+14.7dB@10km[9]/+14.7dB@10km[1/1]
CANDIDATE source=PWPnctlnd destination=APRS packet=PWPnctlnd>APRS,TCPIP*,qAC,GLIDERN2:>115528h v20260707 OGN-R/PilotAware
CANDIDATE source=PWukBER destination=OGNSDR packet=PWukBER>OGNSDR,TCPIP*,qAC,GLIDERN3:>115414h v0.3.2.ARM CPU:1.2 RAM:391.3/971.1MB NTP:0.5ms/-0.8ppm +49.8C EGM96:+50m 0/0Acfts[1h] RF:-2-0.2ppm/-1.92dB
CANDIDATE source=PWukBER destination=APRS packet=PWukBER>APRS,TCPIP*,qAC,GLIDERN3:>115528h v20260707 OGN-R/PilotAware
CANDIDATE source=PWUKMUD destination=OGNSDR packet=PWUKMUD>OGNSDR,TCPIP*,qAC,GLIDERN3:>115414h v0.3.2.ARM CPU:1.1 RAM:367.0/971.1MB NTP:0.4ms/-0.2ppm +51.9C EGM96:+52m 0/0Acfts[1h] RF:+0+18.4ppm/-2.23dB
CANDIDATE source=PWUKMUD destination=APRS packet=PWUKMUD>APRS,TCPIP*,qAC,GLIDERN3:>115530h v20260707 OGN-R/PilotAware
CANDIDATE source=PWAIRSIDE destination=OGNSDR packet=PWAIRSIDE>OGNSDR,TCPIP*,qAC,GLIDERN1:>115411h v0.3.2.ARM CPU:2.5 RAM:405.1/971.1MB NTP:1.5ms/-6.8ppm +60.7C EGM96:+51m 6/6Acfts[1h] Lat:1.6s RF:-4+2.0ppm/+2.67dB/+3.9dB@10km[7933]/+13.8dB@10km[4/8]
CANDIDATE source=PWAIRSIDE destination=APRS packet=PWAIRSIDE>APRS,TCPIP*,qAC,GLIDERN1:>115530h v20260707 OGN-R/PilotAware
CANDIDATE source=PWAbergav destination=OGNSDR packet=PWAbergav>OGNSDR,TCPIP*,qAC,GLIDERN2:>115117h v0.3.2.ARM CPU:2.6 RAM:391.6/971.1MB NTP:2.3ms/-11.9ppm +60.1C EGM96:+52m 3/3Acfts[1h] RF:-3-0.2ppm/-0.28dB/+14.8dB@10km[1611]/+25.6dB@10km[2/4]
CANDIDATE source=PWAbergav destination=APRS packet=PWAbergav>APRS,TCPIP*,qAC,GLIDERN2:>115530h v20260707 OGN-R/PilotAware
CANDIDATE source=PWAlfretn destination=OGNSDR packet=PWAlfretn>OGNSDR,TCPIP*,qAC,GLIDERN1:>115414h v0.3.2.ARM CPU:4.1 RAM:350.9/971.1MB NTP:0.2ms/-5.8ppm +60.0C EGM96:+50m 0/0Acfts[1h] RF:-4+0.0ppm/+7.67dB/-11.6dB@10km[3]/-11.6dB@10km[1/1]
CANDIDATE source=PWAlfretn destination=APRS packet=PWAlfretn>APRS,TCPIP*,qAC,GLIDERN1:>115530h v20260707 OGN-R/PilotAware
CANDIDATE source=PWEDVI destination=OGNSDR packet=PWEDVI>OGNSDR,TCPIP*,qAC,GLIDERN3:>115416h v0.3.2.ARM CPU:6.8 RAM:319.0/971.1MB NTP:1.6ms/-8.8ppm +68.8C EGM96:+45m 4/4Acfts[1h] Lat:1.9s RF:-1-0.2ppm/-1.22dB/+15.5dB@10km[2952]/+18.9dB@10km[5/10]
CANDIDATE source=PWEDVI destination=APRS packet=PWEDVI>APRS,TCPIP*,qAC,GLIDERN3:>115530h v20260707 OGN-R/PilotAware
CANDIDATE source=PWBooker destination=OGNSDR packet=PWBooker>OGNSDR,TCPIP*,qAC,GLIDERN3:>115418h v0.3.2.ARM CPU:2.0 RAM:348.5/971.1MB NTP:0.2ms/-1.0ppm +43.8C EGM96:+47m 4/5Acfts[1h] Lat:1.9s RF:+44-0.3ppm/-0.03dB/+13.0dB@10km[3688]/+20.6dB@10km[6/11]
CANDIDATE source=PWBooker destination=APRS packet=PWBooker>APRS,TCPIP*,qAC,GLIDERN3:>115531h v20260707 OGN-R/PilotAware
CANDIDATE source=PWOthertn destination=OGNSDR packet=PWOthertn>OGNSDR,TCPIP*,qAC,GLIDERN2:>115411h v0.3.2.ARM CPU:3.1 RAM:316.3/971.1MB NTP:1.4ms/-7.5ppm +66.6C EGM96:+51m 5/5Acfts[1h] Lat:201.4s RF:+0-0.6ppm/-0.74dB/+15.2dB@10km[1056]/+15.7dB@10km[3/6]
CANDIDATE source=PWOthertn destination=APRS packet=PWOthertn>APRS,TCPIP*,qAC,GLIDERN2:>115531h v20260707 OGN-R/PilotAware
CANDIDATE source=PWKirkbym destination=OGNSDR packet=PWKirkbym>OGNSDR,TCPIP*,qAC,GLIDERN2:>115416h v0.3.2.ARM CPU:1.7 RAM:387.2/971.1MB NTP:0.3ms/+0.5ppm +53.0C EGM96:+48m 18/18Acfts[1h] Lat:2.5s RF:+0-0.7ppm/-1.25dB/+17.8dB@10km[13684]/+18.7dB@10km[13/25]
CANDIDATE source=PWKirkbym destination=APRS packet=PWKirkbym>APRS,TCPIP*,qAC,GLIDERN2:>115531h v20260707 OGN-R/PilotAware
CANDIDATE source=PWFishrwk destination=OGNSDR packet=PWFishrwk>OGNSDR,TCPIP*,qAC,GLIDERN1:>115412h v0.3.2.ARM CPU:1.5 RAM:361.6/971.1MB NTP:2.4ms/-7.3ppm +64.5C EGM96:+50m 0/0Acfts[1h] RF:+0-0.4ppm/-0.42dB
CANDIDATE source=PWFishrwk destination=APRS packet=PWFishrwk>APRS,TCPIP*,qAC,GLIDERN1:>115531h v20260707 OGN-R/PilotAware
CANDIDATE source=PWSALTBY destination=OGNSDR packet=PWSALTBY>OGNSDR,TCPIP*,qAC,GLIDERN2:>115416h v0.3.2.ARM CPU:1.2 RAM:369.5/971.1MB NTP:1.6ms/-1.2ppm +42.2C EGM96:+48m 11/11Acfts[1h] Lat:2.0s RF:+61+0.0ppm/+0.65dB/+5.8dB@10km[7043]/+13.7dB@10km[12/24]
CANDIDATE source=PWSALTBY destination=APRS packet=PWSALTBY>APRS,TCPIP*,qAC,GLIDERN2:>115531h v20260707 OGN-R/PilotAware
CANDIDATE source=PWEGPT destination=OGNSDR packet=PWEGPT>OGNSDR,TCPIP*,qAC,GLIDERN1:>115415h v0.3.2.ARM CPU:1.7 RAM:396.3/971.1MB NTP:0.7ms/-3.2ppm +52.5C EGM96:+53m 0/0Acfts[1h] RF:+135+66.2ppm/-15.56dB
CANDIDATE source=PWEGPT destination=APRS packet=PWEGPT>APRS,TCPIP*,qAC,GLIDERN1:>115531h v20260707 OGN-R/PilotAware
CANDIDATE source=PWLuckbfm destination=OGNSDR packet=PWLuckbfm>OGNSDR,TCPIP*,qAC,GLIDERN2:>115417h v0.3.2.ARM CPU:2.5 RAM:365.6/971.1MB NTP:0.5ms/+5.5ppm +49.8C EGM96:+53m 0/0Acfts[1h] RF:+0-0.6ppm/+3.05dB
CANDIDATE source=PWLuckbfm destination=APRS packet=PWLuckbfm>APRS,TCPIP*,qAC,GLIDERN2:>115532h v20260707 OGN-R/PilotAware
CANDIDATE source=PWWoodcot destination=OGNSDR packet=PWWoodcot>OGNSDR,TCPIP*,qAC,GLIDERN1:>115416h v0.3.2.ARM CPU:4.4 RAM:333.7/971.1MB NTP:0.6ms/-5.6ppm +61.6C EGM96:+47m 1/1Acfts[1h] RF:+28+1.4ppm/+1.80dB/+10.2dB@10km[1]/+10.2dB@10km[1/1]
CANDIDATE source=PWWoodcot destination=APRS packet=PWWoodcot>APRS,TCPIP*,qAC,GLIDERN1:>115532h v20260707 OGN-R/PilotAware
CANDIDATE source=PWEGSF destination=OGNSDR packet=PWEGSF>OGNSDR,TCPIP*,qAC,GLIDERN1:>115414h v0.3.2.ARM CPU:4.2 RAM:347.2/971.1MB NTP:1.8ms/-0.7ppm +54.2C EGM96:+47m 5/5Acfts[1h] Lat:1.8s RF:+49+0.4ppm/+3.87dB/+10.1dB@10km[566]/+13.2dB@10km[6/11]
CANDIDATE source=PWEGSF destination=APRS packet=PWEGSF>APRS,TCPIP*,qAC,GLIDERN1:>115533h v20260707 OGN-R/PilotAware
CANDIDATE source=PWMurg destination=OGNSDR packet=PWMurg>OGNSDR,TCPIP*,qAC,GLIDERN2:>115417h v0.3.2.ARM CPU:5.7 RAM:345.9/971.1MB NTP:1.7ms/-1.8ppm +48.2C EGM96:+46m 2/3Acfts[1h] Lat:1.8s RF:+0-0.8ppm/+3.10dB/+19.1dB@10km[449]/+19.4dB@10km[2/4]
CANDIDATE source=PWMurg destination=APRS packet=PWMurg>APRS,TCPIP*,qAC,GLIDERN2:>115533h v20260707 OGN-R/PilotAware
CANDIDATE source=PWDarland destination=OGNSDR packet=PWDarland>OGNSDR,TCPIP*,qAC,GLIDERN3:>115422h v0.3.2.ARM CPU:8.0 RAM:322.9/971.1MB NTP:0.4ms/+4.6ppm +58.4C EGM96:+45m 1/1Acfts[1h] RF:-1+0.2ppm/+18.77dB/+17.2dB@10km[14]/+17.3dB@10km[1/2]
CANDIDATE source=PWDarland destination=APRS packet=PWDarland>APRS,TCPIP*,qAC,GLIDERN3:>115533h v20260707 OGN-R/PilotAware
CANDIDATE source=PWKingsto destination=OGNSDR packet=PWKingsto>OGNSDR,TCPIP*,qAC,GLIDERN3:>115417h v0.3.2.ARM CPU:1.4 RAM:437.1/971.1MB NTP:0.4ms/-0.7ppm +53.5C EGM96:+51m 0/0Acfts[1h] RF:+68+0.0ppm/-1.24dB
CANDIDATE source=PWKingsto destination=APRS packet=PWKingsto>APRS,TCPIP*,qAC,GLIDERN3:>115533h v20260707 OGN-R/PilotAware
CANDIDATE source=PWNorton destination=OGNSDR packet=PWNorton>OGNSDR,TCPIP*,qAC,GLIDERN1:>115359h v0.3.2.ARM CPU:1.3 RAM:344.2/971.1MB NTP:0.5ms/+0.8ppm +48.7C EGM96:+48m 6/6Acfts[1h] RF:+28-0.0ppm/-0.77dB/+14.8dB@10km[6632]/+20.8dB@10km[8/15]
CANDIDATE source=PWNorton destination=APRS packet=PWNorton>APRS,TCPIP*,qAC,GLIDERN1:>115533h v20260707 OGN-R/PilotAware
CANDIDATE source=PWMontros destination=OGNSDR packet=PWMontros>OGNSDR,TCPIP*,qAC,GLIDERN3:>115416h v0.3.2.ARM CPU:2.6 RAM:374.7/971.1MB NTP:0.5ms/-4.2ppm +55.1C EGM96:+51m 0/0Acfts[1h] RF:+35+0.3ppm/-1.61dB
CANDIDATE source=PWMontros destination=APRS packet=PWMontros>APRS,TCPIP*,qAC,GLIDERN3:>115533h v20260707 OGN-R/PilotAware
CANDIDATE source=PWEGBW destination=OGNSDR packet=PWEGBW>OGNSDR,TCPIP*,qAC,GLIDERN2:>115421h v0.3.2.ARM CPU:5.8 RAM:352.5/971.1MB NTP:3.9ms/-1.6ppm +62.1C EGM96:+49m 4/4Acfts[1h] RF:-1+0.1ppm/-1.71dB/+13.3dB@10km[723]/+18.5dB@10km[4/8]
CANDIDATE source=PWEGBW destination=APRS packet=PWEGBW>APRS,TCPIP*,qAC,GLIDERN2:>115533h v20260707 OGN-R/PilotAware
CANDIDATE source=PWSARUMHH destination=OGNSDR packet=PWSARUMHH>OGNSDR,TCPIP*,qAC,GLIDERN1:>115416h v0.3.2.ARM CPU:1.7 RAM:398.1/971.1MB NTP:0.7ms/-3.2ppm +55.7C EGM96:+48m 2/2Acfts[1h] RF:+0-0.3ppm/+4.57dB/+2.7dB@10km[177]/+9.4dB@10km[2/3]
CANDIDATE source=PWSARUMHH destination=APRS packet=PWSARUMHH>APRS,TCPIP*,qAC,GLIDERN1:>115533h v20260707 OGN-R/PilotAware
CANDIDATE source=PWWisbech destination=OGNSDR packet=PWWisbech>OGNSDR,TCPIP*,qAC,GLIDERN2:>115416h v0.3.2.ARM CPU:1.7 RAM:367.9/971.1MB NTP:0.3ms/+2.9ppm +54.6C EGM96:+46m 6/6Acfts[1h] Lat:1.7s RF:+0-0.5ppm/-1.03dB/+16.7dB@10km[7369]/+19.1dB@10km[10/19]
CANDIDATE source=PWWisbech destination=APRS packet=PWWisbech>APRS,TCPIP*,qAC,GLIDERN2:>115533h v20260707 OGN-R/PilotAware
CANDIDATE source=PWMrzezyn destination=OGNSDR packet=PWMrzezyn>OGNSDR,TCPIP*,qAC,GLIDERN3:>115419h v0.3.2.ARM CPU:2.8 RAM:383.2/971.1MB NTP:2.5ms/+7.1ppm +53.0C EGM96:+34m 0/0Acfts[1h] RF:+64-2.0ppm/+3.26dB
CANDIDATE source=PWMrzezyn destination=APRS packet=PWMrzezyn>APRS,TCPIP*,qAC,GLIDERN3:>115534h v20260707 OGN-R/PilotAware
CANDIDATE source=PWZoyland destination=OGNSDR packet=PWZoyland>OGNSDR,TCPIP*,qAC,GLIDERN1:>115419h v0.3.2.ARM CPU:5.5 RAM:346.8/971.1MB NTP:0.3ms/+3.8ppm +60.5C EGM96:+51m 10/10Acfts[1h] Lat:1.9s RF:-2-0.3ppm/-2.07dB/+16.4dB@10km[8998]/+20.3dB@10km[7/13]
CANDIDATE source=PWZoyland destination=APRS packet=PWZoyland>APRS,TCPIP*,qAC,GLIDERN1:>115534h v20260707 OGN-R/PilotAware
CANDIDATE source=PWUKABZ destination=OGNSDR packet=PWUKABZ>OGNSDR,TCPIP*,qAC,GLIDERN1:>115417h v0.3.2.ARM CPU:1.4 RAM:411.9/971.1MB NTP:0.3ms/+0.8ppm +42.2C EGM96:+50m 0/0Acfts[1h] RF:+0-0.7ppm/+5.22dB
CANDIDATE source=PWUKABZ destination=APRS packet=PWUKABZ>APRS,TCPIP*,qAC,GLIDERN1:>115534h v20260707 OGN-R/PilotAware
CANDIDATE source=PWGilwern destination=OGNSDR packet=PWGilwern>OGNSDR,TCPIP*,qAC,GLIDERN1:>115418h v0.3.2.ARM CPU:2.0 RAM:400.0/971.1MB NTP:1.1ms/-6.1ppm +62.1C EGM96:+52m 0/0Acfts[1h] RF:-2-0.6ppm/+4.26dB
CANDIDATE source=PWGilwern destination=APRS packet=PWGilwern>APRS,TCPIP*,qAC,GLIDERN1:>115534h v20260707 OGN-R/PilotAware
CANDIDATE source=PWUKmil destination=OGNSDR packet=PWUKmil>OGNSDR,TCPIP*,qAC,GLIDERN2:>115418h v0.3.2.ARM CPU:2.6 RAM:380.2/971.1MB NTP:0.3ms/+0.4ppm +58.4C EGM96:+51m 0/0Acfts[1h] RF:+0+0.0ppm/-2.30dB/+18.7dB@10km[421]/+27.2dB@10km[1/2]
CANDIDATE source=PWUKmil destination=APRS packet=PWUKmil>APRS,TCPIP*,qAC,GLIDERN2:>115534h v20260707 OGN-R/PilotAware
CANDIDATE source=PWAMPNEY destination=OGNSDR packet=PWAMPNEY>OGNSDR,TCPIP*,qAC,GLIDERN3:>115418h v0.3.2.ARM CPU:3.7 RAM:332.7/971.1MB NTP:0.4ms/+1.1ppm +50.8C EGM96:+49m 0/0Acfts[1h] RF:-1+0.0ppm/-2.00dB/+9.7dB@10km[217]/+9.7dB@10km[1/1]
CANDIDATE source=PWAMPNEY destination=APRS packet=PWAMPNEY>APRS,TCPIP*,qAC,GLIDERN3:>115535h v20260707 OGN-R/PilotAware
CANDIDATE source=PWWhittng destination=OGNSDR packet=PWWhittng>OGNSDR,TCPIP*,qAC,GLIDERN2:>115414h v0.3.2.ARM CPU:1.1 RAM:398.8/971.1MB NTP:0.6ms/-0.5ppm +50.8C EGM96:+50m 0/0Acfts[1h] RF:+30-15.2ppm/-0.65dB/+13.9dB@10km[88]/+13.9dB@10km[1/1]
CANDIDATE source=PWWhittng destination=APRS packet=PWWhittng>APRS,TCPIP*,qAC,GLIDERN2:>115535h v20260707 OGN-R/PilotAware
CANDIDATE source=PWUKPRK destination=OGNSDR packet=PWUKPRK>OGNSDR,TCPIP*,qAC,GLIDERN1:>115418h v0.3.2.ARM CPU:5.5 RAM:326.1/971.1MB NTP:0.9ms/+2.9ppm +58.4C EGM96:+49m 15/15Acfts[1h] Lat:2.0s RF:+55+0.1ppm/-1.63dB/+15.1dB@10km[17029]/+18.4dB@10km[9/17]
CANDIDATE source=PWUKPRK destination=APRS packet=PWUKPRK>APRS,TCPIP*,qAC,GLIDERN1:>115535h v20260707 OGN-R/PilotAware
CANDIDATE source=PWEGHJ destination=OGNSDR packet=PWEGHJ>OGNSDR,TCPIP*,qAC,GLIDERN2:/115219h5040.55NI00106.32W&/A=000072
CANDIDATE source=PWEGHJ destination=APRS packet=PWEGHJ>APRS,TCPIP*,qAC,GLIDERN2:>115536h v20260707 OGN-R/PilotAware
CANDIDATE source=PWEverton destination=OGNSDR packet=PWEverton>OGNSDR,TCPIP*,qAC,GLIDERN1:>115319h v0.3.2.ARM CPU:3.4 RAM:320.8/971.1MB NTP:1.8ms/+0.2ppm +56.2C EGM96:+47m 4/4Acfts[1h] Lat:1.8s RF:+0-0.2ppm/+4.12dB/+7.3dB@10km[4053]/+13.7dB@10km[5/9]
CANDIDATE source=PWEverton destination=APRS packet=PWEverton>APRS,TCPIP*,qAC,GLIDERN1:>115536h v20260707 OGN-R/PilotAware
CANDIDATE source=PWBREWOOD destination=OGNSDR packet=PWBREWOOD>OGNSDR,TCPIP*,qAC,GLIDERN3:>115421h v0.3.2.ARM CPU:4.8 RAM:326.8/971.1MB NTP:0.2ms/+5.3ppm +64.8C EGM96:+51m 1/1Acfts[1h] RF:+0-0.4ppm/-1.39dB/+13.5dB@10km[37]/+13.5dB@10km[1/1]
CANDIDATE source=PWBREWOOD destination=APRS packet=PWBREWOOD>APRS,TCPIP*,qAC,GLIDERN3:>115536h v20260707 OGN-R/PilotAware
CANDIDATE source=PWUKMBU destination=OGNSDR packet=PWUKMBU>OGNSDR,TCPIP*,qAC,GLIDERN1:>115417h v0.3.2.ARM CPU:2.7 RAM:325.0/971.1MB NTP:0.2ms/+2.7ppm +46.5C EGM96:+49m 0/0Acfts[1h] RF:+0+0.0ppm/+3.59dB
CANDIDATE source=PWUKMBU destination=APRS packet=PWUKMBU>APRS,TCPIP*,qAC,GLIDERN1:>115536h v20260707 OGN-R/PilotAware
CANDIDATE source=PWwmlaasd destination=OGNSDR packet=PWwmlaasd>OGNSDR,TCPIP*,qAC,GLIDERN3:>115413h v0.3.2.ARM CPU:3.9 RAM:395.9/971.1MB NTP:1.3ms/-1.7ppm +47.1C EGM96:+51m 0/0Acfts[1h] RF:+0-0.8ppm/+3.56dB/+5.6dB@10km[96]/+5.6dB@10km[1/1]
CANDIDATE source=PWwmlaasd destination=APRS packet=PWwmlaasd>APRS,TCPIP*,qAC,GLIDERN3:>115537h v20260707 OGN-R/PilotAware
CANDIDATE source=PWEGNF destination=OGNSDR packet=PWEGNF>OGNSDR,TCPIP*,qAC,GLIDERN1:>115420h v0.3.2.ARM CPU:3.6 RAM:361.5/971.1MB NTP:2.4ms/+1.3ppm +60.5C EGM96:+49m 5/5Acfts[1h] RF:+0-0.2ppm/-1.79dB/+18.5dB@10km[1384]/+23.0dB@10km[11/21]
CANDIDATE source=PWEGNF destination=APRS packet=PWEGNF>APRS,TCPIP*,qAC,GLIDERN1:>115537h v20260707 OGN-R/PilotAware
CANDIDATE source=PWEGXE destination=OGNSDR packet=PWEGXE>OGNSDR,TCPIP*,qAC,GLIDERN1:>115418h v0.3.2.ARM CPU:2.2 RAM:407.3/971.1MB NTP:0.5ms/-6.0ppm +60.7C EGM96:+50m 10/10Acfts[1h] Lat:1.9s RF:+0-0.3ppm/+0.00dB/+14.5dB@10km[17564]/+16.9dB@10km[7/14]
CANDIDATE source=PWEGXE destination=APRS packet=PWEGXE>APRS,TCPIP*,qAC,GLIDERN1:>115537h v20260707 OGN-R/PilotAware
CANDIDATE source=PWMynd destination=OGNSDR packet=PWMynd>OGNSDR,TCPIP*,qAC,GLIDERN2:>115425h v0.3.2.ARM CPU:7.4 RAM:378.9/971.1MB NTP:0.7ms/+0.7ppm +56.2C EGM96:+52m 8/8Acfts[1h] Lat:2.2s RF:-3-0.6ppm/+10.11dB/+16.1dB@10km[5517]/+20.0dB@10km[6/12]
CANDIDATE source=PWMynd destination=APRS packet=PWMynd>APRS,TCPIP*,qAC,GLIDERN2:>115538h v20260707 OGN-R/PilotAware
CANDIDATE source=PWCaradoc destination=OGNSDR packet=PWCaradoc>OGNSDR,TCPIP*,qAC,GLIDERN3:>115418h v0.3.2.ARM CPU:2.3 RAM:390.4/971.1MB NTP:0.9ms/+1.3ppm +55.1C EGM96:+52m 0/0Acfts[1h] RF:+0+0.0ppm/+4.24dB
CANDIDATE source=PWCaradoc destination=APRS packet=PWCaradoc>APRS,TCPIP*,qAC,GLIDERN3:>115538h v20260707 OGN-R/PilotAware
CANDIDATE source=PWRossall destination=OGNSDR packet=PWRossall>OGNSDR,TCPIP*,qAC,GLIDERN1:>115413h v0.3.2.ARM CPU:2.6 RAM:295.8/971.1MB NTP:1.7ms/-0.6ppm +58.0C EGM96:+52m 5/5Acfts[1h] RF:+0-0.2ppm/-1.20dB/+20.8dB@10km[9505]/+21.2dB@10km[4/7]
STATS seconds=419 packets=1032 server_comments=22 matching_sources=1032 parsed_receiver_packets=519 top_destinations=[OGNSDR:519, APRS:513]
CANDIDATE source=PWRossall destination=APRS packet=PWRossall>APRS,TCPIP*,qAC,GLIDERN1:>115538h v20260707 OGN-R/PilotAware
CANDIDATE source=PWAldersh destination=OGNSDR packet=PWAldersh>OGNSDR,TCPIP*,qAC,GLIDERN2:>115414h v0.3.2.ARM CPU:1.6 RAM:310.3/971.1MB NTP:0.8ms/+8.4ppm +50.8C EGM96:+46m 49/49Acfts[1h] Lat:1.9s RF:+0+0.0ppm/+5.02dB/+16.1dB@10km[5460]/+16.4dB@10km[30/60]
CANDIDATE source=PWAldersh destination=APRS packet=PWAldersh>APRS,TCPIP*,qAC,GLIDERN2:>115538h v20260707 OGN-R/PilotAware
CANDIDATE source=PWGROVEFM destination=OGNSDR packet=PWGROVEFM>OGNSDR,TCPIP*,qAC,GLIDERN2:>115421h v0.3.2.ARM CPU:3.8 RAM:428.7/971.1MB NTP:0.4ms/-0.6ppm +58.4C EGM96:+45m 0/0Acfts[1h] RF:-3-0.1ppm/-1.71dB
CANDIDATE source=PWGROVEFM destination=APRS packet=PWGROVEFM>APRS,TCPIP*,qAC,GLIDERN2:>115538h v20260707 OGN-R/PilotAware
SERVER # aprsc 2.1.20-gf.5-g0178a1b 16 Sep 2026 11:55:39 GMT GLIDERN3 85.188.1.173:14580
CANDIDATE source=PWHewish destination=OGNSDR packet=PWHewish>OGNSDR,TCPIP*,qAC,GLIDERN2:>115421h v0.3.2.ARM CPU:2.0 RAM:382.1/971.1MB NTP:1.1ms/-9.9ppm +57.3C EGM96:+50m 5/5Acfts[1h] RF:+87-26.2ppm/+0.60dB/+15.5dB@10km[7745]/+21.5dB@10km[3/6]
CANDIDATE source=PWHewish destination=APRS packet=PWHewish>APRS,TCPIP*,qAC,GLIDERN2:>115539h v20260707 OGN-R/PilotAware
CANDIDATE source=PWFordham destination=OGNSDR packet=PWFordham>OGNSDR,TCPIP*,qAC,GLIDERN2:>115421h v0.3.2.ARM CPU:5.8 RAM:322.8/971.1MB NTP:0.6ms/+6.2ppm +55.1C EGM96:+46m 0/0Acfts[1h] RF:-1-0.2ppm/+10.51dB/+19.9dB@10km[7]/+19.9dB@10km[1/1]
CANDIDATE source=PWFordham destination=APRS packet=PWFordham>APRS,TCPIP*,qAC,GLIDERN2:>115540h v20260707 OGN-R/PilotAware
CANDIDATE source=PWThirsk destination=OGNSDR packet=PWThirsk>OGNSDR,TCPIP*,qAC,GLIDERN2:>115421h v0.3.2.ARM CPU:4.3 RAM:340.8/971.1MB NTP:1.3ms/-8.6ppm +74.0C EGM96:+49m 7/7Acfts[1h] Lat:1.9s RF:-1+0.0ppm/+4.71dB/+5.1dB@10km[4671]/+7.6dB@10km[6/11]
CANDIDATE source=PWThirsk destination=APRS packet=PWThirsk>APRS,TCPIP*,qAC,GLIDERN2:>115540h v20260707 OGN-R/PilotAware
CANDIDATE source=PWUKDRL destination=OGNSDR packet=PWUKDRL>OGNSDR,TCPIP*,qAC,GLIDERN1:>115425h v0.3.2.ARM CPU:1.0 RAM:354.9/971.1MB NTP:2.3ms/-0.1ppm +44.9C EGM96:+48m 3/3Acfts[1h] Lat:1.7s RF:+1-0.7ppm/-1.91dB/+6.5dB@10km[5631]/+14.0dB@10km[4/8]
CANDIDATE source=PWUKDRL destination=APRS packet=PWUKDRL>APRS,TCPIP*,qAC,GLIDERN1:>115541h v20260707 OGN-R/PilotAware
CANDIDATE source=PWEGSU destination=OGNSDR packet=PWEGSU>OGNSDR,TCPIP*,qAC,GLIDERN1:>115423h v0.3.2.ARM CPU:8.0 RAM:345.9/971.1MB NTP:1.0ms/-3.1ppm +63.8C EGM96:+46m 3/3Acfts[1h] RF:+0-0.5ppm/+4.67dB/+3.8dB@10km[40]/+11.0dB@10km[3/5]
CANDIDATE source=PWEGSU destination=APRS packet=PWEGSU>APRS,TCPIP*,qAC,GLIDERN1:>115541h v20260707 OGN-R/PilotAware
CANDIDATE source=PWChelt destination=OGNSDR packet=PWChelt>OGNSDR,TCPIP*,qAC,GLIDERN2:>115426h v0.3.2.ARM CPU:9.3 RAM:328.8/971.1MB NTP:2.7ms/-2.8ppm +42.2C EGM96:+49m 0/0Acfts[1h] RF:+0+73.3ppm/+5.14dB
CANDIDATE source=PWChelt destination=APRS packet=PWChelt>APRS,TCPIP*,qAC,GLIDERN2:>115541h v20260707 OGN-R/PilotAware
CANDIDATE source=PWegmt destination=OGNSDR packet=PWegmt>OGNSDR,TCPIP*,qAC,GLIDERN3:>115442h v0.3.2.ARM CPU:10.5 RAM:272.9/971.1MB NTP:1.5ms/-2.7ppm +69.1C EGM96:+46m 3/3Acfts[1h] Lat:2.3s RF:-1+0.2ppm/-1.17dB/+20.0dB@10km[238]/+21.0dB@10km[3/5]
CANDIDATE source=PWegmt destination=APRS packet=PWegmt>APRS,TCPIP*,qAC,GLIDERN3:>115542h v20260707 OGN-R/PilotAware
CANDIDATE source=PWPottern destination=OGNSDR packet=PWPottern>OGNSDR,TCPIP*,qAC,GLIDERN3:>115416h v0.3.2.ARM CPU:4.1 RAM:333.4/971.1MB NTP:10.8ms/-4.2ppm +60.1C EGM96:+48m 1/1Acfts[1h] RF:+27-3.3ppm/-0.59dB/+12.8dB@10km[113]/+13.0dB@10km[1/2]
CANDIDATE source=PWPottern destination=APRS packet=PWPottern>APRS,TCPIP*,qAC,GLIDERN3:>115542h v20260707 OGN-R/PilotAware
CANDIDATE source=PWCadwell destination=OGNSDR packet=PWCadwell>OGNSDR,TCPIP*,qAC,GLIDERN1:>115426h v0.3.2.ARM CPU:9.7 RAM:263.7/971.1MB NTP:0.4ms/+4.0ppm +57.3C EGM96:+47m 3/3Acfts[1h] Lat:3.8s RF:-1-0.5ppm/+0.64dB/+16.0dB@10km[1208]/+18.3dB@10km[3/5]
CANDIDATE source=PWCadwell destination=APRS packet=PWCadwell>APRS,TCPIP*,qAC,GLIDERN1:>115542h v20260707 OGN-R/PilotAware
CANDIDATE source=PWUKCLK destination=OGNSDR packet=PWUKCLK>OGNSDR,TCPIP*,qAC,GLIDERN2:>115539h v0.3.2.ARM CPU:0.7 RAM:436.1/971.1MB NTP:1.4ms/-3.5ppm +62.3C EGM96:+45m 6/6Acfts[1h] Lat:1.6s RF:+24-0.9ppm/+4.05dB/-12.4dB@10km[282]/-9.4dB@10km[3/5]
CANDIDATE source=PWUKCLK destination=APRS packet=PWUKCLK>APRS,TCPIP*,qAC,GLIDERN2:>115542h v20260707 OGN-R/PilotAware
CANDIDATE source=PWEdinbuW destination=OGNSDR packet=PWEdinbuW>OGNSDR,TCPIP*,qAC,GLIDERN1:>115428h v0.3.2.ARM CPU:3.4 RAM:354.2/971.1MB NTP:1.1ms/+5.0ppm +53.5C EGM96:+53m 11/11Acfts[1h] Lat:2.1s RF:+0+0.1ppm/-0.87dB/+19.3dB@10km[2993]/+20.0dB@10km[6/11]
CANDIDATE source=PWEdinbuW destination=APRS packet=PWEdinbuW>APRS,TCPIP*,qAC,GLIDERN1:>115543h v20260707 OGN-R/PilotAware
CANDIDATE source=PWUKLSW destination=OGNSDR packet=PWUKLSW>OGNSDR,TCPIP*,qAC,GLIDERN1:>115425h v0.3.2.ARM CPU:1.5 RAM:416.5/971.1MB NTP:0.3ms/+12.8ppm +47.1C EGM96:+48m 0/0Acfts[1h] RF:+0-0.0ppm/-0.92dB/-3.1dB@10km[6]/-3.1dB@10km[1/1]
CANDIDATE source=PWUKLSW destination=APRS packet=PWUKLSW>APRS,TCPIP*,qAC,GLIDERN1:>115543h v20260707 OGN-R/PilotAware
CANDIDATE source=PWFrstn14 destination=OGNSDR packet=PWFrstn14>OGNSDR,TCPIP*,qAC,GLIDERN2:>115402h v0.3.2.ARM CPU:2.0 RAM:396.1/971.1MB NTP:1.1ms/-2.6ppm +64.5C EGM96:+45m 5/5Acfts[1h] Lat:1.6s RF:-1+0.2ppm/-2.21dB/+1.5dB@10km[781]/+1.9dB@10km[3/5]
CANDIDATE source=PWFrstn14 destination=APRS packet=PWFrstn14>APRS,TCPIP*,qAC,GLIDERN2:>115544h v20260707 OGN-R/PilotAware
CANDIDATE source=PWUpavon destination=OGNSDR packet=PWUpavon>OGNSDR,TCPIP*,qAC,GLIDERN1:>115423h v0.3.2.ARM CPU:5.7 RAM:291.8/971.1MB NTP:6.1ms/+2.0ppm +69.3C EGM96:+48m 7/7Acfts[1h] RF:-2-4.0ppm/-3.18dB/+17.3dB@10km[11217]/+19.6dB@10km[9/18]
CANDIDATE source=PWUpavon destination=APRS packet=PWUpavon>APRS,TCPIP*,qAC,GLIDERN1:>115544h v20260707 OGN-R/PilotAware
CANDIDATE source=PWUKSE2 destination=OGNSDR packet=PWUKSE2>OGNSDR,TCPIP*,qAC,GLIDERN3:>115505h v0.3.2.ARM CPU:0.6 RAM:435.9/971.1MB NTP:2.2ms/+0.6ppm +61.8C EGM96:+51m 4/4Acfts[1h] Lat:1.6s RF:+0-0.5ppm/-0.84dB/+11.5dB@10km[568]/+12.3dB@10km[2/3]
CANDIDATE source=PWUKSE2 destination=APRS packet=PWUKSE2>APRS,TCPIP*,qAC,GLIDERN3:>115545h v20260707 OGN-R/PilotAware
CANDIDATE source=PWBostonW destination=OGNSDR packet=PWBostonW>OGNSDR,TCPIP*,qAC,GLIDERN2:>115426h v0.3.2.ARM CPU:6.7 RAM:346.3/971.1MB NTP:1.1ms/+3.0ppm +70.8C EGM96:+47m 10/10Acfts[1h] Lat:5.2s RF:+0-0.7ppm/+3.03dB/+16.2dB@10km[5631]/+19.2dB@10km[12/24]
CANDIDATE source=PWBostonW destination=APRS packet=PWBostonW>APRS,TCPIP*,qAC,GLIDERN2:>115546h v20260707 OGN-R/PilotAware
CANDIDATE source=PWUKFAL destination=OGNSDR packet=PWUKFAL>OGNSDR,TCPIP*,qAC,GLIDERN2:>115428h v0.3.2.ARM CPU:2.0 RAM:397.3/971.1MB NTP:2.6ms/-4.5ppm +55.1C EGM96:+54m 0/0Acfts[1h] RF:+8+25.6ppm/-2.09dB
CANDIDATE source=PWUKFAL destination=APRS packet=PWUKFAL>APRS,TCPIP*,qAC,GLIDERN2:>115547h v20260707 OGN-R/PilotAware
CANDIDATE source=PWStewart destination=OGNSDR packet=PWStewart>OGNSDR,TCPIP*,qAC,GLIDERN2:>115429h v0.3.2.ARM CPU:2.3 RAM:379.6/971.1MB NTP:0.3ms/-0.2ppm +51.9C EGM96:+55m 0/0Acfts[1h] RF:+0-0.4ppm/-0.60dB
CANDIDATE source=PWStewart destination=APRS packet=PWStewart>APRS,TCPIP*,qAC,GLIDERN2:>115547h v20260707 OGN-R/PilotAware
CANDIDATE source=PWEGPJ destination=OGNSDR packet=PWEGPJ>OGNSDR,TCPIP*,qAC,GLIDERN1:>115437h v0.3.2.ARM CPU:6.2 RAM:359.1/971.1MB NTP:2.7ms/+3.7ppm +66.4C EGM96:+53m 11/11Acfts[1h] Lat:2.6s RF:+0-0.4ppm/-0.90dB/+9.7dB@10km[29054]/+13.8dB@10km[6/12]
CANDIDATE source=PWEGPJ destination=APRS packet=PWEGPJ>APRS,TCPIP*,qAC,GLIDERN1:>115547h v20260707 OGN-R/PilotAware
CANDIDATE source=PWegcw destination=OGNSDR packet=PWegcw>OGNSDR,TCPIP*,qAC,GLIDERN2:>115430h v0.3.2.ARM CPU:4.1 RAM:331.5/971.1MB NTP:2.7ms/-1.2ppm +58.4C EGM96:+53m 0/0Acfts[1h] RF:+27-0.4ppm/-2.46dB
CANDIDATE source=PWegcw destination=APRS packet=PWegcw>APRS,TCPIP*,qAC,GLIDERN2:>115548h v20260707 OGN-R/PilotAware
CANDIDATE source=PWBute destination=OGNSDR packet=PWBute>OGNSDR,TCPIP*,qAC,GLIDERN1:>115428h v0.3.2.ARM CPU:1.7 RAM:404.0/971.1MB NTP:2.8ms/+2.3ppm +48.7C EGM96:+55m 0/0Acfts[1h] RF:+0+0.1ppm/+6.00dB
CANDIDATE source=PWBute destination=APRS packet=PWBute>APRS,TCPIP*,qAC,GLIDERN1:>115548h v20260707 OGN-R/PilotAware
CANDIDATE source=PWMoepham destination=OGNSDR packet=PWMoepham>OGNSDR,TCPIP*,qAC,GLIDERN3:/115538h5123.04NI00021.31E&/A=000328
CANDIDATE source=PWMoepham destination=APRS packet=PWMoepham>APRS,TCPIP*,qAC,GLIDERN3:>115549h v20260707 OGN-R/PilotAware
CANDIDATE source=PWCRAW destination=OGNSDR packet=PWCRAW>OGNSDR,TCPIP*,qAC,GLIDERN3:/115530h5047.08NI01047.21E&/A=001523
CANDIDATE source=PWCRAW destination=APRS packet=PWCRAW>APRS,TCPIP*,qAC,GLIDERN3:>115550h v20260707 OGN-R/PilotAware
CANDIDATE source=PWHoniley destination=OGNSDR packet=PWHoniley>OGNSDR,TCPIP*,qAC,GLIDERN2:>115433h v0.3.2.ARM CPU:7.9 RAM:303.4/971.1MB NTP:1.6ms/-0.0ppm +62.7C EGM96:+49m 1/1Acfts[1h] RF:-1-2.7ppm/-1.26dB/+11.3dB@10km[259]/+19.5dB@10km[2/4]
CANDIDATE source=PWHoniley destination=APRS packet=PWHoniley>APRS,TCPIP*,qAC,GLIDERN2:>115552h v20260707 OGN-R/PilotAware
CANDIDATE source=PWRugby destination=OGNSDR packet=PWRugby>OGNSDR,TCPIP*,qAC,GLIDERN1:>115323h v0.3.2.ARM CPU:2.1 RAM:97.2/971.1MB NTP:2.1ms/+4.4ppm +57.8C EGM96:+49m 0/0Acfts[1h] RF:+26+0.0ppm/+2.09dB
CANDIDATE source=PWRugby destination=APRS packet=PWRugby>APRS,TCPIP*,qAC,GLIDERN1:>115553h v20260915 OGN-R/PilotAware
CANDIDATE source=PWStirlin destination=OGNSDR packet=PWStirlin>OGNSDR,TCPIP*,qAC,GLIDERN2:>115431h v0.3.2.ARM CPU:3.2 RAM:400.4/971.1MB NTP:0.5ms/+4.2ppm +55.1C EGM96:+54m 0/0Acfts[1h] RF:+0-0.3ppm/-0.77dB/+15.3dB@10km[50]/+15.3dB@10km[1/1]
CANDIDATE source=PWStirlin destination=APRS packet=PWStirlin>APRS,TCPIP*,qAC,GLIDERN2:>115554h v20260707 OGN-R/PilotAware
CANDIDATE source=PWaircrew destination=OGNSDR packet=PWaircrew>OGNSDR,TCPIP*,qAC,GLIDERN2:>115435h v0.3.2.ARM CPU:7.5 RAM:396.0/971.1MB NTP:0.7ms/+0.7ppm +57.3C EGM96:+50m 4/4Acfts[1h] Lat:2.3s RF:+0-0.2ppm/-0.43dB/+15.2dB@10km[167]/+21.4dB@10km[4/7]
CANDIDATE source=PWaircrew destination=APRS packet=PWaircrew>APRS,TCPIP*,qAC,GLIDERN2:>115555h v20260707 OGN-R/PilotAware
CANDIDATE source=PWArnold destination=OGNSDR packet=PWArnold>OGNSDR,TCPIP*,qAC,GLIDERN2:/115356h5259.60NI00106.85W&/A=000253
CANDIDATE source=PWArnold destination=APRS packet=PWArnold>APRS,TCPIP*,qAC,GLIDERN2:>115557h v20260707 OGN-R/PilotAware
CANDIDATE source=PWUKGRLLP destination=OGNSDR packet=PWUKGRLLP>OGNSDR,TCPIP*,qAC,GLIDERN2:>080929h v0.3.2.ARM CPU:0.3 RAM:487.9/971.1MB NTP:1.1ms/-6.9ppm +49.4C EGM96:+47m 2/2Acfts[1h] Lat:1.5s RF:+0-0.3ppm/+1.8dB
CANDIDATE source=PWUKGRLLP destination=APRS packet=PWUKGRLLP>APRS,TCPIP*,qAC,GLIDERN2:>115558h v20260707 OGN-R/PilotAware
CANDIDATE source=PWUKGRL destination=OGNSDR packet=PWUKGRL>OGNSDR,TCPIP*,qAC,GLIDERN1:>115207h v0.3.2.ARM CPU:0.8 RAM:331.9/971.1MB NTP:2.4ms/-6.7ppm +55.1C EGM96:+47m 6/6Acfts[1h] Lat:1.6s RF:-2+0.0ppm/+5.92dB/-4.3dB@10km[3175]/-1.0dB@10km[4/7]
CANDIDATE source=PWUKGRL destination=APRS packet=PWUKGRL>APRS,TCPIP*,qAC,GLIDERN1:>115559h v20260707 OGN-R/PilotAware
SERVER # aprsc 2.1.20-gf.5-g0178a1b 16 Sep 2026 11:55:59 GMT GLIDERN3 85.188.1.173:14580
CANDIDATE source=PWEcclesN destination=OGNSDR packet=PWEcclesN>OGNSDR,TCPIP*,qAC,GLIDERN2:>115430h v0.3.2.ARM CPU:5.0 RAM:364.6/971.1MB NTP:4.0ms/-8.8ppm +60.5C EGM96:+51m 1/1Acfts[1h] RF:-1-0.2ppm/-1.66dB/+22.5dB@10km[722]/+22.5dB@10km[1/1]
CANDIDATE source=PWEcclesN destination=APRS packet=PWEcclesN>APRS,TCPIP*,qAC,GLIDERN2:>115601h v20260707 OGN-R/PilotAware
CANDIDATE source=PWSHIREN destination=OGNSDR packet=PWSHIREN>OGNSDR,TCPIP*,qAC,GLIDERN3:>115142h v0.3.2.ARM CPU:10.3 RAM:243.5/971.1MB NTP:0.4ms/+0.3ppm +55.1C EGM96:+51m 4/4Acfts[1h] Lat:8.5s RF:+29-3.8ppm/-0.77dB/+20.9dB@10km[48]/+21.4dB@10km[1/2]
CANDIDATE source=PWSHIREN destination=APRS packet=PWSHIREN>APRS,TCPIP*,qAC,GLIDERN3:>115601h v20260707 OGN-R/PilotAware
CANDIDATE source=PWUKGRL3 destination=OGNSDR packet=PWUKGRL3>OGNSDR,TCPIP*,qAC,GLIDERN3:>115201h v0.3.2.ARM CPU:4.1 RAM:312.8/971.1MB NTP:3.2ms/-4.9ppm +60.5C EGM96:+47m 8/8Acfts[1h] Lat:1.9s RF:-1-0.3ppm/+0.06dB/+4.6dB@10km[13653]/+13.8dB@10km[5/9]
CANDIDATE source=PWUKGRL3 destination=APRS packet=PWUKGRL3>APRS,TCPIP*,qAC,GLIDERN3:>115601h v20260707 OGN-R/PilotAware
CANDIDATE source=PWBabraha destination=OGNSDR packet=PWBabraha>OGNSDR,TCPIP*,qAC,GLIDERN3:/114559h5209.37NI00013.98E&/A=000151
CANDIDATE source=PWBabraha destination=APRS packet=PWBabraha>APRS,TCPIP*,qAC,GLIDERN3:>115601h v20260707 OGN-R/PilotAware
CANDIDATE source=PWUKRIW destination=OGNSDR packet=PWUKRIW>OGNSDR,TCPIP*,qAC,GLIDERN1:>115441h v0.3.2.ARM CPU:1.3 RAM:322.9/971.1MB NTP:2.4ms/-2.4ppm +58.5C EGM96:+46m 3/3Acfts[1h] Lat:1.6s RF:+22+1.4ppm/+3.83dB/-16.3dB@10km[2]/-16.3dB@10km[1/1]
CANDIDATE source=PWUKRIW destination=APRS packet=PWUKRIW>APRS,TCPIP*,qAC,GLIDERN1:>115603h v20260707 OGN-R/PilotAware
CANDIDATE source=PWRankins destination=OGNSDR packet=PWRankins>OGNSDR,TCPIP*,qAC,GLIDERN3:/115505h5112.27NI00030.69E&/A=000079
STATS seconds=453 packets=1108 server_comments=24 matching_sources=1108 parsed_receiver_packets=557 top_destinations=[OGNSDR:557, APRS:551]
CANDIDATE source=PWRankins destination=APRS packet=PWRankins>APRS,TCPIP*,qAC,GLIDERN3:>115613h v20260707 OGN-R/PilotAware
CANDIDATE source=PWEDRPACP destination=OGNSDR packet=PWEDRPACP>OGNSDR,TCPIP*,qAC,GLIDERN2:>115429h v0.3.2.ARM CPU:1.6 RAM:348.2/971.1MB NTP:0.6ms/-3.3ppm +57.5C EGM96:+49m 2/2Acfts[1h] Lat:1.7s RF:+0-2.4ppm/-1.03dB/+14.8dB@10km[4830]/+21.2dB@10km[5/10]
CANDIDATE source=PWEDRPACP destination=APRS packet=PWEDRPACP>APRS,TCPIP*,qAC,GLIDERN2:>115613h v20260707 OGN-R/PilotAware
CANDIDATE source=PWFirefly destination=OGNSDR packet=PWFirefly>OGNSDR,TCPIP*,qAC,GLIDERN1:/115515h5047.70NI00311.98W&/A=000525
CANDIDATE source=PWFirefly destination=APRS packet=PWFirefly>APRS,TCPIP*,qAC,GLIDERN1:>115613h v20260707 OGN-R/PilotAware
CANDIDATE source=PWNesclif destination=OGNSDR packet=PWNesclif>OGNSDR,TCPIP*,qAC,GLIDERN3:>115353h v0.3.2.ARM CPU:2.1 RAM:447.3/971.1MB NTP:3.0ms/-7.6ppm +70.9C EGM96:+53m 4/4Acfts[1h] RF:-2-1.8ppm/-1.92dB/+5.5dB@10km[6757]/+7.7dB@10km[4/8]
CANDIDATE source=PWNesclif destination=APRS packet=PWNesclif>APRS,TCPIP*,qAC,GLIDERN3:>115613h v20260707 OGN-R/PilotAware
CANDIDATE source=PWEGBS destination=OGNSDR packet=PWEGBS>OGNSDR,TCPIP*,qAC,GLIDERN1:>115526h v0.3.2.ARM CPU:1.8 RAM:418.9/971.1MB NTP:0.4ms/+2.7ppm +54.6C EGM96:+52m 1/1Acfts[1h] RF:+0+50.1ppm/-1.86dB
CANDIDATE source=PWEGBS destination=APRS packet=PWEGBS>APRS,TCPIP*,qAC,GLIDERN1:>115615h v20260707 OGN-R/PilotAware
CANDIDATE source=PWAachen destination=OGNSDR packet=PWAachen>OGNSDR,TCPIP*,qAC,GLIDERN3:/010553h5046.05NI00603.73E&/A=000755
CANDIDATE source=PWAachen destination=APRS packet=PWAachen>APRS,TCPIP*,qAC,GLIDERN3:>115617h v20260707 OGN-R/PilotAware
SERVER # aprsc 2.1.20-gf.5-g0178a1b 16 Sep 2026 11:56:19 GMT GLIDERN3 85.188.1.173:14580
CANDIDATE source=PWNalltn destination=OGNSDR packet=PWNalltn>OGNSDR,TCPIP*,qAC,GLIDERN2:/115413h5419.83NI00126.71W&/A=000151
CANDIDATE source=PWNalltn destination=APRS packet=PWNalltn>APRS,TCPIP*,qAC,GLIDERN2:>115622h v20260707 OGN-R/PilotAware
CANDIDATE source=PWNOWZMA1 destination=OGNSDR packet=PWNOWZMA1>OGNSDR,TCPIP*,qAC,GLIDERN2:>115627h v0.3.2.ARM CPU:1.6 RAM:411.8/971.1MB NTP:2.8ms/-3.3ppm +60.1C EGM96:+45m 5/5Acfts[1h] Lat:1.5s RF:-2-0.8ppm/-1.68dB/+21.8dB@10km[1695]/+24.7dB@10km[7/14]
CANDIDATE source=PWNOWZMA1 destination=APRS packet=PWNOWZMA1>APRS,TCPIP*,qAC,GLIDERN2:>115628h v20260707 OGN-R/PilotAware
CANDIDATE source=PWHunsdon destination=OGNSDR packet=PWHunsdon>OGNSDR,TCPIP*,qAC,GLIDERN1:/115513h5148.58NI00004.21E&/A=000263
CANDIDATE source=PWHunsdon destination=APRS packet=PWHunsdon>APRS,TCPIP*,qAC,GLIDERN1:>115629h v20260707 OGN-R/PilotAware
CANDIDATE source=PWTYDDYN destination=OGNSDR packet=PWTYDDYN>OGNSDR,TCPIP*,qAC,GLIDERN2:>115341h v0.3.2.ARM CPU:1.1 RAM:430.4/971.1MB NTP:4.3ms/-10.8ppm +43.3C EGM96:+53m 0/0Acfts[1h] RF:+0+0.0ppm/-0.38dB/+3.4dB@10km[118]/+3.4dB@10km[1/1]
CANDIDATE source=PWTYDDYN destination=APRS packet=PWTYDDYN>APRS,TCPIP*,qAC,GLIDERN2:>115630h v20260707 OGN-R/PilotAware
CANDIDATE source=PWUKPAR destination=OGNSDR packet=PWUKPAR>OGNSDR,TCPIP*,qAC,GLIDERN1:>115509h v0.3.2.ARM CPU:5.0 RAM:464.7/971.1MB NTP:4.3ms/-8.2ppm +51.4C EGM96:+46m 20/20Acfts[1h] Lat:2.6s RF:+0-0.0ppm/-0.12dB/+11.5dB@10km[17428]/+15.4dB@10km[10/20]
CANDIDATE source=PWUKPAR destination=APRS packet=PWUKPAR>APRS,TCPIP*,qAC,GLIDERN1:>115638h v20260707 OGN-R/PilotAware
SERVER # aprsc 2.1.20-gf.5-g0178a1b 16 Sep 2026 11:56:39 GMT GLIDERN3 85.188.1.173:14580
CANDIDATE source=PWThtford destination=OGNSDR packet=PWThtford>OGNSDR,TCPIP*,qAC,GLIDERN2:>115623h v0.3.2.ARM CPU:6.0 RAM:304.9/971.1MB NTP:2.2ms/-3.0ppm +48.8C EGM96:+46m 0/0Acfts[1h] RF:-3+0.2ppm/+6.77dB
CANDIDATE source=PWThtford destination=APRS packet=PWThtford>APRS,TCPIP*,qAC,GLIDERN2:>115639h v20260707 OGN-R/PilotAware
CANDIDATE source=PWLanark destination=OGNSDR packet=PWLanark>OGNSDR,TCPIP*,qAC,GLIDERN3:>115543h v0.3.2.ARM CPU:2.2 RAM:417.4/971.1MB NTP:5.9ms/+1.0ppm +46.5C EGM96:+54m 0/0Acfts[1h] RF:+0+0.0ppm/+7.00dB
STATS seconds=486 packets=1132 server_comments=26 matching_sources=1132 parsed_receiver_packets=569 top_destinations=[OGNSDR:569, APRS:563]
CANDIDATE source=PWLanark destination=APRS packet=PWLanark>APRS,TCPIP*,qAC,GLIDERN3:>115646h v20260707 OGN-R/PilotAware
CANDIDATE source=Pwick destination=OGNSDR packet=Pwick>OGNSDR,TCPIP*,qAC,GLIDERN2:/115646h5529.97NI00429.33W&/A=000410
CANDIDATE source=PWMonmth destination=OGNSDR packet=PWMonmth>OGNSDR,TCPIP*,qAC,GLIDERN3:>115326h v0.3.2.ARM CPU:0.8 RAM:456.7/971.1MB NTP:1.6ms/-2.8ppm +55.1C EGM96:+51m 2/2Acfts[1h] RF:-3+0.6ppm/-1.07dB/+5.7dB@10km[125]/+9.8dB@10km[2/3]
CANDIDATE source=PWMonmth destination=APRS packet=PWMonmth>APRS,TCPIP*,qAC,GLIDERN3:>115650h v20260707 OGN-R/PilotAware
CANDIDATE source=PWEDXD destination=OGNSDR packet=PWEDXD>OGNSDR,TCPIP*,qAC,GLIDERN2:/110314h5221.15NI00819.81E&/A=000184
CANDIDATE source=PWEDXD destination=APRS packet=PWEDXD>APRS,TCPIP*,qAC,GLIDERN2:>115655h v20260707 OGN-R/PilotAware
CANDIDATE source=PWCrowlan destination=OGNSDR packet=PWCrowlan>OGNSDR,TCPIP*,qAC,GLIDERN1:/115453h5242.67NI00008.13W&/A=000016
CANDIDATE source=PWCrowlan destination=APRS packet=PWCrowlan>APRS,TCPIP*,qAC,GLIDERN1:>115659h v20260707 OGN-R/PilotAware
SERVER # aprsc 2.1.20-gf.5-g0178a1b 16 Sep 2026 11:56:59 GMT GLIDERN3 85.188.1.173:14580
CANDIDATE source=PWMataro destination=OGNSDR packet=PWMataro>OGNSDR,TCPIP*,qAC,GLIDERN2:/115231h4132.41NI00226.85E&/A=000253
CANDIDATE source=PWMataro destination=APRS packet=PWMataro>APRS,TCPIP*,qAC,GLIDERN2:>115701h v20260707 OGN-R/PilotAware
CANDIDATE source=PWLERM2 destination=OGNSDR packet=PWLERM2>OGNSDR,TCPIP*,qAC,GLIDERN3:>115602h v0.3.2.ARM CPU:1.1 RAM:465.4/971.1MB NTP:1.0ms/+1.5ppm +53.5C EGM96:+53m 0/0Acfts[1h] RF:+0-0.1ppm/-1.04dB
CANDIDATE source=PWLERM2 destination=APRS packet=PWLERM2>APRS,TCPIP*,qAC,GLIDERN3:>115702h v20260707 OGN-R/PilotAware
CANDIDATE source=PWENNO destination=OGNSDR packet=PWENNO>OGNSDR,TCPIP*,qAC,GLIDERN2:>115532h v0.3.2.ARM CPU:2.5 RAM:409.6/971.1MB NTP:0.4ms/+9.7ppm +51.9C EGM96:+42m 0/0Acfts[1h] RF:+49-0.3ppm/+5.04dB
CANDIDATE source=PWENNO destination=APRS packet=PWENNO>APRS,TCPIP*,qAC,GLIDERN2:>115704h v20260707 OGN-R/PilotAware
CANDIDATE source=PWClenchC destination=OGNSDR packet=PWClenchC>OGNSDR,TCPIP*,qAC,GLIDERN3:/115641h5123.32NI00143.88W&/A=000617
CANDIDATE source=PWClenchC destination=APRS packet=PWClenchC>APRS,TCPIP*,qAC,GLIDERN3:>115701h v20260707 OGN-R/PilotAware
CANDIDATE source=PWEDMY destination=OGNSDR packet=PWEDMY>OGNSDR,TCPIP*,qAC,GLIDERN2:>115559h v0.3.2.ARM CPU:4.1 RAM:418.0/971.1MB NTP:3.1ms/+1.7ppm +51.9C EGM96:+45m 0/0Acfts[1h] RF:+36-2.1ppm/+25.97dB
CANDIDATE source=PWEDMY destination=APRS packet=PWEDMY>APRS,TCPIP*,qAC,GLIDERN2:>115705h v20260707 OGN-R/PilotAware
CANDIDATE source=PWUKBVT destination=OGNSDR packet=PWUKBVT>OGNSDR,TCPIP*,qAC,GLIDERN2:/115544h5042.75NI00213.12W&/A=000223
CANDIDATE source=PWUKBVT destination=APRS packet=PWUKBVT>APRS,TCPIP*,qAC,GLIDERN2:>115707h v20260707 OGN-R/PilotAware
CANDIDATE source=PWGtAyton destination=OGNSDR packet=PWGtAyton>OGNSDR,TCPIP*,qAC,GLIDERN3:>115613h v0.3.2.ARM CPU:2.2 RAM:440.7/971.1MB NTP:1.8ms/-3.9ppm +57.3C EGM96:+49m 0/0Acfts[1h] RF:+42-3.2ppm/+1.86dB
CANDIDATE source=PWGtAyton destination=APRS packet=PWGtAyton>APRS,TCPIP*,qAC,GLIDERN3:>115711h v20260707 OGN-R/PilotAware
CANDIDATE source=PWMossedg destination=OGNSDR packet=PWMossedg>OGNSDR,TCPIP*,qAC,GLIDERN3:>115400h v0.3.2.ARM CPU:1.6 RAM:321.0/971.1MB NTP:3.0ms/-8.3ppm +74.1C EGM96:+52m 1/1Acfts[1h] RF:-1-0.2ppm/-1.54dB/+5.0dB@10km[24]/+7.9dB@10km[1/2]
STATS seconds=518 packets=1155 server_comments=27 matching_sources=1155 parsed_receiver_packets=581 top_destinations=[OGNSDR:581, APRS:574]
CANDIDATE source=PWMossedg destination=APRS packet=PWMossedg>APRS,TCPIP*,qAC,GLIDERN3:>115717h v20260707 OGN-R/PilotAware
SERVER # aprsc 2.1.20-gf.5-g0178a1b 16 Sep 2026 11:57:19 GMT GLIDERN3 85.188.1.173:14580
CANDIDATE source=PWOXNHOPE destination=OGNSDR packet=PWOXNHOPE>OGNSDR,TCPIP*,qAC,GLIDERN1:>115723h v0.3.2.ARM CPU:2.2 RAM:343.5/971.1MB NTP:1.9ms/-5.2ppm +62.3C EGM96:+51m 3/3Acfts[1h] Lat:1.5s RF:-2-2.4ppm/+7.21dB/+17.5dB@10km[43]/+18.8dB@10km[3/5]
CANDIDATE source=PWOXNHOPE destination=APRS packet=PWOXNHOPE>APRS,TCPIP*,qAC,GLIDERN1:>115725h v20260707 OGN-R/PilotAware
CANDIDATE source=PWUKNHL destination=OGNSDR packet=PWUKNHL>OGNSDR,TCPIP*,qAC,GLIDERN3:>115539h v0.3.2.ARM CPU:5.6 RAM:340.5/971.1MB NTP:1.5ms/+4.3ppm +58.4C EGM96:+51m 6/6Acfts[1h] Lat:2.2s RF:+78+3.0ppm/+0.50dB/+4.7dB@10km[7208]/+13.5dB@10km[3/6]
CANDIDATE source=PWUKNHL destination=APRS packet=PWUKNHL>APRS,TCPIP*,qAC,GLIDERN3:>115727h v20260707 OGN-R/PilotAware
CANDIDATE source=PWBalerno destination=OGNSDR packet=PWBalerno>OGNSDR,TCPIP*,qAC,GLIDERN1:/115722h5552.67NI00320.75W&/A=000653
CANDIDATE source=PWBalerno destination=APRS packet=PWBalerno>APRS,TCPIP*,qAC,GLIDERN1:>115729h v20260707 OGN-R/PilotAware
CANDIDATE source=PWSSHouse destination=OGNSDR packet=PWSSHouse>OGNSDR,TCPIP*,qAC,GLIDERN3:>115359h v0.3.2.ARM CPU:2.3 RAM:278.6/971.1MB NTP:0.4ms/-7.0ppm +73.1C EGM96:+47m 0/0Acfts[1h] RF:+85+2.5ppm/+6.02dB
CANDIDATE source=PWSSHouse destination=APRS packet=PWSSHouse>APRS,TCPIP*,qAC,GLIDERN3:>115730h v20260707 OGN-R/PilotAware
CANDIDATE source=PWUKCPH destination=OGNSDR packet=PWUKCPH>OGNSDR,TCPIP*,qAC,GLIDERN2:/115712h5318.28NI00143.75W&/A=001296
CANDIDATE source=PWUKCPH destination=APRS packet=PWUKCPH>APRS,TCPIP*,qAC,GLIDERN2:>115732h v20260707 OGN-R/PilotAware
CANDIDATE source=PWBuchhol destination=OGNSDR packet=PWBuchhol>OGNSDR,TCPIP*,qAC,GLIDERN1:/115628h5319.75NI00951.35E&/A=000243
CANDIDATE source=PWBuchhol destination=APRS packet=PWBuchhol>APRS,TCPIP*,qAC,GLIDERN1:>115734h v20260707 OGN-R/PilotAware
CANDIDATE source=PWEGBG destination=OGNSDR packet=PWEGBG>OGNSDR,TCPIP*,qAC,GLIDERN1:/115706h5236.37NI00102.07W&/A=000512
CANDIDATE source=PWEGBG destination=APRS packet=PWEGBG>APRS,TCPIP*,qAC,GLIDERN1:>115739h v20260707 OGN-R/PilotAware
SERVER # aprsc 2.1.20-gf.5-g0178a1b 16 Sep 2026 11:57:39 GMT GLIDERN3 85.188.1.173:14580
CANDIDATE source=PWJONLEAM destination=OGNSDR packet=PWJONLEAM>OGNSDR,TCPIP*,qAC,GLIDERN1:/115646h5218.62NI00130.81W&/A=000348
CANDIDATE source=PWJONLEAM destination=APRS packet=PWJONLEAM>APRS,TCPIP*,qAC,GLIDERN1:>115745h v20260707 OGN-R/PilotAware
CANDIDATE source=PWEGTK destination=OGNSDR packet=PWEGTK>OGNSDR,TCPIP*,qAC,GLIDERN2:/115403h5149.97NI00118.95W&/A=000256
CANDIDATE source=PWEGTK destination=APRS packet=PWEGTK>APRS,TCPIP*,qAC,GLIDERN2:>115745h v20260707 OGN-R/PilotAware
CANDIDATE source=PWHusBos destination=OGNSDR packet=PWHusBos>OGNSDR,TCPIP*,qAC,GLIDERN2:/115409h5226.44NI00102.85W&/A=000518
STATS seconds=552 packets=1175 server_comments=29 matching_sources=1175 parsed_receiver_packets=591 top_destinations=[OGNSDR:591, APRS:584]
CANDIDATE source=PWHusBos destination=APRS packet=PWHusBos>APRS,TCPIP*,qAC,GLIDERN2:>115751h v20260707 OGN-R/PilotAware
CANDIDATE source=PWSelsey destination=OGNSDR packet=PWSelsey>OGNSDR,TCPIP*,qAC,GLIDERN3:/115659h5044.88NI00046.18W&/A=000023
CANDIDATE source=PWSelsey destination=APRS packet=PWSelsey>APRS,TCPIP*,qAC,GLIDERN3:>115751h v20260707 OGN-R/PilotAware
CANDIDATE source=PWASFG destination=OGNSDR packet=PWASFG>OGNSDR,TCPIP*,qAC,GLIDERN2:>115637h v0.3.2.ARM CPU:0.4 RAM:461.0/971.1MB NTP:4.5ms/-7.3ppm +51.0C EGM96:+40m 0/0Acfts[1h] RF:+0-0.9ppm/-1.26dB/+14.6dB@10km[1249]/+14.9dB@10km[2/4]
CANDIDATE source=PWASFG destination=APRS packet=PWASFG>APRS,TCPIP*,qAC,GLIDERN2:>115754h v20260707 OGN-R/PilotAware
CANDIDATE source=PWBalado destination=OGNSDR packet=PWBalado>OGNSDR,TCPIP*,qAC,GLIDERN1:/115435h5613.01NI00327.46W&/A=000443
CANDIDATE source=PWBalado destination=APRS packet=PWBalado>APRS,TCPIP*,qAC,GLIDERN1:>115758h v20260707 OGN-R/PilotAware
SERVER # aprsc 2.1.20-gf.5-g0178a1b 16 Sep 2026 11:57:59 GMT GLIDERN3 85.188.1.173:14580
CANDIDATE source=PWNKRock destination=OGNSDR packet=PWNKRock>OGNSDR,TCPIP*,qAC,GLIDERN3:>115345h v0.3.2.ARM CPU:3.4 RAM:367.8/971.1MB NTP:0.1ms/+0.4ppm +45.5C EGM96:+44m 5/5Acfts[1h] Lat:3.7s RF:+0+0.3ppm/+6.25dB/+15.9dB@10km[650]/+21.0dB@10km[3/6]
CANDIDATE source=PWNKRock destination=APRS packet=PWNKRock>APRS,TCPIP*,qAC,GLIDERN3:>115800h v20260707 OGN-R/PilotAware
CANDIDATE source=PWUKLLE destination=OGNSDR packet=PWUKLLE>OGNSDR,TCPIP*,qAC,GLIDERN2:>115800h v0.3.2.ARM CPU:4.4 RAM:483.9/971.1MB NTP:1.2ms/+1.9ppm +56.2C EGM96:+54m 3/3Acfts[1h] Lat:1.7s RF:+0+0.0ppm/-1.90dB/+15.6dB@10km[576]/+15.6dB@10km[1/1]
CANDIDATE source=PWUKLLE destination=APRS packet=PWUKLLE>APRS,TCPIP*,qAC,GLIDERN2:>115801h v20260707 OGN-R/PilotAware
CANDIDATE source=PWPalmers destination=OGNSDR packet=PWPalmers>OGNSDR,TCPIP*,qAC,GLIDERN3:>115607h v0.3.2.ARM CPU:6.4 RAM:397.2/971.1MB NTP:0.4ms/-4.3ppm +63.8C EGM96:+45m 17/17Acfts[1h] Lat:2.3s RF:+0+0.1ppm/-1.67dB/+9.1dB@10km[8642]/+11.6dB@10km[9/17]
CANDIDATE source=PWPalmers destination=APRS packet=PWPalmers>APRS,TCPIP*,qAC,GLIDERN3:>115801h v20260707 OGN-R/PilotAware
CANDIDATE source=PWCambrid destination=OGNSDR packet=PWCambrid>OGNSDR,TCPIP*,qAC,GLIDERN2:/115616h5212.73NI00007.80E&/A=000033
CANDIDATE source=PWCambrid destination=APRS packet=PWCambrid>APRS,TCPIP*,qAC,GLIDERN2:>115802h v20260707 OGN-R/PilotAware
CANDIDATE source=PWHeli001 destination=OGNSDR packet=PWHeli001>OGNSDR,TCPIP*,qAC,GLIDERN3:>115647h v0.3.2.ARM CPU:1.7 RAM:349.7/971.1MB NTP:1.7ms/-8.2ppm +60.1C EGM96:+50m 1/1Acfts[1h] RF:-2-1.6ppm/-1.20dB/+20.2dB@10km[97]/+20.2dB@10km[1/1]
CANDIDATE source=PWHeli001 destination=APRS packet=PWHeli001>APRS,TCPIP*,qAC,GLIDERN3:>115806h v20260707 OGN-R/PilotAware
CANDIDATE source=PWMunypot destination=OGNSDR packet=PWMunypot>OGNSDR,TCPIP*,qAC,GLIDERN3:/115255h5222.05NI00100.31E&/A=000131
CANDIDATE source=PWMunypot destination=APRS packet=PWMunypot>APRS,TCPIP*,qAC,GLIDERN3:>115806h v20260707 OGN-R/PilotAware
CANDIDATE source=PWFlyNQY destination=OGNSDR packet=PWFlyNQY>OGNSDR,TCPIP*,qAC,GLIDERN1:>115626h v0.3.2.ARM CPU:1.8 RAM:464.3/971.1MB NTP:0.3ms/-7.2ppm +58.5C EGM96:+53m 0/0Acfts[1h] RF:+0-0.4ppm/-1.43dB
CANDIDATE source=PWFlyNQY destination=APRS packet=PWFlyNQY>APRS,TCPIP*,qAC,GLIDERN1:>115807h v20260707 OGN-R/PilotAware
CANDIDATE source=PWParkmil destination=OGNSDR packet=PWParkmil>OGNSDR,TCPIP*,qAC,GLIDERN3:/115409h5134.88NI00405.94W&/A=000164
CANDIDATE source=PWParkmil destination=APRS packet=PWParkmil>APRS,TCPIP*,qAC,GLIDERN3:>115811h v20260707 OGN-R/PilotAware
CANDIDATE source=PWBRENTOR destination=OGNSDR packet=PWBRENTOR>OGNSDR,TCPIP*,qAC,GLIDERN2:/115720h5035.53NI00409.13W&/A=000847
CANDIDATE source=PWBRENTOR destination=APRS packet=PWBRENTOR>APRS,TCPIP*,qAC,GLIDERN2:>115817h v20260707 OGN-R/PilotAware
CANDIDATE source=PWTowardP destination=OGNSDR packet=PWTowardP>OGNSDR,TCPIP*,qAC,GLIDERN3:>115756h v0.3.2.ARM CPU:1.4 RAM:418.3/971.1MB NTP:1.2ms/-8.5ppm +62.8C EGM96:+55m 0/0Acfts[1h] RF:+0-0.4ppm/-1.87dB
CANDIDATE source=PWTowardP destination=APRS packet=PWTowardP>APRS,TCPIP*,qAC,GLIDERN3:>115817h v20260707 OGN-R/PilotAware
CANDIDATE source=PWMiltnKy destination=OGNSDR packet=PWMiltnKy>OGNSDR,TCPIP*,qAC,GLIDERN1:>115629h v0.3.2.ARM CPU:2.1 RAM:362.5/971.1MB NTP:2.4ms/-6.0ppm +56.9C EGM96:+47m 2/2Acfts[1h] RF:-2+18.0ppm/+0.52dB/+12.1dB@10km[91]/+12.8dB@10km[2/3]
CANDIDATE source=PWMiltnKy destination=APRS packet=PWMiltnKy>APRS,TCPIP*,qAC,GLIDERN1:>115817h v20260707 OGN-R/PilotAware
SERVER # aprsc 2.1.20-gf.5-g0178a1b 16 Sep 2026 11:58:19 GMT GLIDERN3 85.188.1.173:14580
CANDIDATE source=PWEGLK destination=OGNSDR packet=PWEGLK>OGNSDR,TCPIP*,qAC,GLIDERN2:/115800h5119.36NI00050.44W&/A=000345
CANDIDATE source=PWEGLK destination=APRS packet=PWEGLK>APRS,TCPIP*,qAC,GLIDERN2:>115820h v20260707 OGN-R/PilotAware
CANDIDATE source=PWRMS02 destination=OGNSDR packet=PWRMS02>OGNSDR,TCPIP*,qAC,GLIDERN3:>115819h v0.3.2.ARM CPU:5.7 RAM:272.4/971.1MB NTP:0.5ms/-0.0ppm +70.9C EGM96:+49m 0/0Acfts[1h] RF:-1+0.1ppm/+4.20dB
STATS seconds=583 packets=1207 server_comments=31 matching_sources=1207 parsed_receiver_packets=607 top_destinations=[OGNSDR:607, APRS:600]
CANDIDATE source=PWRMS02 destination=APRS packet=PWRMS02>APRS,TCPIP*,qAC,GLIDERN3:>115823h v20260707 OGN-R/PilotAware
CANDIDATE source=PWUKCHP destination=OGNSDR packet=PWUKCHP>OGNSDR,TCPIP*,qAC,GLIDERN3:>115351h v0.3.2.ARM CPU:3.4 RAM:438.9/971.1MB NTP:0.2ms/+1.4ppm +59.5C EGM96:+52m 5/5Acfts[1h] RF:+34+3.2ppm/-0.30dB/+18.8dB@10km[2641]/+19.2dB@10km[4/7]
CANDIDATE source=PWUKCHP destination=APRS packet=PWUKCHP>APRS,TCPIP*,qAC,GLIDERN3:>115823h v20260707 OGN-R/PilotAware
CANDIDATE source=PWOlvestn destination=OGNSDR packet=PWOlvestn>OGNSDR,TCPIP*,qAC,GLIDERN1:>115651h v0.3.2.ARM CPU:1.9 RAM:420.0/971.1MB NTP:0.2ms/+1.2ppm +57.8C EGM96:+50m 2/2Acfts[1h] RF:+22+1.4ppm/-1.93dB/+14.4dB@10km[364]/+20.6dB@10km[2/4]
CANDIDATE source=PWOlvestn destination=APRS packet=PWOlvestn>APRS,TCPIP*,qAC,GLIDERN1:>115824h v20260707 OGN-R/PilotAware
CANDIDATE source=PWFOCA1 destination=OGNSDR packet=PWFOCA1>OGNSDR,TCPIP*,qAC,GLIDERN2:/115645h4653.94NI00728.08E&/A=002723
CANDIDATE source=PWFOCA1 destination=APRS packet=PWFOCA1>APRS,TCPIP*,qAC,GLIDERN2:>115826h v20260707 OGN-R/PilotAware
CANDIDATE source=PWLanghec destination=OGNSDR packet=PWLanghec>OGNSDR,TCPIP*,qAC,GLIDERN1:>115422h v0.3.2.ARM CPU:2.0 RAM:337.0/971.1MB NTP:0.2ms/+1.8ppm +53.5C EGM96:+48m 0/0Acfts[1h] RF:-1-1.2ppm/-1.46dB/+10.2dB@10km[256]/+14.3dB@10km[2/4]
CANDIDATE source=PWLanghec destination=APRS packet=PWLanghec>APRS,TCPIP*,qAC,GLIDERN1:>115826h v20260707 OGN-R/PilotAware
CANDIDATE source=PWOxford destination=OGNSDR packet=PWOxford>OGNSDR,TCPIP*,qAC,GLIDERN2:>115735h v0.3.2.ARM CPU:1.0 RAM:303.2/971.1MB NTP:0.2ms/-5.5ppm +78.4C EGM96:+48m 1/1Acfts[1h] RF:+51+1.4ppm/-0.41dB/+15.9dB@10km[1213]/+19.7dB@10km[2/4]
CANDIDATE source=PWOxford destination=APRS packet=PWOxford>APRS,TCPIP*,qAC,GLIDERN2:>115832h v20260707 OGN-R/PilotAware
CANDIDATE source=PWNEUWIED destination=OGNSDR packet=PWNEUWIED>OGNSDR,TCPIP*,qAC,GLIDERN3:>115637h v0.3.2.ARM CPU:3.3 RAM:395.6/971.1MB NTP:0.7ms/-5.3ppm +76.3C EGM96:+48m 3/4Acfts[1h] RF:+0-0.3ppm/+11.61dB/+16.1dB@10km[6687]/+18.7dB@10km[6/12]
CANDIDATE source=PWNEUWIED destination=APRS packet=PWNEUWIED>APRS,TCPIP*,qAC,GLIDERN3:>115833h v20260707 OGN-R/PilotAware
CANDIDATE source=PWUKEdge destination=OGNSDR packet=PWUKEdge>OGNSDR,TCPIP*,qAC,GLIDERN3:/115834h5204.81NI00128.39W&/A=000630
CANDIDATE source=PWUKEdge destination=APRS packet=PWUKEdge>APRS,TCPIP*,qAC,GLIDERN3:>115836h v20260707 OGN-R/PilotAware
CANDIDATE source=PWHORNSEA destination=OGNSDR packet=PWHORNSEA>OGNSDR,TCPIP*,qAC,GLIDERN1:/115837h5353.72NI00009.92W&/A=000033
CANDIDATE source=PWHORNSEA destination=OGNSDR packet=PWHORNSEA>OGNSDR,TCPIP*,qAC,GLIDERN1:>115837h v0.3.2.RPI-GPU CPU:1.5 RAM:126.1/449.1MB NTP:1.5ms/-1.1ppm +46.7C EGM96:+46m 0/0Acfts[1h] RF:+60+0.0ppm/+4.06dB
SERVER # aprsc 2.1.20-gf.5-g0178a1b 16 Sep 2026 11:58:39 GMT GLIDERN3 85.188.1.173:14580
CANDIDATE source=PWUKRUF destination=OGNSDR packet=PWUKRUF>OGNSDR,TCPIP*,qAC,GLIDERN3:>115840h v0.3.2.ARM CPU:3.3 RAM:376.6/971.1MB NTP:1.5ms/-5.7ppm +73.6C EGM96:+49m 22/22Acfts[1h] Lat:1.7s RF:+0-0.5ppm/-1.14dB/+9.5dB@10km[21564]/+17.1dB@10km[15/29]
CANDIDATE source=PWUKRUF destination=APRS packet=PWUKRUF>APRS,TCPIP*,qAC,GLIDERN3:>115840h v20260707 OGN-R/PilotAware
CANDIDATE source=PWWeasel1 destination=OGNSDR packet=PWWeasel1>OGNSDR,TCPIP*,qAC,GLIDERN2:>115821h v0.3.2.ARM CPU:2.7 RAM:388.8/971.1MB NTP:2.1ms/-5.3ppm +58.4C EGM96:+46m 0/0Acfts[1h] RF:+0+0.1ppm/-1.36dB
CANDIDATE source=PWWeasel1 destination=APRS packet=PWWeasel1>APRS,TCPIP*,qAC,GLIDERN2:>115841h v20260707 OGN-R/PilotAware
CANDIDATE source=PWEHLE destination=OGNSDR packet=PWEHLE>OGNSDR,TCPIP*,qAC,GLIDERN3:>115818h v0.3.2.ARM CPU:4.9 RAM:444.9/971.1MB NTP:8.4ms/-1.2ppm +66.6C EGM96:+43m 3/3Acfts[1h] RF:-18+68.0ppm/-1.33dB/+17.8dB@10km[722]/+20.2dB@10km[2/4]
CANDIDATE source=PWEHLE destination=APRS packet=PWEHLE>APRS,TCPIP*,qAC,GLIDERN3:>115844h v20260707 OGN-R/PilotAware
CANDIDATE source=PWUKUSK destination=OGNSDR packet=PWUKUSK>OGNSDR,TCPIP*,qAC,GLIDERN1:>115605h v0.3.2.ARM CPU:6.7 RAM:371.9/971.1MB NTP:1.2ms/+4.3ppm +54.1C EGM96:+51m 2/2Acfts[1h] Lat:1.9s RF:+0-0.3ppm/-2.00dB/+12.2dB@10km[2503]/+12.4dB@10km[1/2]
CANDIDATE source=PWUKUSK destination=APRS packet=PWUKUSK>APRS,TCPIP*,qAC,GLIDERN1:>115847h v20260707 OGN-R/PilotAware
CANDIDATE source=PWlsvpbg destination=OGNSDR packet=PWlsvpbg>OGNSDR,TCPIP*,qAC,GLIDERN3:>115700h v0.3.2.ARM CPU:4.7 RAM:362.3/971.1MB NTP:2.5ms/-5.7ppm +57.3C EGM96:+41m 0/0Acfts[1h] RF:+0-0.9ppm/-0.59dB
CANDIDATE source=PWlsvpbg destination=APRS packet=PWlsvpbg>APRS,TCPIP*,qAC,GLIDERN3:>115848h v20260707 OGN-R/PilotAware
CANDIDATE source=PWNewbigg destination=OGNSDR packet=PWNewbigg>OGNSDR,TCPIP*,qAC,GLIDERN2:/115840h5541.18NI00332.90W&/A=000679
CANDIDATE source=PWNewbigg destination=APRS packet=PWNewbigg>APRS,TCPIP*,qAC,GLIDERN2:>115851h v20260707 OGN-R/PilotAware
CANDIDATE source=PWCromer destination=OGNSDR packet=PWCromer>OGNSDR,TCPIP*,qAC,GLIDERN1:/100212h5253.46NI00119.04E&/A=000220
STATS seconds=618 packets=1237 server_comments=32 matching_sources=1237 parsed_receiver_packets=623 top_destinations=[OGNSDR:623, APRS:614]
CANDIDATE source=PWCromer destination=APRS packet=PWCromer>APRS,TCPIP*,qAC,GLIDERN1:>115857h v20260707 OGN-R/PilotAware
CANDIDATE source=PWBroadmd destination=OGNSDR packet=PWBroadmd>OGNSDR,TCPIP*,qAC,GLIDERN2:>115818h v0.3.2.ARM CPU:3.8 RAM:409.7/971.1MB NTP:0.5ms/+3.7ppm +59.5C EGM96:+51m 0/0Acfts[1h] RF:-12+12.1ppm/-2.01dB/+13.0dB@10km[22]/+13.0dB@10km[1/1]
CANDIDATE source=PWBroadmd destination=APRS packet=PWBroadmd>APRS,TCPIP*,qAC,GLIDERN2:>115859h v20260707 OGN-R/PilotAware
SERVER # aprsc 2.1.20-gf.5-g0178a1b 16 Sep 2026 11:58:59 GMT GLIDERN3 85.188.1.173:14580
CANDIDATE source=Pwick destination=OGNSDR packet=Pwick>OGNSDR,TCPIP*,qAC,GLIDERN2:>115900h v0.3.2.ARM CPU:3.1 RAM:384.1/971.1MB NTP:0.7ms/-0.4ppm +68.2C EGM96:+55m 0/0Acfts[1h] RF:-1-0.0ppm/-1.35dB
CANDIDATE source=PWUKUPW destination=OGNSDR packet=PWUKUPW>OGNSDR,TCPIP*,qAC,GLIDERN1:/115831h5225.92NI00008.82W&/A=000082
CANDIDATE source=PWUKUPW destination=APRS packet=PWUKUPW>APRS,TCPIP*,qAC,GLIDERN1:>115900h v20260707 OGN-R/PilotAware
CANDIDATE source=PWEGNO destination=OGNSDR packet=PWEGNO>OGNSDR,TCPIP*,qAC,GLIDERN3:>115602h v0.3.2.ARM CPU:2.1 RAM:320.7/971.1MB NTP:1.3ms/-3.5ppm +75.2C EGM96:+52m 7/7Acfts[1h] RF:+0-0.8ppm/+0.61dB/+15.7dB@10km[9460]/+17.4dB@10km[4/8]
CANDIDATE source=PWEGNO destination=APRS packet=PWEGNO>APRS,TCPIP*,qAC,GLIDERN3:>115904h v20260707 OGN-R/PilotAware
CANDIDATE source=PWHohestr destination=OGNSDR packet=PWHohestr>OGNSDR,TCPIP*,qAC,GLIDERN2:/115847h5048.95NI01041.72E&/A=001378
CANDIDATE source=PWHohestr destination=APRS packet=PWHohestr>APRS,TCPIP*,qAC,GLIDERN2:>115907h v20260707 OGN-R/PilotAware
CANDIDATE source=PWROCHEST destination=OGNSDR packet=PWROCHEST>OGNSDR,TCPIP*,qAC,GLIDERN3:>115643h v0.3.2.ARM CPU:0.6 RAM:344.3/971.1MB NTP:1.2ms/-0.1ppm +62.3C EGM96:+45m 0/0Acfts[1h] RF:+0+50.1ppm/-0.97dB
CANDIDATE source=PWROCHEST destination=APRS packet=PWROCHEST>APRS,TCPIP*,qAC,GLIDERN3:>115912h v20260707 OGN-R/PilotAware
CANDIDATE source=PWNYTHBRN destination=OGNSDR packet=PWNYTHBRN>OGNSDR,TCPIP*,qAC,GLIDERN1:>115909h v0.3.2.ARM CPU:2.5 RAM:336.9/971.1MB NTP:0.5ms/-2.4ppm +55.8C EGM96:+53m 6/6Acfts[1h] Lat:1.7s RF:-3-0.6ppm/+4.83dB/+15.4dB@10km[3229]/+18.0dB@10km[5/10]
CANDIDATE source=PWNYTHBRN destination=APRS packet=PWNYTHBRN>APRS,TCPIP*,qAC,GLIDERN1:>115915h v20260707 OGN-R/PilotAware
CANDIDATE source=PWTongelr destination=OGNSDR packet=PWTongelr>OGNSDR,TCPIP*,qAC,GLIDERN2:/115900h5126.48NI00531.35E&/A=000098
CANDIDATE source=PWTongelr destination=APRS packet=PWTongelr>APRS,TCPIP*,qAC,GLIDERN2:>115919h v20260707 OGN-R/PilotAware
SERVER # aprsc 2.1.20-gf.5-g0178a1b 16 Sep 2026 11:59:19 GMT GLIDERN3 85.188.1.173:14580
CANDIDATE source=PWEDLJ destination=OGNSDR packet=PWEDLJ>OGNSDR,TCPIP*,qAC,GLIDERN1:/032447h5156.28NI00854.13E&/A=000637
STATS seconds=648 packets=1254 server_comments=34 matching_sources=1254 parsed_receiver_packets=632 top_destinations=[OGNSDR:632, APRS:622]
CANDIDATE source=PWEDLJ destination=APRS packet=PWEDLJ>APRS,TCPIP*,qAC,GLIDERN1:>115927h v20260707 OGN-R/PilotAware
CANDIDATE source=PWLongSut destination=OGNSDR packet=PWLongSut>OGNSDR,TCPIP*,qAC,GLIDERN2:/115931h5246.65NI00005.83E&/A=000039
CANDIDATE source=PWLongSut destination=APRS packet=PWLongSut>APRS,TCPIP*,qAC,GLIDERN2:>115932h v20260707 OGN-R/PilotAware
CANDIDATE source=PWFYFIELD destination=OGNSDR packet=PWFYFIELD>OGNSDR,TCPIP*,qAC,GLIDERN1:>115645h v0.3.2.ARM CPU:1.2 RAM:481.7/971.1MB NTP:0.3ms/-3.1ppm +63.8C EGM96:+46m 0/0Acfts[1h] RF:+0+0.0ppm/-3.28dB
CANDIDATE source=PWFYFIELD destination=APRS packet=PWFYFIELD>APRS,TCPIP*,qAC,GLIDERN1:>115932h v20260707 OGN-R/PilotAware
CANDIDATE source=PWLROP1 destination=OGNSDR packet=PWLROP1>OGNSDR,TCPIP*,qAC,GLIDERN3:>115821h v0.3.2.ARM CPU:3.1 RAM:408.2/971.1MB NTP:2.7ms/-8.0ppm +70.9C EGM96:+35m 0/0Acfts[1h] RF:-2-1.1ppm/-2.01dB
CANDIDATE source=PWLROP1 destination=APRS packet=PWLROP1>APRS,TCPIP*,qAC,GLIDERN3:>115934h v20260707 OGN-R/PilotAware
SERVER # aprsc 2.1.20-gf.5-g0178a1b 16 Sep 2026 11:59:39 GMT GLIDERN3 85.188.1.173:14580
CANDIDATE source=PWCaunton destination=OGNSDR packet=PWCaunton>OGNSDR,TCPIP*,qAC,GLIDERN2:/115822h5307.15NI00053.58W&/A=000187
CANDIDATE source=PWCaunton destination=APRS packet=PWCaunton>APRS,TCPIP*,qAC,GLIDERN2:>115942h v20260707 OGN-R/PilotAware
CANDIDATE source=PWUKPOC destination=OGNSDR packet=PWUKPOC>OGNSDR,TCPIP*,qAC,GLIDERN3:>115833h v0.3.2.ARM CPU:3.2 RAM:413.3/971.1MB NTP:0.1ms/-9.6ppm +57.8C EGM96:+48m 25/25Acfts[1h] Lat:2.1s RF:+70-1.6ppm/+2.66dB/+10.4dB@10km[27834]/+18.5dB@10km[14/28]
CANDIDATE source=PWUKPOC destination=APRS packet=PWUKPOC>APRS,TCPIP*,qAC,GLIDERN3:>115944h v20260707 OGN-R/PilotAware
CANDIDATE source=PWNYMPS destination=OGNSDR packet=PWNYMPS>OGNSDR,TCPIP*,qAC,GLIDERN3:>115929h v0.3.2.ARM CPU:3.5 RAM:372.2/971.1MB NTP:0.3ms/-7.8ppm +41.7C EGM96:+49m 6/8Acfts[1h] Lat:1.8s RF:+0-0.1ppm/+5.09dB/+1.1dB@10km[3242]/+8.3dB@10km[5/9]
CANDIDATE source=PWNYMPS destination=APRS packet=PWNYMPS>APRS,TCPIP*,qAC,GLIDERN3:>115949h v20260707 OGN-R/PilotAware
CANDIDATE source=PWBidford destination=OGNSDR packet=PWBidford>OGNSDR,TCPIP*,qAC,GLIDERN3:>115903h v0.3.2.ARM CPU:1.2 RAM:343.5/971.1MB NTP:1.5ms/-3.4ppm +47.6C EGM96:+49m 3/3Acfts[1h] Lat:1.5s RF:+0-0.6ppm/-1.03dB/+8.2dB@10km[1773]/+19.4dB@10km[4/7]
CANDIDATE source=PWBidford destination=APRS packet=PWBidford>APRS,TCPIP*,qAC,GLIDERN3:>115949h v20260707 OGN-R/PilotAware
CANDIDATE source=PWMilson destination=OGNSDR packet=PWMilson>OGNSDR,TCPIP*,qAC,GLIDERN2:>115825h v0.3.2.ARM CPU:2.3 RAM:289.6/971.1MB NTP:0.9ms/-8.4ppm +63.4C EGM96:+51m 0/0Acfts[1h] RF:+0+67.8ppm/-1.79dB
CANDIDATE source=PWMilson destination=APRS packet=PWMilson>APRS,TCPIP*,qAC,GLIDERN2:>115949h v20260707 OGN-R/PilotAware
CANDIDATE source=PWNOWZMA8 destination=OGNSDR packet=PWNOWZMA8>OGNSDR,TCPIP*,qAC,GLIDERN3:/115929h5248.75NI00116.49E&/A=000089
CANDIDATE source=PWNOWZMA8 destination=APRS packet=PWNOWZMA8>APRS,TCPIP*,qAC,GLIDERN3:>115949h v20260707 OGN-R/PilotAware
CANDIDATE source=PWEGBN destination=OGNSDR packet=PWEGBN>OGNSDR,TCPIP*,qAC,GLIDERN1:/000127h5255.12NI00104.93W&/A=000135
CANDIDATE source=PWEGBN destination=APRS packet=PWEGBN>APRS,TCPIP*,qAC,GLIDERN1:>115949h v20260707 OGN-R/PilotAware
CANDIDATE source=PWSaltash destination=OGNSDR packet=PWSaltash>OGNSDR,TCPIP*,qAC,GLIDERN1:>115737h v0.3.2.ARM CPU:1.3 RAM:460.4/971.1MB NTP:1.0ms/-0.8ppm +51.9C EGM96:+53m 0/0Acfts[1h] RF:+0-0.2ppm/-0.62dB
CANDIDATE source=PWSaltash destination=APRS packet=PWSaltash>APRS,TCPIP*,qAC,GLIDERN1:>115950h v20260707 OGN-R/PilotAware
CANDIDATE source=PWAlyPaly destination=OGNSDR packet=PWAlyPaly>OGNSDR,TCPIP*,qAC,GLIDERN1:/000128h5136.02NI00008.56W&/A=000256
CANDIDATE source=PWAlyPaly destination=APRS packet=PWAlyPaly>APRS,TCPIP*,qAC,GLIDERN1:>115950h v20260707 OGN-R/PilotAware
CANDIDATE source=PWDK3QA destination=OGNSDR packet=PWDK3QA>OGNSDR,TCPIP*,qAC,GLIDERN3:/000132h4951.75NI00833.86E&/A=000302
CANDIDATE source=PWDK3QA destination=APRS packet=PWDK3QA>APRS,TCPIP*,qAC,GLIDERN3:>115952h v20260707 OGN-R/PilotAware
CANDIDATE source=PWBolthed destination=OGNSDR packet=PWBolthed>OGNSDR,TCPIP*,qAC,GLIDERN1:>115829h v0.3.2.ARM CPU:1.7 RAM:297.3/971.1MB NTP:1.6ms/-7.5ppm +62.8C EGM96:+52m 0/0Acfts[1h] RF:+85+0.0ppm/-1.83dB
CANDIDATE source=PWBolthed destination=APRS packet=PWBolthed>APRS,TCPIP*,qAC,GLIDERN1:>115952h v20260707 OGN-R/PilotAware
CANDIDATE source=PWSptfire destination=OGNSDR packet=PWSptfire>OGNSDR,TCPIP*,qAC,GLIDERN2:/000124h5051.52NI00045.27W&/A=000131
CANDIDATE source=PWSptfire destination=APRS packet=PWSptfire>APRS,TCPIP*,qAC,GLIDERN2:>115953h v20260707 OGN-R/PilotAware
CANDIDATE source=PWBlair destination=OGNSDR packet=PWBlair>OGNSDR,TCPIP*,qAC,GLIDERN2:>115919h v0.3.2.ARM CPU:1.2 RAM:339.3/971.1MB NTP:0.9ms/-2.6ppm +70.9C EGM96:+53m 0/0Acfts[1h] RF:+0-0.4ppm/-2.84dB
CANDIDATE source=PWBlair destination=APRS packet=PWBlair>APRS,TCPIP*,qAC,GLIDERN2:>115956h v20260707 OGN-R/PilotAware
SERVER # aprsc 2.1.20-gf.5-g0178a1b 16 Sep 2026 11:59:59 GMT GLIDERN3 85.188.1.173:14580
STATS seconds=680 packets=1287 server_comments=36 matching_sources=1287 parsed_receiver_packets=648 top_destinations=[OGNSDR:648, APRS:639]
CANDIDATE source=PWBRORA destination=OGNSDR packet=PWBRORA>OGNSDR,TCPIP*,qAC,GLIDERN2:>115835h v0.3.2.ARM CPU:1.1 RAM:449.8/971.1MB NTP:0.6ms/-5.1ppm +49.9C EGM96:+53m 0/0Acfts[1h] RF:-2-2.6ppm/-1.55dB
CANDIDATE source=PWBRORA destination=APRS packet=PWBRORA>APRS,TCPIP*,qAC,GLIDERN2:>115959h v20260707 OGN-R/PilotAware
CANDIDATE source=PWEGHS destination=OGNSDR packet=PWEGHS>OGNSDR,TCPIP*,qAC,GLIDERN2:>115858h v0.3.2.ARM CPU:2.4 RAM:318.1/971.1MB NTP:0.3ms/-3.7ppm +61.2C EGM96:+49m 5/5Acfts[1h] Lat:1.6s RF:-2-1.9ppm/-1.58dB/+3.9dB@10km[547]/+10.2dB@10km[5/9]
CANDIDATE source=PWEGHS destination=APRS packet=PWEGHS>APRS,TCPIP*,qAC,GLIDERN2:>120001h v20260707 OGN-R/PilotAware
CANDIDATE source=PWUKAST destination=OGNSDR packet=PWUKAST>OGNSDR,TCPIP*,qAC,GLIDERN2:>115856h v0.3.2.ARM CPU:1.0 RAM:354.7/971.1MB NTP:0.5ms/-9.5ppm +39.7C EGM96:+49m 10/10Acfts[1h] Lat:1.6s RF:-3-0.4ppm/+0.26dB/+7.2dB@10km[4623]/+21.4dB@10km[7/13]
CANDIDATE source=PWUKAST destination=APRS packet=PWUKAST>APRS,TCPIP*,qAC,GLIDERN2:>120001h v20260707 OGN-R/PilotAware
CANDIDATE source=PWUKBIG destination=OGNSDR packet=PWUKBIG>OGNSDR,TCPIP*,qAC,GLIDERN3:>115859h v0.3.2.ARM CPU:0.8 RAM:355.2/971.1MB NTP:1.9ms/-4.7ppm +66.6C EGM96:+47m 8/8Acfts[1h] Lat:6.8s RF:+75-0.9ppm/-1.00dB/+11.1dB@10km[4541]/+20.3dB@10km[7/14]
CANDIDATE source=PWUKBIG destination=APRS packet=PWUKBIG>APRS,TCPIP*,qAC,GLIDERN3:>120003h v20260707 OGN-R/PilotAware
CANDIDATE source=PWUKRAT destination=OGNSDR packet=PWUKRAT>OGNSDR,TCPIP*,qAC,GLIDERN1:>115858h v0.3.2.ARM CPU:0.7 RAM:344.3/971.1MB NTP:0.2ms/+22.2ppm +67.1C EGM96:+46m 5/5Acfts[1h] Lat:1.5s RF:+115+0.1ppm/-0.31dB/-3.8dB@10km[638]/+14.0dB@10km[3/6]
CANDIDATE source=PWUKRAT destination=APRS packet=PWUKRAT>APRS,TCPIP*,qAC,GLIDERN1:>120002h v20260707 OGN-R/PilotAware
CANDIDATE source=PWEKilbri destination=OGNSDR packet=PWEKilbri>OGNSDR,TCPIP*,qAC,GLIDERN3:>115858h v0.3.2.ARM CPU:1.1 RAM:367.4/971.1MB NTP:1.0ms/+0.2ppm +64.5C EGM96:+54m 0/0Acfts[1h] RF:+19+2.3ppm/+1.99dB
CANDIDATE source=PWEKilbri destination=APRS packet=PWEKilbri>APRS,TCPIP*,qAC,GLIDERN3:>120003h v20260707 OGN-R/PilotAware
CANDIDATE source=PWOlney destination=OGNSDR packet=PWOlney>OGNSDR,TCPIP*,qAC,GLIDERN1:/000138h5209.45NI00041.81W&/A=000194
CANDIDATE source=PWOlney destination=APRS packet=PWOlney>APRS,TCPIP*,qAC,GLIDERN1:>120003h v20260707 OGN-R/PilotAware
CANDIDATE source=PWLL402 destination=OGNSDR packet=PWLL402>OGNSDR,TCPIP*,qAC,GLIDERN1:>115856h v0.3.2.ARM CPU:0.6 RAM:369.6/971.1MB NTP:0.4ms/-5.2ppm +53.7C EGM96:+54m 0/0Acfts[1h] RF:+0+0.0ppm/-1.44dB
CANDIDATE source=PWLL402 destination=APRS packet=PWLL402>APRS,TCPIP*,qAC,GLIDERN1:>120004h v20260707 OGN-R/PilotAware
CANDIDATE source=PWSolway destination=OGNSDR packet=PWSolway>OGNSDR,TCPIP*,qAC,GLIDERN2:>115900h v0.3.2.ARM CPU:1.5 RAM:369.7/971.1MB NTP:0.7ms/-6.3ppm +68.8C EGM96:+53m 1/1Acfts[1h] RF:+31+0.3ppm/-1.77dB/+4.6dB@10km[153]/+4.6dB@10km[1/1]
CANDIDATE source=PWSolway destination=APRS packet=PWSolway>APRS,TCPIP*,qAC,GLIDERN2:>120004h v20260707 OGN-R/PilotAware
CANDIDATE source=PWBWADE1 destination=OGNSDR packet=PWBWADE1>OGNSDR,TCPIP*,qAC,GLIDERN3:>115856h v0.3.2.ARM CPU:0.8 RAM:336.9/971.1MB NTP:0.4ms/-7.0ppm +61.2C EGM96:+47m 0/0Acfts[1h] RF:+0+70.3ppm/-1.18dB
CANDIDATE source=PWBWADE1 destination=APRS packet=PWBWADE1>APRS,TCPIP*,qAC,GLIDERN3:>120004h v20260707 OGN-R/PilotAware
CANDIDATE source=PWSuttonB destination=OGNSDR packet=PWSuttonB>OGNSDR,TCPIP*,qAC,GLIDERN3:>115857h v0.3.2.ARM CPU:1.1 RAM:365.3/971.1MB NTP:0.7ms/-6.3ppm +63.9C EGM96:+49m 26/26Acfts[1h] Lat:1.7s RF:+53+7.1ppm/-0.32dB/+13.3dB@10km[23973]/+17.7dB@10km[14/28]
CANDIDATE source=PWSuttonB destination=APRS packet=PWSuttonB>APRS,TCPIP*,qAC,GLIDERN3:>120004h v20260707 OGN-R/PilotAware
CANDIDATE source=PWEGCB destination=OGNSDR packet=PWEGCB>OGNSDR,TCPIP*,qAC,GLIDERN1:>115900h v0.3.2.ARM CPU:2.8 RAM:305.8/971.1MB NTP:0.3ms/-3.3ppm +77.4C EGM96:+52m 2/2Acfts[1h] RF:-1-0.2ppm/+1.83dB/+10.9dB@10km[389]/+17.7dB@10km[3/6]
CANDIDATE source=PWEGCB destination=APRS packet=PWEGCB>APRS,TCPIP*,qAC,GLIDERN1:>120005h v20260707 OGN-R/PilotAware
CANDIDATE source=PWEryri destination=OGNSDR packet=PWEryri>OGNSDR,TCPIP*,qAC,GLIDERN2:>115857h v0.3.2.ARM CPU:3.1 RAM:329.4/971.1MB NTP:1.1ms/-6.4ppm +60.1C EGM96:+54m 1/1Acfts[1h] Lat:1.5s RF:+0+0.0ppm/+1.87dB/+14.4dB@10km[131]/+14.5dB@10km[1/2]
CANDIDATE source=PWEryri destination=APRS packet=PWEryri>APRS,TCPIP*,qAC,GLIDERN2:>120004h v20260707 OGN-R/PilotAware
CANDIDATE source=PWUKSAN destination=OGNSDR packet=PWUKSAN>OGNSDR,TCPIP*,qAC,GLIDERN1:>115855h v0.3.2.ARM CPU:2.9 RAM:256.4/968.2MB NTP:0.9ms/-1.0ppm +74.1C EGM96:+48m 9/9Acfts[1h] Lat:1.7s RF:-1+0.7ppm/-1.77dB/+21.6dB@10km[4557]/+24.0dB@10km[9/18]
CANDIDATE source=PWUKSAN destination=APRS packet=PWUKSAN>APRS,TCPIP*,qAC,GLIDERN1:>120005h v20260707 OGN-R/PilotAware
CANDIDATE source=PWEGNH destination=OGNSDR packet=PWEGNH>OGNSDR,TCPIP*,qAC,GLIDERN1:>115859h v0.3.2.ARM CPU:2.8 RAM:338.9/971.1MB NTP:0.2ms/-10.4ppm +60.1C EGM96:+53m 4/4Acfts[1h] RF:-2-1.1ppm/+6.16dB/+11.0dB@10km[676]/+13.8dB@10km[3/6]
CANDIDATE source=PWEGNH destination=APRS packet=PWEGNH>APRS,TCPIP*,qAC,GLIDERN1:>120005h v20260707 OGN-R/PilotAware
CANDIDATE source=PWEGVP destination=OGNSDR packet=PWEGVP>OGNSDR,TCPIP*,qAC,GLIDERN2:/000147h5108.65NI00134.71W&/A=000308
CANDIDATE source=PWEGVP destination=APRS packet=PWEGVP>APRS,TCPIP*,qAC,GLIDERN2:>120005h v20260707 OGN-R/PilotAware
CANDIDATE source=PWPAWLime destination=OGNSDR packet=PWPAWLime>OGNSDR,TCPIP*,qAC,GLIDERN2:>115900h v0.3.2.ARM CPU:1.1 RAM:371.2/971.1MB NTP:1.8ms/-2.0ppm +60.1C EGM96:+56m 0/0Acfts[1h] RF:-4+0.4ppm/-1.46dB
CANDIDATE source=PWPAWLime destination=APRS packet=PWPAWLime>APRS,TCPIP*,qAC,GLIDERN2:>120005h v20260707 OGN-R/PilotAware
CANDIDATE source=PWEGBD destination=OGNSDR packet=PWEGBD>OGNSDR,TCPIP*,qAC,GLIDERN1:>115859h v0.3.2.ARM CPU:2.5 RAM:299.9/971.1MB NTP:0.2ms/-9.6ppm +75.8C EGM96:+50m 0/0Acfts[1h] RF:+0-0.1ppm/-1.66dB/+13.0dB@10km[173]/+23.1dB@10km[3/5]
CANDIDATE source=PWEGBD destination=APRS packet=PWEGBD>APRS,TCPIP*,qAC,GLIDERN1:>120005h v20260707 OGN-R/PilotAware
CANDIDATE source=PWLedbury destination=OGNSDR packet=PWLedbury>OGNSDR,TCPIP*,qAC,GLIDERN3:>115857h v0.3.2.ARM CPU:0.8 RAM:343.9/971.1MB NTP:0.2ms/-5.1ppm +60.1C EGM96:+50m 0/0Acfts[1h] RF:+0-0.9ppm/-1.70dB/+16.9dB@10km[171]/+16.9dB@10km[1/1]
CANDIDATE source=PWLedbury destination=APRS packet=PWLedbury>APRS,TCPIP*,qAC,GLIDERN3:>120006h v20260707 OGN-R/PilotAware
CANDIDATE source=PWBSFAir destination=OGNSDR packet=PWBSFAir>OGNSDR,TCPIP*,qAC,GLIDERN3:>115931h v0.3.2.ARM CPU:4.1 RAM:258.7/971.1MB NTP:1.7ms/-3.7ppm +75.2C EGM96:+49m 20/21Acfts[1h] Lat:1.8s RF:-2-1.1ppm/-1.33dB/+18.6dB@10km[22282]/+21.6dB@10km[12/24]
CANDIDATE source=PWBSFAir destination=APRS packet=PWBSFAir>APRS,TCPIP*,qAC,GLIDERN3:>120006h v20260707 OGN-R/PilotAware
CANDIDATE source=PWWorcest destination=OGNSDR packet=PWWorcest>OGNSDR,TCPIP*,qAC,GLIDERN1:>115858h v0.3.2.ARM CPU:1.8 RAM:305.6/971.1MB NTP:0.3ms/-8.1ppm +46.2C EGM96:+50m 2/2Acfts[1h] Lat:1.5s RF:-2-1.9ppm/-1.15dB/+16.2dB@10km[1866]/+18.0dB@10km[3/5]
CANDIDATE source=PWWorcest destination=APRS packet=PWWorcest>APRS,TCPIP*,qAC,GLIDERN1:>120006h v20260707 OGN-R/PilotAware
CANDIDATE source=PWPAWWSTN destination=OGNSDR packet=PWPAWWSTN>OGNSDR,TCPIP*,qAC,GLIDERN1:>115900h v0.3.2.ARM CPU:1.3 RAM:366.6/971.1MB NTP:2.0ms/-8.0ppm +56.4C EGM96:+56m 0/0Acfts[1h] RF:-3-0.4ppm/+2.76dB
CANDIDATE source=PWPAWWSTN destination=APRS packet=PWPAWWSTN>APRS,TCPIP*,qAC,GLIDERN1:>120006h v20260707 OGN-R/PilotAware
CANDIDATE source=PWWOG2 destination=OGNSDR packet=PWWOG2>OGNSDR,TCPIP*,qAC,GLIDERN3:>115900h v0.3.2.ARM CPU:2.1 RAM:267.5/971.1MB NTP:0.3ms/-6.5ppm +62.3C EGM96:+48m 5/6Acfts[1h] Lat:1.5s RF:+0+0.0ppm/+2.95dB/+14.6dB@10km[1284]/+18.5dB@10km[5/9]
CANDIDATE source=PWWOG2 destination=APRS packet=PWWOG2>APRS,TCPIP*,qAC,GLIDERN3:>120006h v20260707 OGN-R/PilotAware
CANDIDATE source=PWKemble destination=OGNSDR packet=PWKemble>OGNSDR,TCPIP*,qAC,GLIDERN2:>115821h v0.3.2.ARM CPU:4.4 RAM:357.3/971.1MB NTP:0.9ms/-2.8ppm +60.0C EGM96:+49m 6/8Acfts[1h] Lat:12.3s RF:+19+0.1ppm/-1.68dB/+11.2dB@10km[4515]/+17.2dB@10km[6/12]
CANDIDATE source=PWKemble destination=APRS packet=PWKemble>APRS,TCPIP*,qAC,GLIDERN2:>120006h v20260707 OGN-R/PilotAware
CANDIDATE source=PWLSSGGOE destination=OGNSDR packet=PWLSSGGOE>OGNSDR,TCPIP*,qAC,GLIDERN2:>115859h v0.3.2.ARM CPU:1.2 RAM:371.7/971.1MB NTP:0.2ms/-2.1ppm +60.1C EGM96:+46m 0/0Acfts[1h] RF:+1-0.9ppm/+3.54dB/-5.0dB@10km[107]/-0.3dB@10km[2/3]
CANDIDATE source=PWLSSGGOE destination=APRS packet=PWLSSGGOE>APRS,TCPIP*,qAC,GLIDERN2:>120006h v20260707 OGN-R/PilotAware
CANDIDATE source=PWNewbury destination=OGNSDR packet=PWNewbury>OGNSDR,TCPIP*,qAC,GLIDERN3:>115858h v0.3.2.ARM CPU:1.4 RAM:362.3/971.1MB NTP:0.4ms/-6.6ppm +65.0C EGM96:+47m 7/7Acfts[1h] Lat:1.5s RF:+36-0.7ppm/+0.16dB/+13.3dB@10km[959]/+13.5dB@10km[7/13]
CANDIDATE source=PWNewbury destination=APRS packet=PWNewbury>APRS,TCPIP*,qAC,GLIDERN3:>120006h v20260707 OGN-R/PilotAware
CANDIDATE source=PWUKNWLD destination=OGNSDR packet=PWUKNWLD>OGNSDR,TCPIP*,qAC,GLIDERN2:>115856h v0.3.2.ARM CPU:0.8 RAM:321.6/971.1MB NTP:0.3ms/-4.3ppm +54.8C EGM96:+46m 0/0Acfts[1h] RF:+0+77.2ppm/-13.77dB
CANDIDATE source=PWUKNWLD destination=APRS packet=PWUKNWLD>APRS,TCPIP*,qAC,GLIDERN2:>120006h v20260707 OGN-R/PilotAware
CANDIDATE source=PWSolhull destination=OGNSDR packet=PWSolhull>OGNSDR,TCPIP*,qAC,GLIDERN2:>115900h v0.3.2.ARM CPU:2.1 RAM:340.3/971.1MB NTP:0.6ms/-3.8ppm +69.8C EGM96:+50m 0/0Acfts[1h] RF:+27+4.7ppm/+4.38dB
CANDIDATE source=PWSolhull destination=APRS packet=PWSolhull>APRS,TCPIP*,qAC,GLIDERN2:>120006h v20260707 OGN-R/PilotAware
CANDIDATE source=PWBrother destination=OGNSDR packet=PWBrother>OGNSDR,TCPIP*,qAC,GLIDERN2:>115859h v0.3.2.ARM CPU:2.9 RAM:351.8/971.1MB NTP:0.2ms/-5.2ppm +75.2C EGM96:+49m 1/1Acfts[1h] RF:-3-0.5ppm/+0.52dB/+7.6dB@10km[354]/+18.5dB@10km[3/5]
CANDIDATE source=PWBrother destination=APRS packet=PWBrother>APRS,TCPIP*,qAC,GLIDERN2:>120007h v20260707 OGN-R/PilotAware
CANDIDATE source=PWAlconbu destination=OGNSDR packet=PWAlconbu>OGNSDR,TCPIP*,qAC,GLIDERN2:>115900h v0.3.2.ARM CPU:1.3 RAM:345.6/971.1MB NTP:1.0ms/-4.4ppm +60.1C EGM96:+47m 8/8Acfts[1h] Lat:13.2s RF:+51+0.2ppm/-0.42dB/+14.3dB@10km[5768]/+16.5dB@10km[7/14]
CANDIDATE source=PWAlconbu destination=APRS packet=PWAlconbu>APRS,TCPIP*,qAC,GLIDERN2:>120007h v20260707 OGN-R/PilotAware
CANDIDATE source=PWEHaxted destination=OGNSDR packet=PWEHaxted>OGNSDR,TCPIP*,qAC,GLIDERN2:>115900h v0.3.2.ARM CPU:3.8 RAM:337.1/971.1MB NTP:0.6ms/-4.8ppm +68.8C EGM96:+45m 17/17Acfts[1h] Lat:43.4s RF:-3+0.2ppm/+0.92dB/+16.0dB@10km[2682]/+17.9dB@10km[10/20]
CANDIDATE source=PWEHaxted destination=APRS packet=PWEHaxted>APRS,TCPIP*,qAC,GLIDERN2:>120007h v20260707 OGN-R/PilotAware
CANDIDATE source=PWStonyln destination=OGNSDR packet=PWStonyln>OGNSDR,TCPIP*,qAC,GLIDERN3:>115900h v0.3.2.ARM CPU:1.7 RAM:292.1/971.1MB NTP:2.2ms/-12.1ppm +60.1C EGM96:+50m 2/2Acfts[1h] RF:-2-1.6ppm/-1.33dB/+18.8dB@10km[873]/+19.1dB@10km[2/4]
CANDIDATE source=PWStonyln destination=APRS packet=PWStonyln>APRS,TCPIP*,qAC,GLIDERN3:>120007h v20260707 OGN-R/PilotAware
CANDIDATE source=PWERKRTH1 destination=OGNSDR packet=PWERKRTH1>OGNSDR,TCPIP*,qAC,GLIDERN3:>115917h v0.3.2.ARM CPU:3.3 RAM:316.0/971.1MB NTP:0.5ms/-4.4ppm +79.5C EGM96:+46m 0/0Acfts[1h] RF:-2+0.0ppm/+0.71dB/+12.2dB@10km[163]/+18.9dB@10km[3/5]
CANDIDATE source=PWCastle destination=OGNSDR packet=PWCastle>OGNSDR,TCPIP*,qAC,GLIDERN2:>115859h v0.3.2.ARM CPU:2.3 RAM:313.9/971.1MB NTP:0.5ms/-9.5ppm +69.3C EGM96:+46m 0/0Acfts[1h] RF:+0+72.9ppm/+4.99dB
CANDIDATE source=PWCastle destination=APRS packet=PWCastle>APRS,TCPIP*,qAC,GLIDERN2:>120007h v20260707 OGN-R/PilotAware
CANDIDATE source=PWPudsey destination=OGNSDR packet=PWPudsey>OGNSDR,TCPIP*,qAC,GLIDERN1:>115902h v0.3.2.ARM CPU:2.5 RAM:318.4/971.1MB NTP:1.1ms/-3.3ppm +75.2C EGM96:+50m 0/0Acfts[1h] RF:-3-1.2ppm/+6.35dB/+1.0dB@10km[137]/+1.0dB@10km[1/1]
CANDIDATE source=PWPudsey destination=APRS packet=PWPudsey>APRS,TCPIP*,qAC,GLIDERN1:>120007h v20260707 OGN-R/PilotAware
CANDIDATE source=PWERKRTH1 destination=APRS packet=PWERKRTH1>APRS,TCPIP*,qAC,GLIDERN3:>120007h v20260707 OGN-R/PilotAware
CANDIDATE source=PWHestBnk destination=OGNSDR packet=PWHestBnk>OGNSDR,TCPIP*,qAC,GLIDERN3:>115900h v0.3.2.ARM CPU:1.5 RAM:324.3/971.1MB NTP:0.5ms/-3.3ppm +59.6C EGM96:+53m 0/0Acfts[1h] RF:-1+0.1ppm/-0.95dB/+7.8dB@10km[245]/+8.0dB@10km[1/2]
CANDIDATE source=PWHestBnk destination=APRS packet=PWHestBnk>APRS,TCPIP*,qAC,GLIDERN3:>120007h v20260707 OGN-R/PilotAware
CANDIDATE source=PWBurn destination=OGNSDR packet=PWBurn>OGNSDR,TCPIP*,qAC,GLIDERN1:>115858h v0.3.2.ARM CPU:2.6 RAM:367.1/971.1MB NTP:1.0ms/-3.7ppm +74.7C EGM96:+48m 5/5Acfts[1h] Lat:1.6s RF:+41-1.1ppm/+3.28dB/+13.1dB@10km[1206]/+19.2dB@10km[5/10]
CANDIDATE source=PWBurn destination=APRS packet=PWBurn>APRS,TCPIP*,qAC,GLIDERN1:>120007h v20260707 OGN-R/PilotAware
CANDIDATE source=PWHADFOLD destination=OGNSDR packet=PWHADFOLD>OGNSDR,TCPIP*,qAC,GLIDERN1:>115859h v0.3.2.ARM CPU:2.5 RAM:260.8/971.1MB NTP:0.3ms/-5.3ppm +62.3C EGM96:+46m 9/9Acfts[1h] Lat:5.2s RF:-2-3.0ppm/-2.23dB/+2.5dB@10km[1443]/+4.7dB@10km[6/12]
CANDIDATE source=PWHADFOLD destination=APRS packet=PWHADFOLD>APRS,TCPIP*,qAC,GLIDERN1:>120007h v20260707 OGN-R/PilotAware
CANDIDATE source=PWOrwell destination=OGNSDR packet=PWOrwell>OGNSDR,TCPIP*,qAC,GLIDERN2:>115859h v0.3.2.ARM CPU:1.1 RAM:318.6/971.1MB NTP:3.9ms/-4.9ppm +53.7C EGM96:+46m 4/4Acfts[1h] Lat:10.0s RF:-1-0.1ppm/+3.69dB/+6.1dB@10km[3081]/+6.7dB@10km[3/5]
CANDIDATE source=PWOrwell destination=APRS packet=PWOrwell>APRS,TCPIP*,qAC,GLIDERN2:>120007h v20260707 OGN-R/PilotAware
CANDIDATE source=PWOverfrm destination=OGNSDR packet=PWOverfrm>OGNSDR,TCPIP*,qAC,GLIDERN3:>115900h v0.3.2.ARM CPU:3.1 RAM:280.5/971.1MB NTP:0.6ms/-5.3ppm +74.1C EGM96:+50m 7/9Acfts[1h] Lat:1.7s RF:-2-0.7ppm/-1.30dB/+17.1dB@10km[3476]/+19.0dB@10km[7/14]
CANDIDATE source=PWOverfrm destination=APRS packet=PWOverfrm>APRS,TCPIP*,qAC,GLIDERN3:>120007h v20260707 OGN-R/PilotAware
CANDIDATE source=PWWrthing destination=OGNSDR packet=PWWrthing>OGNSDR,TCPIP*,qAC,GLIDERN3:>115856h v0.3.2.ARM CPU:3.1 RAM:286.2/971.1MB NTP:1.4ms/-4.5ppm +56.4C EGM96:+45m 4/4Acfts[1h] RF:+1-0.8ppm/+4.57dB/+4.8dB@10km[1053]/+3.7dB@10km[4/7]
CANDIDATE source=PWWrthing destination=APRS packet=PWWrthing>APRS,TCPIP*,qAC,GLIDERN3:>120007h v20260707 OGN-R/PilotAware
CANDIDATE source=PWMorecam destination=OGNSDR packet=PWMorecam>OGNSDR,TCPIP*,qAC,GLIDERN3:>115857h v0.3.2.ARM CPU:1.3 RAM:361.4/971.1MB NTP:0.3ms/-4.7ppm +56.4C EGM96:+53m 0/0Acfts[1h] RF:-1-0.4ppm/-0.34dB/+3.3dB@10km[19]/+4.2dB@10km[1/2]
CANDIDATE source=PWMorecam destination=APRS packet=PWMorecam>APRS,TCPIP*,qAC,GLIDERN3:>120007h v20260707 OGN-R/PilotAware
CANDIDATE source=PWEDDG1 destination=OGNSDR packet=PWEDDG1>OGNSDR,TCPIP*,qAC,GLIDERN3:>115857h v0.3.2.ARM CPU:0.5 RAM:378.4/971.1MB NTP:0.3ms/-3.3ppm +58.0C EGM96:+44m 0/0Acfts[1h] RF:+0+60.3ppm/-0.97dB
CANDIDATE source=PWEDDG1 destination=APRS packet=PWEDDG1>APRS,TCPIP*,qAC,GLIDERN3:>120007h v20260707 OGN-R/PilotAware
CANDIDATE source=PWEGPS destination=OGNSDR packet=PWEGPS>OGNSDR,TCPIP*,qAC,GLIDERN1:>115901h v0.3.2.ARM CPU:1.7 RAM:386.3/971.1MB NTP:2.6ms/-5.1ppm +59.1C EGM96:+50m 0/0Acfts[1h] RF:-3-0.8ppm/-1.83dB
CANDIDATE source=PWEGPS destination=APRS packet=PWEGPS>APRS,TCPIP*,qAC,GLIDERN1:>120008h v20260707 OGN-R/PilotAware
CANDIDATE source=PWRadley destination=OGNSDR packet=PWRadley>OGNSDR,TCPIP*,qAC,GLIDERN2:>115901h v0.3.2.ARM CPU:3.2 RAM:275.3/971.1MB NTP:0.2ms/-0.8ppm +67.7C EGM96:+48m 0/0Acfts[1h] RF:-1+0.5ppm/-1.41dB/+1.4dB@10km[115]/+1.4dB@10km[1/1]
CANDIDATE source=PWRadley destination=APRS packet=PWRadley>APRS,TCPIP*,qAC,GLIDERN2:>120008h v20260707 OGN-R/PilotAware
CANDIDATE source=PWFlthorp destination=OGNSDR packet=PWFlthorp>OGNSDR,TCPIP*,qAC,GLIDERN2:>115859h v0.3.2.ARM CPU:2.1 RAM:321.1/971.1MB NTP:0.3ms/-8.0ppm +63.4C EGM96:+45m 3/3Acfts[1h] Lat:1.6s RF:-1+0.2ppm/-2.25dB/+14.7dB@10km[714]/+15.2dB@10km[3/5]
CANDIDATE source=PWFlthorp destination=APRS packet=PWFlthorp>APRS,TCPIP*,qAC,GLIDERN2:>120008h v20260707 OGN-R/PilotAware
CANDIDATE source=PWWratty destination=OGNSDR packet=PWWratty>OGNSDR,TCPIP*,qAC,GLIDERN2:>115900h v0.3.2.ARM CPU:3.1 RAM:324.2/971.1MB NTP:0.3ms/-7.9ppm +58.0C EGM96:+45m 5/5Acfts[1h] Lat:1.6s RF:+0-0.4ppm/-1.76dB/+11.6dB@10km[1173]/+15.2dB@10km[4/8]
CANDIDATE source=PWWratty destination=APRS packet=PWWratty>APRS,TCPIP*,qAC,GLIDERN2:>120008h v20260707 OGN-R/PilotAware
CANDIDATE source=PWDerbyS destination=OGNSDR packet=PWDerbyS>OGNSDR,TCPIP*,qAC,GLIDERN2:>115900h v0.3.2.ARM CPU:2.7 RAM:297.2/971.1MB NTP:0.5ms/-6.5ppm +61.8C EGM96:+50m 0/0Acfts[1h] RF:+0-0.7ppm/-1.75dB/+16.5dB@10km[581]/+22.7dB@10km[6/11]
CANDIDATE source=PWDerbyS destination=APRS packet=PWDerbyS>APRS,TCPIP*,qAC,GLIDERN2:>120008h v20260707 OGN-R/PilotAware
CANDIDATE source=PWBreigh destination=OGNSDR packet=PWBreigh>OGNSDR,TCPIP*,qAC,GLIDERN1:>115858h v0.3.2.ARM CPU:1.2 RAM:373.7/971.1MB NTP:3.1ms/-8.2ppm +58.0C EGM96:+48m 0/0Acfts[1h] RF:+49+0.0ppm/-1.97dB
CANDIDATE source=PWBreigh destination=APRS packet=PWBreigh>APRS,TCPIP*,qAC,GLIDERN1:>120008h v20260707 OGN-R/PilotAware
CANDIDATE source=PWPriory destination=OGNSDR packet=PWPriory>OGNSDR,TCPIP*,qAC,GLIDERN1:>115859h v0.3.2.ARM CPU:2.0 RAM:369.6/971.1MB NTP:0.4ms/-2.2ppm +61.8C EGM96:+45m 5/5Acfts[1h] Lat:1.6s RF:-2-1.8ppm/-1.61dB/+4.0dB@10km[5681]/+10.6dB@10km[4/8]
CANDIDATE source=PWPriory destination=APRS packet=PWPriory>APRS,TCPIP*,qAC,GLIDERN1:>120008h v20260707 OGN-R/PilotAware
CANDIDATE source=PWBkpark destination=OGNSDR packet=PWBkpark>OGNSDR,TCPIP*,qAC,GLIDERN2:>115859h v0.3.2.ARM CPU:1.0 RAM:304.6/971.1MB NTP:1.2ms/-3.2ppm +54.2C EGM96:+46m 0/0Acfts[1h] RF:-4+0.4ppm/-1.56dB/+4.5dB@10km[224]/+4.5dB@10km[1/1]
CANDIDATE source=PWBkpark destination=APRS packet=PWBkpark>APRS,TCPIP*,qAC,GLIDERN2:>120008h v20260707 OGN-R/PilotAware
CANDIDATE source=PWEGHP destination=OGNSDR packet=PWEGHP>OGNSDR,TCPIP*,qAC,GLIDERN3:>115859h v0.3.2.ARM CPU:3.2 RAM:289.2/971.1MB NTP:1.3ms/-5.3ppm +65.5C EGM96:+47m 114/114Acfts[1h] Lat:1.7s RF:-3-0.5ppm/-1.13dB/+12.3dB@10km[14806]/+12.2dB@10km[84/168]
CANDIDATE source=PWEGHP destination=APRS packet=PWEGHP>APRS,TCPIP*,qAC,GLIDERN3:>120008h v20260707 OGN-R/PilotAware
CANDIDATE source=PWEGKA destination=OGNSDR packet=PWEGKA>OGNSDR,TCPIP*,qAC,GLIDERN2:>115900h v0.3.2.ARM CPU:2.9 RAM:311.5/971.1MB NTP:0.3ms/-2.1ppm +71.4C EGM96:+45m 3/3Acfts[1h] RF:-1-0.6ppm/+0.03dB/-4.9dB@10km[304]/+9.1dB@10km[3/5]
CANDIDATE source=PWEGKA destination=APRS packet=PWEGKA>APRS,TCPIP*,qAC,GLIDERN2:>120008h v20260707 OGN-R/PilotAware
CANDIDATE source=PWEGNW destination=OGNSDR packet=PWEGNW>OGNSDR,TCPIP*,qAC,GLIDERN2:>115859h v0.3.2.ARM CPU:2.8 RAM:354.3/971.1MB NTP:2.2ms/-2.9ppm +78.4C EGM96:+47m 10/10Acfts[1h] Lat:1.6s RF:+0-0.7ppm/-1.18dB/+15.8dB@10km[5595]/+20.7dB@10km[12/23]
CANDIDATE source=PWEGNW destination=APRS packet=PWEGNW>APRS,TCPIP*,qAC,GLIDERN2:>120008h v20260707 OGN-R/PilotAware
CANDIDATE source=PWEGHN destination=OGNSDR packet=PWEGHN>OGNSDR,TCPIP*,qAC,GLIDERN1:>115859h v0.3.2.ARM CPU:2.0 RAM:358.1/971.1MB NTP:0.7ms/-0.5ppm +84.9C EGM96:+46m 0/0Acfts[1h] RF:+0+0.0ppm/-1.41dB
CANDIDATE source=PWEGHN destination=APRS packet=PWEGHN>APRS,TCPIP*,qAC,GLIDERN1:>120008h v20260707 OGN-R/PilotAware
CANDIDATE source=PWEDAD destination=OGNSDR packet=PWEDAD>OGNSDR,TCPIP*,qAC,GLIDERN3:>115900h v0.3.2.ARM CPU:0.9 RAM:408.1/971.1MB NTP:0.3ms/-5.3ppm +53.7C EGM96:+43m 1/1Acfts[1h] RF:+0-0.2ppm/-0.56dB
CANDIDATE source=PWEDAD destination=APRS packet=PWEDAD>APRS,TCPIP*,qAC,GLIDERN3:>120009h v20260707 OGN-R/PilotAware
CANDIDATE source=PWLegerwd destination=OGNSDR packet=PWLegerwd>OGNSDR,TCPIP*,qAC,GLIDERN1:>115904h v0.3.2.ARM CPU:1.8 RAM:387.0/971.1MB NTP:0.3ms/-3.9ppm +50.8C EGM96:+52m 0/0Acfts[1h] RF:+0-0.5ppm/-1.61dB/+17.2dB@10km[54]/+17.2dB@10km[1/1]
CANDIDATE source=PWLegerwd destination=APRS packet=PWLegerwd>APRS,TCPIP*,qAC,GLIDERN1:>120009h v20260707 OGN-R/PilotAware
CANDIDATE source=PWPidding destination=OGNSDR packet=PWPidding>OGNSDR,TCPIP*,qAC,GLIDERN3:>115900h v0.3.2.ARM CPU:3.0 RAM:311.2/971.1MB NTP:0.7ms/-7.5ppm +75.2C EGM96:+48m 1/2Acfts[1h] RF:-3-0.1ppm/+2.25dB/+8.3dB@10km[200]/+12.9dB@10km[2/4]
CANDIDATE source=PWPidding destination=APRS packet=PWPidding>APRS,TCPIP*,qAC,GLIDERN3:>120009h v20260707 OGN-R/PilotAware
CANDIDATE source=PWGrasmer destination=OGNSDR packet=PWGrasmer>OGNSDR,TCPIP*,qAC,GLIDERN1:>115859h v0.3.2.ARM CPU:1.8 RAM:376.0/971.1MB NTP:0.3ms/-13.9ppm +63.4C EGM96:+53m 1/1Acfts[1h] RF:-11+42.0ppm/-0.46dB/-1.9dB@10km[41]/-1.9dB@10km[1/1]
CANDIDATE source=PWGrasmer destination=APRS packet=PWGrasmer>APRS,TCPIP*,qAC,GLIDERN1:>120009h v20260707 OGN-R/PilotAware
CANDIDATE source=PWBodmin destination=OGNSDR packet=PWBodmin>OGNSDR,TCPIP*,qAC,GLIDERN3:>115721h v0.3.2.ARM CPU:1.9 RAM:336.1/971.1MB NTP:3.0ms/-4.5ppm +55.8C EGM96:+53m 0/0Acfts[1h] RF:+0-0.5ppm/-0.51dB
CANDIDATE source=PWBodmin destination=APRS packet=PWBodmin>APRS,TCPIP*,qAC,GLIDERN3:>120009h v20260707 OGN-R/PilotAware
CANDIDATE source=PWChesham destination=OGNSDR packet=PWChesham>OGNSDR,TCPIP*,qAC,GLIDERN3:>115921h v0.3.2.ARM CPU:2.2 RAM:269.1/971.1MB NTP:0.6ms/-6.3ppm +60.1C EGM96:+47m 0/0Acfts[1h] RF:-1-0.0ppm/-1.46dB/+13.3dB@10km[586]/+13.3dB@10km[1/1]
CANDIDATE source=PWChesham destination=APRS packet=PWChesham>APRS,TCPIP*,qAC,GLIDERN3:>120009h v20260707 OGN-R/PilotAware
CANDIDATE source=PWLenzie destination=OGNSDR packet=PWLenzie>OGNSDR,TCPIP*,qAC,GLIDERN3:>115859h v0.3.2.ARM CPU:0.9 RAM:348.5/971.1MB NTP:0.3ms/-9.7ppm +60.7C EGM96:+54m 0/0Acfts[1h] RF:+26+8.1ppm/+2.00dB/+14.9dB@10km[288]/+14.9dB@10km[1/1]
CANDIDATE source=PWLenzie destination=APRS packet=PWLenzie>APRS,TCPIP*,qAC,GLIDERN3:>120009h v20260707 OGN-R/PilotAware
CANDIDATE source=PWKilkeel destination=OGNSDR packet=PWKilkeel>OGNSDR,TCPIP*,qAC,GLIDERN2:>115859h v0.3.2.ARM CPU:2.1 RAM:334.3/971.1MB NTP:0.4ms/-0.5ppm +64.5C EGM96:+56m 0/0Acfts[1h] RF:-2+1.2ppm/+6.53dB
CANDIDATE source=PWKilkeel destination=APRS packet=PWKilkeel>APRS,TCPIP*,qAC,GLIDERN2:>120009h v20260707 OGN-R/PilotAware
CANDIDATE source=PWWHill destination=OGNSDR packet=PWWHill>OGNSDR,TCPIP*,qAC,GLIDERN3:>115900h v0.3.2.ARM CPU:2.0 RAM:270.7/971.1MB NTP:2.0ms/-3.3ppm +63.4C EGM96:+46m 8/9Acfts[1h] Lat:1.7s RF:+0-0.5ppm/+7.01dB/+11.5dB@10km[151]/+13.2dB@10km[7/14]
CANDIDATE source=PWWHill destination=APRS packet=PWWHill>APRS,TCPIP*,qAC,GLIDERN3:>120010h v20260707 OGN-R/PilotAware
CANDIDATE source=PWAfton destination=OGNSDR packet=PWAfton>OGNSDR,TCPIP*,qAC,GLIDERN3:>115858h v0.3.2.ARM CPU:2.1 RAM:332.4/971.1MB NTP:1.1ms/-4.1ppm +66.1C EGM96:+47m 5/5Acfts[1h] Lat:1.6s RF:-4+0.5ppm/+1.57dB/+10.3dB@10km[1452]/+21.3dB@10km[6/12]
CANDIDATE source=PWAfton destination=APRS packet=PWAfton>APRS,TCPIP*,qAC,GLIDERN3:>120010h v20260707 OGN-R/PilotAware
CANDIDATE source=PWABromly destination=OGNSDR packet=PWABromly>OGNSDR,TCPIP*,qAC,GLIDERN1:>115859h v0.3.2.ARM CPU:1.3 RAM:322.2/971.1MB NTP:3.3ms/-2.9ppm +59.1C EGM96:+50m 0/0Acfts[1h] RF:-2-0.7ppm/+4.89dB
CANDIDATE source=PWABromly destination=APRS packet=PWABromly>APRS,TCPIP*,qAC,GLIDERN1:>120010h v20260707 OGN-R/PilotAware
CANDIDATE source=PWKernan destination=OGNSDR packet=PWKernan>OGNSDR,TCPIP*,qAC,GLIDERN3:>120005h v0.3.2.ARM CPU:0.6 RAM:401.8/971.1MB NTP:0.2ms/-5.1ppm +56.4C EGM96:+57m 0/0Acfts[1h] RF:-2+0.6ppm/-0.87dB
CANDIDATE source=PWKernan destination=APRS packet=PWKernan>APRS,TCPIP*,qAC,GLIDERN3:>120010h v20260707 OGN-R/PilotAware
CANDIDATE source=PWAsslar destination=OGNSDR packet=PWAsslar>OGNSDR,TCPIP*,qAC,GLIDERN1:>115900h v0.3.2.ARM CPU:5.4 RAM:481.4/971.1MB NTP:0.2ms/-6.9ppm +66.6C EGM96:+49m 3/3Acfts[1h] Lat:1.7s RF:+0+0.0ppm/-0.08dB/+14.4dB@10km[3579]/+17.8dB@10km[4/7]
CANDIDATE source=PWAsslar destination=APRS packet=PWAsslar>APRS,TCPIP*,qAC,GLIDERN1:>120010h v20260707 OGN-R/PilotAware
CANDIDATE source=PWWilmcot destination=OGNSDR packet=PWWilmcot>OGNSDR,TCPIP*,qAC,GLIDERN2:>115858h v0.3.3.ARM CPU:2.9 RAM:220.9/971.1MB NTP:6.2ms/-7.1ppm +40.8C EGM96:+49m 0/0Acfts[1h] RF:+0+0.0ppm/-1.42dB/+18.1dB@10km[48]/+18.1dB@10km[1/1]
CANDIDATE source=PWWilmcot destination=APRS packet=PWWilmcot>APRS,TCPIP*,qAC,GLIDERN2:>120010h v20260707 OGN-R/PilotAware
CANDIDATE source=PWShipley destination=OGNSDR packet=PWShipley>OGNSDR,TCPIP*,qAC,GLIDERN3:>115900h v0.3.2.ARM CPU:4.0 RAM:314.7/971.1MB NTP:0.2ms/-5.5ppm +75.2C EGM96:+46m 9/9Acfts[1h] Lat:1.6s RF:-1-0.1ppm/+6.53dB/+2.0dB@10km[685]/+3.1dB@10km[6/12]
CANDIDATE source=PWShipley destination=APRS packet=PWShipley>APRS,TCPIP*,qAC,GLIDERN3:>120010h v20260707 OGN-R/PilotAware
CANDIDATE source=PWLudgers destination=OGNSDR packet=PWLudgers>OGNSDR,TCPIP*,qAC,GLIDERN2:>115859h v0.3.2.ARM CPU:2.1 RAM:325.4/971.1MB NTP:0.4ms/-2.8ppm +53.2C EGM96:+48m 5/5Acfts[1h] Lat:1.7s RF:+3+0.0ppm/-1.49dB/+16.5dB@10km[4160]/+17.6dB@10km[5/10]
CANDIDATE source=PWLudgers destination=APRS packet=PWLudgers>APRS,TCPIP*,qAC,GLIDERN2:>120010h v20260707 OGN-R/PilotAware
CANDIDATE source=PWEDMB destination=OGNSDR packet=PWEDMB>OGNSDR,TCPIP*,qAC,GLIDERN2:>115902h v0.3.2.ARM CPU:4.7 RAM:306.6/971.1MB NTP:1.3ms/-0.7ppm +84.9C EGM96:+47m 0/0Acfts[1h] RF:-1+0.0ppm/-1.70dB/+17.9dB@10km[3072]/+19.9dB@10km[4/7]
CANDIDATE source=PWEDMB destination=APRS packet=PWEDMB>APRS,TCPIP*,qAC,GLIDERN2:>120010h v20260707 OGN-R/PilotAware
CANDIDATE source=PWCW57 destination=OGNSDR packet=PWCW57>OGNSDR,TCPIP*,qAC,GLIDERN1:>115900h v0.3.2.ARM CPU:2.4 RAM:330.8/971.1MB NTP:0.5ms/-3.3ppm +61.2C EGM96:+52m 2/2Acfts[1h] RF:+0-0.6ppm/-1.67dB/+10.2dB@10km[1331]/+13.5dB@10km[2/4]
CANDIDATE source=PWCW57 destination=APRS packet=PWCW57>APRS,TCPIP*,qAC,GLIDERN1:>120010h v20260707 OGN-R/PilotAware
CANDIDATE source=PWRock destination=OGNSDR packet=PWRock>OGNSDR,TCPIP*,qAC,GLIDERN2:>115900h v0.3.2.ARM CPU:2.1 RAM:308.5/971.1MB NTP:0.3ms/-1.5ppm +64.5C EGM96:+51m 6/6Acfts[1h] Lat:1.6s RF:-1+0.1ppm/-1.71dB/+18.9dB@10km[4526]/+20.6dB@10km[5/9]
CANDIDATE source=PWRock destination=APRS packet=PWRock>APRS,TCPIP*,qAC,GLIDERN2:>120010h v20260707 OGN-R/PilotAware
CANDIDATE source=PWEGAE destination=OGNSDR packet=PWEGAE>OGNSDR,TCPIP*,qAC,GLIDERN1:>115859h v0.3.2.ARM CPU:2.5 RAM:359.1/971.1MB NTP:0.3ms/-3.9ppm +60.7C EGM96:+57m 0/0Acfts[1h] RF:-1+0.4ppm/-0.18dB
CANDIDATE source=PWEGAE destination=APRS packet=PWEGAE>APRS,TCPIP*,qAC,GLIDERN1:>120010h v20260707 OGN-R/PilotAware
CANDIDATE source=PWESMI2 destination=OGNSDR packet=PWESMI2>OGNSDR,TCPIP*,qAC,GLIDERN3:>115859h v0.3.2.ARM CPU:1.7 RAM:409.8/971.1MB NTP:0.4ms/-3.6ppm +58.0C EGM96:+35m 0/0Acfts[1h] RF:-1-0.1ppm/+0.81dB
CANDIDATE source=PWESMI2 destination=APRS packet=PWESMI2>APRS,TCPIP*,qAC,GLIDERN3:>120010h v20260707 OGN-R/PilotAware
CANDIDATE source=PWEggford destination=OGNSDR packet=PWEggford>OGNSDR,TCPIP*,qAC,GLIDERN3:>115903h v0.3.2.ARM CPU:2.4 RAM:410.3/971.1MB NTP:0.5ms/-5.0ppm +56.9C EGM96:+53m 6/6Acfts[1h] Lat:1.7s RF:+0-0.7ppm/-1.73dB/+17.1dB@10km[543]/+19.7dB@10km[4/7]
CANDIDATE source=PWEggford destination=APRS packet=PWEggford>APRS,TCPIP*,qAC,GLIDERN3:>120010h v20260707 OGN-R/PilotAware
CANDIDATE source=PWEschdor destination=OGNSDR packet=PWEschdor>OGNSDR,TCPIP*,qAC,GLIDERN1:>115859h v0.3.2.ARM CPU:3.2 RAM:341.2/971.1MB NTP:0.5ms/-4.2ppm +52.1C EGM96:+48m 0/0Acfts[1h] RF:+0-0.0ppm/-0.59dB
CANDIDATE source=PWEschdor destination=APRS packet=PWEschdor>APRS,TCPIP*,qAC,GLIDERN1:>120010h v20260707 OGN-R/PilotAware
CANDIDATE source=PWBmsgrve destination=OGNSDR packet=PWBmsgrve>OGNSDR,TCPIP*,qAC,GLIDERN2:>115900h v0.3.2.ARM CPU:2.4 RAM:366.0/971.1MB NTP:0.4ms/-5.5ppm +71.4C EGM96:+50m 1/1Acfts[1h] RF:+26+0.8ppm/+1.97dB/+13.7dB@10km[356]/+13.8dB@10km[1/2]
CANDIDATE source=PWBmsgrve destination=APRS packet=PWBmsgrve>APRS,TCPIP*,qAC,GLIDERN2:>120010h v20260707 OGN-R/PilotAware
CANDIDATE source=PWStonham destination=OGNSDR packet=PWStonham>OGNSDR,TCPIP*,qAC,GLIDERN2:>115900h v0.3.2.ARM CPU:2.4 RAM:315.2/971.1MB NTP:0.4ms/-3.1ppm +76.3C EGM96:+45m 0/0Acfts[1h] RF:+0-0.1ppm/-0.78dB/+14.9dB@10km[32]/+17.1dB@10km[2/3]
CANDIDATE source=PWStonham destination=APRS packet=PWStonham>APRS,TCPIP*,qAC,GLIDERN2:>120010h v20260707 OGN-R/PilotAware
CANDIDATE source=PWNMORTON destination=OGNSDR packet=PWNMORTON>OGNSDR,TCPIP*,qAC,GLIDERN1:>115900h v0.3.2.ARM CPU:3.5 RAM:227.3/971.1MB NTP:0.5ms/-2.7ppm +69.8C EGM96:+47m 0/0Acfts[1h] RF:+0+72.6ppm/-1.62dB
CANDIDATE source=PWNMORTON destination=APRS packet=PWNMORTON>APRS,TCPIP*,qAC,GLIDERN1:>120010h v20260707 OGN-R/PilotAware
CANDIDATE source=PWTroutbk destination=OGNSDR packet=PWTroutbk>OGNSDR,TCPIP*,qAC,GLIDERN1:>115857h v0.3.2.ARM CPU:1.7 RAM:360.3/971.1MB NTP:0.2ms/-7.4ppm +54.2C EGM96:+53m 1/1Acfts[1h] RF:-3-0.4ppm/-0.73dB/+28.1dB@10km[5]/+28.1dB@10km[1/1]
CANDIDATE source=PWTroutbk destination=APRS packet=PWTroutbk>APRS,TCPIP*,qAC,GLIDERN1:>120010h v20260707 OGN-R/PilotAware
CANDIDATE source=PWHappisb destination=OGNSDR packet=PWHappisb>OGNSDR,TCPIP*,qAC,GLIDERN1:>115856h v0.3.2.ARM CPU:1.5 RAM:338.2/971.1MB NTP:2.6ms/-7.6ppm +55.8C EGM96:+45m 0/0Acfts[1h] RF:-2-0.3ppm/-1.77dB/+21.0dB@10km[106]/+24.3dB@10km[1/2]
CANDIDATE source=PWHappisb destination=APRS packet=PWHappisb>APRS,TCPIP*,qAC,GLIDERN1:>120010h v20260707 OGN-R/PilotAware
CANDIDATE source=PWNSFIELD destination=OGNSDR packet=PWNSFIELD>OGNSDR,TCPIP*,qAC,GLIDERN2:>115904h v0.3.2.ARM CPU:2.0 RAM:356.7/971.1MB NTP:0.6ms/-5.2ppm +46.5C EGM96:+50m 0/0Acfts[1h] RF:-1+0.2ppm/+6.20dB
CANDIDATE source=PWNSFIELD destination=APRS packet=PWNSFIELD>APRS,TCPIP*,qAC,GLIDERN2:>120011h v20260707 OGN-R/PilotAware
CANDIDATE source=PWEDAWT destination=OGNSDR packet=PWEDAWT>OGNSDR,TCPIP*,qAC,GLIDERN3:>115900h v0.3.2.ARM CPU:1.3 RAM:354.6/971.1MB NTP:1.3ms/-4.7ppm +42.9C EGM96:+44m 0/0Acfts[1h] RF:-2-4.0ppm/-1.10dB/+9.9dB@10km[211]/+9.9dB@10km[1/1]
CANDIDATE source=PWEDAWT destination=APRS packet=PWEDAWT>APRS,TCPIP*,qAC,GLIDERN3:>120011h v20260707 OGN-R/PilotAware
CANDIDATE source=PWEGBT destination=OGNSDR packet=PWEGBT>OGNSDR,TCPIP*,qAC,GLIDERN2:>115901h v0.3.2.ARM CPU:2.4 RAM:408.7/971.1MB NTP:1.2ms/-5.7ppm +70.4C EGM96:+48m 8/9Acfts[1h] Lat:1.6s RF:-1+0.2ppm/-0.45dB/+16.0dB@10km[5188]/+22.3dB@10km[9/18]
CANDIDATE source=PWEGBT destination=APRS packet=PWEGBT>APRS,TCPIP*,qAC,GLIDERN2:>120011h v20260707 OGN-R/PilotAware
CANDIDATE source=PWEGVL destination=OGNSDR packet=PWEGVL>OGNSDR,TCPIP*,qAC,GLIDERN2:>115900h v0.3.2.ARM CPU:3.2 RAM:227.0/971.1MB NTP:1.9ms/-5.9ppm +71.4C EGM96:+48m 21/22Acfts[1h] Lat:1.7s RF:-2+0.2ppm/-1.21dB/+22.8dB@10km[6170]/+24.4dB@10km[17/34]
CANDIDATE source=PWEGVL destination=APRS packet=PWEGVL>APRS,TCPIP*,qAC,GLIDERN2:>120011h v20260707 OGN-R/PilotAware
CANDIDATE source=PWFSW2 destination=OGNSDR packet=PWFSW2>OGNSDR,TCPIP*,qAC,GLIDERN1:>115901h v0.3.2.ARM CPU:0.6 RAM:366.8/971.1MB NTP:0.5ms/-3.0ppm +64.5C EGM96:+46m 8/9Acfts[1h] Lat:1.6s RF:+0-1.3ppm/+4.49dB/+2.0dB@10km[4486]/+5.4dB@10km[10/19]
CANDIDATE source=PWFSW2 destination=APRS packet=PWFSW2>APRS,TCPIP*,qAC,GLIDERN1:>120011h v20260707 OGN-R/PilotAware
CANDIDATE source=PWCodsall destination=OGNSDR packet=PWCodsall>OGNSDR,TCPIP*,qAC,GLIDERN1:>115859h v0.3.2.ARM CPU:0.5 RAM:307.0/971.1MB NTP:0.6ms/-2.4ppm +57.5C EGM96:+51m 0/0Acfts[1h] RF:-24+17.8ppm/+1.48dB
CANDIDATE source=PWCodsall destination=APRS packet=PWCodsall>APRS,TCPIP*,qAC,GLIDERN1:>120011h v20260707 OGN-R/PilotAware
CANDIDATE source=PWIOWPARA destination=OGNSDR packet=PWIOWPARA>OGNSDR,TCPIP*,qAC,GLIDERN1:>115859h v0.3.2.ARM CPU:2.1 RAM:334.1/971.1MB NTP:0.4ms/-6.7ppm +60.7C EGM96:+47m 2/2Acfts[1h] RF:+0-0.3ppm/-1.15dB/+8.6dB@10km[1932]/+21.2dB@10km[3/6]
CANDIDATE source=PWIOWPARA destination=APRS packet=PWIOWPARA>APRS,TCPIP*,qAC,GLIDERN1:>120011h v20260707 OGN-R/PilotAware
CANDIDATE source=PWLANGHAM destination=OGNSDR packet=PWLANGHAM>OGNSDR,TCPIP*,qAC,GLIDERN1:>115902h v0.3.2.ARM CPU:1.6 RAM:403.0/971.1MB NTP:0.5ms/-8.9ppm +58.0C EGM96:+49m 11/11Acfts[1h] Lat:1.6s RF:-3+0.0ppm/+3.86dB/+15.0dB@10km[10747]/+17.0dB@10km[8/16]
CANDIDATE source=PWLANGHAM destination=APRS packet=PWLANGHAM>APRS,TCPIP*,qAC,GLIDERN1:>120012h v20260707 OGN-R/PilotAware
CANDIDATE source=PWEGBO destination=OGNSDR packet=PWEGBO>OGNSDR,TCPIP*,qAC,GLIDERN2:>115903h v0.3.2.ARM CPU:1.7 RAM:353.1/971.1MB NTP:0.4ms/+0.7ppm +61.1C EGM96:+51m 5/5Acfts[1h] Lat:1.6s RF:+26+4.0ppm/-1.77dB/+14.5dB@10km[5203]/+14.8dB@10km[4/8]
CANDIDATE source=PWEGBO destination=APRS packet=PWEGBO>APRS,TCPIP*,qAC,GLIDERN2:>120012h v20260707 OGN-R/PilotAware
CANDIDATE source=PWCoylton destination=OGNSDR packet=PWCoylton>OGNSDR,TCPIP*,qAC,GLIDERN1:>115903h v0.3.2.ARM CPU:1.9 RAM:286.1/971.1MB NTP:0.2ms/-6.7ppm +61.1C EGM96:+55m 0/0Acfts[1h] RF:+0-0.2ppm/+1.88dB
CANDIDATE source=PWCoylton destination=APRS packet=PWCoylton>APRS,TCPIP*,qAC,GLIDERN1:>120012h v20260707 OGN-R/PilotAware
CANDIDATE source=PWEGNY destination=OGNSDR packet=PWEGNY>OGNSDR,TCPIP*,qAC,GLIDERN3:>115906h v0.3.2.ARM CPU:2.1 RAM:281.0/971.1MB NTP:1.2ms/-9.4ppm +76.8C EGM96:+47m 1/1Acfts[1h] RF:+37+7.2ppm/-1.78dB/+13.1dB@10km[601]/+13.3dB@10km[2/3]
CANDIDATE source=PWEGNY destination=APRS packet=PWEGNY>APRS,TCPIP*,qAC,GLIDERN3:>120012h v20260707 OGN-R/PilotAware
CANDIDATE source=PWPwick destination=OGNSDR packet=PWPwick>OGNSDR,TCPIP*,qAC,GLIDERN1:>115900h v0.3.2.ARM CPU:3.1 RAM:384.1/971.1MB NTP:0.7ms/-0.4ppm +68.2C EGM96:+55m 0/0Acfts[1h] RF:-1-0.0ppm/-1.35dB
CANDIDATE source=PWPwick destination=APRS packet=PWPwick>APRS,TCPIP*,qAC,GLIDERN1:>120012h v20260707 OGN-R/PilotAware
CANDIDATE source=PWEGCJ destination=OGNSDR packet=PWEGCJ>OGNSDR,TCPIP*,qAC,GLIDERN3:>115903h v0.3.2.ARM CPU:1.6 RAM:389.8/971.1MB NTP:0.2ms/-3.4ppm +61.6C EGM96:+49m 8/8Acfts[1h] Lat:1.7s RF:+0-0.6ppm/+1.40dB/+9.5dB@10km[2451]/+15.1dB@10km[6/12]
CANDIDATE source=PWEGCJ destination=APRS packet=PWEGCJ>APRS,TCPIP*,qAC,GLIDERN3:>120012h v20260707 OGN-R/PilotAware
CANDIDATE source=PWHeadon destination=OGNSDR packet=PWHeadon>OGNSDR,TCPIP*,qAC,GLIDERN2:>115859h v0.3.2.ARM CPU:3.5 RAM:284.0/971.1MB NTP:0.6ms/-1.0ppm +82.7C EGM96:+48m 10/10Acfts[1h] Lat:1.6s RF:-1-0.4ppm/-1.78dB/+18.1dB@10km[15138]/+25.9dB@10km[15/30]
CANDIDATE source=PWHeadon destination=APRS packet=PWHeadon>APRS,TCPIP*,qAC,GLIDERN2:>120012h v20260707 OGN-R/PilotAware
CANDIDATE source=PWEGCG destination=OGNSDR packet=PWEGCG>OGNSDR,TCPIP*,qAC,GLIDERN2:>115911h v0.3.2.ARM CPU:0.9 RAM:366.3/971.1MB NTP:2.3ms/-6.2ppm +66.1C EGM96:+46m 6/6Acfts[1h] Lat:1.6s RF:+0-0.4ppm/-1.50dB/+15.6dB@10km[7613]/+22.9dB@10km[11/22]
CANDIDATE source=PWEGCG destination=APRS packet=PWEGCG>APRS,TCPIP*,qAC,GLIDERN2:>120013h v20260707 OGN-R/PilotAware
CANDIDATE source=PWEGAD destination=OGNSDR packet=PWEGAD>OGNSDR,TCPIP*,qAC,GLIDERN3:>115858h v0.3.2.ARM CPU:0.5 RAM:394.9/971.1MB NTP:0.9ms/-10.5ppm +53.7C EGM96:+56m 0/0Acfts[1h] RF:-1+0.4ppm/+3.20dB
CANDIDATE source=PWEGAD destination=APRS packet=PWEGAD>APRS,TCPIP*,qAC,GLIDERN3:>120013h v20260707 OGN-R/PilotAware
CANDIDATE source=PWPAWSNBG destination=OGNSDR packet=PWPAWSNBG>OGNSDR,TCPIP*,qAC,GLIDERN1:>115540h v0.3.2.ARM CPU:2.2 RAM:342.3/971.1MB NTP:0.4ms/-3.9ppm +73.6C EGM96:+57m 0/0Acfts[1h] RF:-3-0.3ppm/-2.06dB
CANDIDATE source=PWPAWSNBG destination=APRS packet=PWPAWSNBG>APRS,TCPIP*,qAC,GLIDERN1:>120013h v20260707 OGN-R/PilotAware
CANDIDATE source=PWEDGB destination=OGNSDR packet=PWEDGB>OGNSDR,TCPIP*,qAC,GLIDERN2:>115900h v0.3.2.ARM CPU:3.8 RAM:227.0/971.1MB NTP:0.3ms/-1.5ppm +74.1C EGM96:+49m 1/1Acfts[1h] RF:+0-0.1ppm/+5.61dB/+8.4dB@10km[533]/+8.4dB@10km[1/2]
CANDIDATE source=PWEDGB destination=APRS packet=PWEDGB>APRS,TCPIP*,qAC,GLIDERN2:>120013h v20260707 OGN-R/PilotAware
CANDIDATE source=PWEGCA destination=OGNSDR packet=PWEGCA>OGNSDR,TCPIP*,qAC,GLIDERN1:>115908h v0.3.2.ARM CPU:2.9 RAM:373.1/971.1MB NTP:1.8ms/-0.4ppm +66.6C EGM96:+50m 0/0Acfts[1h] RF:+0-0.6ppm/+6.05dB
CANDIDATE source=PWEGCA destination=APRS packet=PWEGCA>APRS,TCPIP*,qAC,GLIDERN1:>120013h v20260707 OGN-R/PilotAware
CANDIDATE source=PWFASH destination=OGNSDR packet=PWFASH>OGNSDR,TCPIP*,qAC,GLIDERN1:>115904h v0.3.2.ARM CPU:1.3 RAM:274.4/971.1MB NTP:0.9ms/-5.8ppm +67.7C EGM96:+31m 1/1Acfts[1h] Lat:1.6s RF:-2+0.7ppm/-1.66dB/+18.9dB@10km[2683]/+20.0dB@10km[3/5]
CANDIDATE source=PWFASH destination=APRS packet=PWFASH>APRS,TCPIP*,qAC,GLIDERN1:>120013h v20260707 OGN-R/PilotAware
CANDIDATE source=PWWettena destination=OGNSDR packet=PWWettena>OGNSDR,TCPIP*,qAC,GLIDERN2:>115900h v0.3.2.ARM CPU:2.5 RAM:399.9/971.1MB NTP:1.9ms/-2.8ppm +62.3C EGM96:+49m 0/0Acfts[1h] RF:+0-4.4ppm/+7.60dB
CANDIDATE source=PWWettena destination=APRS packet=PWWettena>APRS,TCPIP*,qAC,GLIDERN2:>120013h v20260707 OGN-R/PilotAware
CANDIDATE source=PWDriffie destination=OGNSDR packet=PWDriffie>OGNSDR,TCPIP*,qAC,GLIDERN3:>115901h v0.3.2.ARM CPU:2.1 RAM:343.9/971.1MB NTP:0.5ms/-1.7ppm +65.5C EGM96:+47m 1/1Acfts[1h] RF:+0+0.0ppm/+0.02dB/+9.5dB@10km[29]/+9.5dB@10km[1/1]
CANDIDATE source=PWDriffie destination=APRS packet=PWDriffie>APRS,TCPIP*,qAC,GLIDERN3:>120013h v20260707 OGN-R/PilotAware
CANDIDATE source=PWEGSL destination=OGNSDR packet=PWEGSL>OGNSDR,TCPIP*,qAC,GLIDERN2:>115900h v0.3.2.ARM CPU:4.4 RAM:282.3/971.1MB NTP:0.5ms/-4.0ppm +84.9C EGM96:+46m 0/0Acfts[1h] RF:+40+2.9ppm/-3.63dB
CANDIDATE source=PWEGSL destination=APRS packet=PWEGSL>APRS,TCPIP*,qAC,GLIDERN2:>120013h v20260707 OGN-R/PilotAware
CANDIDATE source=PWEGOE destination=OGNSDR packet=PWEGOE>OGNSDR,TCPIP*,qAC,GLIDERN3:>115910h v0.3.2.ARM CPU:1.9 RAM:315.8/971.1MB NTP:2.4ms/-5.4ppm +58.0C EGM96:+52m 7/7Acfts[1h] Lat:1.5s RF:-2-1.4ppm/-1.62dB/+13.7dB@10km[14277]/+18.2dB@10km[8/16]
CANDIDATE source=PWEGOE destination=APRS packet=PWEGOE>APRS,TCPIP*,qAC,GLIDERN3:>120015h v20260707 OGN-R/PilotAware
CANDIDATE source=PWAspen destination=OGNSDR packet=PWAspen>OGNSDR,TCPIP*,qAC,GLIDERN2:>115904h v0.3.2.ARM CPU:1.3 RAM:388.6/971.1MB NTP:0.4ms/+24.6ppm +51.9C EGM96:+52m 0/0Acfts[1h] RF:+0-1.0ppm/+5.98dB
CANDIDATE source=PWAspen destination=APRS packet=PWAspen>APRS,TCPIP*,qAC,GLIDERN2:>120015h v20260707 OGN-R/PilotAware
CANDIDATE source=PWEGCM destination=OGNSDR packet=PWEGCM>OGNSDR,TCPIP*,qAC,GLIDERN1:>115900h v0.3.2.ARM CPU:3.2 RAM:349.2/971.1MB NTP:0.3ms/+0.4ppm +70.9C EGM96:+49m 26/26Acfts[1h] Lat:17.0s RF:-1-0.1ppm/-1.18dB/+16.4dB@10km[23507]/+20.0dB@10km[17/33]
CANDIDATE source=PWEGCM destination=APRS packet=PWEGCM>APRS,TCPIP*,qAC,GLIDERN1:>120015h v20260707 OGN-R/PilotAware
CANDIDATE source=PWBrig destination=OGNSDR packet=PWBrig>OGNSDR,TCPIP*,qAC,GLIDERN1:>115904h v0.3.2.ARM CPU:2.1 RAM:374.7/971.1MB NTP:0.4ms/-9.8ppm +49.8C EGM96:+50m 0/0Acfts[1h] RF:-1+0.3ppm/+5.78dB
CANDIDATE source=PWBrig destination=APRS packet=PWBrig>APRS,TCPIP*,qAC,GLIDERN1:>120015h v20260707 OGN-R/PilotAware
CANDIDATE source=PWCLDONNY destination=OGNSDR packet=PWCLDONNY>OGNSDR,TCPIP*,qAC,GLIDERN3:>115907h v0.3.2.ARM CPU:2.2 RAM:309.4/971.1MB NTP:1.1ms/-9.9ppm +68.8C EGM96:+49m 0/0Acfts[1h] RF:-3-1.0ppm/+6.86dB/+6.4dB@10km[74]/+6.4dB@10km[1/1]
CANDIDATE source=PWCLDONNY destination=APRS packet=PWCLDONNY>APRS,TCPIP*,qAC,GLIDERN3:>120016h v20260707 OGN-R/PilotAware
CANDIDATE source=PWEGNR destination=OGNSDR packet=PWEGNR>OGNSDR,TCPIP*,qAC,GLIDERN2:>115906h v0.3.2.ARM CPU:3.4 RAM:278.1/971.1MB NTP:0.2ms/-0.0ppm +65.9C EGM96:+53m 1/1Acfts[1h] RF:+25+5.2ppm/+1.27dB/+9.2dB@10km[3225]/+22.8dB@10km[5/10]
CANDIDATE source=PWEGNR destination=APRS packet=PWEGNR>APRS,TCPIP*,qAC,GLIDERN2:>120015h v20260707 OGN-R/PilotAware
CANDIDATE source=PWBude destination=OGNSDR packet=PWBude>OGNSDR,TCPIP*,qAC,GLIDERN1:>115910h v0.3.2.ARM CPU:2.3 RAM:337.3/971.1MB NTP:0.2ms/-5.9ppm +58.5C EGM96:+53m 0/0Acfts[1h] RF:-2-1.1ppm/-0.91dB
CANDIDATE source=PWBude destination=APRS packet=PWBude>APRS,TCPIP*,qAC,GLIDERN1:>120016h v20260707 OGN-R/PilotAware
CANDIDATE source=PWMargam destination=OGNSDR packet=PWMargam>OGNSDR,TCPIP*,qAC,GLIDERN1:>115907h v0.3.2.ARM CPU:2.4 RAM:368.7/971.1MB NTP:2.0ms/-6.2ppm +69.8C EGM96:+53m 0/0Acfts[1h] RF:+0-0.7ppm/+3.19dB/+12.8dB@10km[3784]/+12.8dB@10km[1/1]
CANDIDATE source=PWMargam destination=APRS packet=PWMargam>APRS,TCPIP*,qAC,GLIDERN1:>120016h v20260707 OGN-R/PilotAware
CANDIDATE source=PWThame destination=OGNSDR packet=PWThame>OGNSDR,TCPIP*,qAC,GLIDERN1:>115900h v0.3.2.ARM CPU:1.6 RAM:309.4/971.1MB NTP:1.0ms/-3.2ppm +58.0C EGM96:+47m 1/1Acfts[1h] RF:+0+0.0ppm/+2.33dB/-0.8dB@10km[38]/+2.0dB@10km[1/2]
CANDIDATE source=PWThame destination=APRS packet=PWThame>APRS,TCPIP*,qAC,GLIDERN1:>120016h v20260707 OGN-R/PilotAware
CANDIDATE source=PWTolland destination=OGNSDR packet=PWTolland>OGNSDR,TCPIP*,qAC,GLIDERN2:>115904h v0.3.2.ARM CPU:1.7 RAM:378.3/971.1MB NTP:0.9ms/+1.7ppm +60.5C EGM96:+51m 5/5Acfts[1h] Lat:1.6s RF:+0+0.2ppm/-1.98dB/+16.5dB@10km[3480]/+19.7dB@10km[3/6]
CANDIDATE source=PWTolland destination=APRS packet=PWTolland>APRS,TCPIP*,qAC,GLIDERN2:>120016h v20260707 OGN-R/PilotAware
CANDIDATE source=PWVerchoq destination=OGNSDR packet=PWVerchoq>OGNSDR,TCPIP*,qAC,GLIDERN2:>115906h v0.3.2.ARM CPU:3.8 RAM:326.1/971.1MB NTP:0.4ms/-2.0ppm +62.3C EGM96:+44m 0/0Acfts[1h] RF:+0-0.7ppm/-2.67dB
CANDIDATE source=PWVerchoq destination=APRS packet=PWVerchoq>APRS,TCPIP*,qAC,GLIDERN2:>120017h v20260707 OGN-R/PilotAware
CANDIDATE source=PWATOMANN destination=OGNSDR packet=PWATOMANN>OGNSDR,TCPIP*,qAC,GLIDERN1:>115900h v0.3.2.ARM CPU:1.8 RAM:388.3/971.1MB NTP:1.6ms/+0.4ppm +55.8C EGM96:+55m 0/0Acfts[1h] RF:-3-0.3ppm/+7.23dB
CANDIDATE source=PWATOMANN destination=APRS packet=PWATOMANN>APRS,TCPIP*,qAC,GLIDERN1:>120017h v20260707 OGN-R/PilotAware
CANDIDATE source=PWLASHAM destination=OGNSDR packet=PWLASHAM>OGNSDR,TCPIP*,qAC,GLIDERN3:>115909h v0.3.2.ARM CPU:2.6 RAM:276.5/971.1MB NTP:0.3ms/-8.4ppm +66.6C EGM96:+46m 674/674Acfts[1h] Lat:2.1s RF:-1+0.4ppm/+4.41dB/-1.8dB@10km[24104]/-0.9dB@10km[141/282]
CANDIDATE source=PWLASHAM destination=APRS packet=PWLASHAM>APRS,TCPIP*,qAC,GLIDERN3:>120017h v20260707 OGN-R/PilotAware
CANDIDATE source=PWStratha destination=OGNSDR packet=PWStratha>OGNSDR,TCPIP*,qAC,GLIDERN2:>115905h v0.3.2.ARM CPU:2.0 RAM:373.4/971.1MB NTP:0.2ms/-1.3ppm +48.7C EGM96:+54m 0/0Acfts[1h] RF:+0+0.2ppm/+7.03dB
CANDIDATE source=PWStratha destination=APRS packet=PWStratha>APRS,TCPIP*,qAC,GLIDERN2:>120017h v20260707 OGN-R/PilotAware
CANDIDATE source=PWWhitfie destination=OGNSDR packet=PWWhitfie>OGNSDR,TCPIP*,qAC,GLIDERN2:>115909h v0.3.2.ARM CPU:1.5 RAM:355.2/971.1MB NTP:1.4ms/-6.9ppm +59.6C EGM96:+45m 0/0Acfts[1h] RF:+0+0.1ppm/-1.01dB
CANDIDATE source=PWWhitfie destination=APRS packet=PWWhitfie>APRS,TCPIP*,qAC,GLIDERN2:>120017h v20260707 OGN-R/PilotAware
CANDIDATE source=PWEshott destination=OGNSDR packet=PWEshott>OGNSDR,TCPIP*,qAC,GLIDERN1:>115903h v0.3.2.ARM CPU:1.5 RAM:381.2/971.1MB NTP:1.2ms/-11.1ppm +50.8C EGM96:+50m 1/1Acfts[1h] RF:-1+0.2ppm/-1.46dB/+24.5dB@10km[1367]/+24.5dB@10km[1/1]
CANDIDATE source=PWEshott destination=APRS packet=PWEshott>APRS,TCPIP*,qAC,GLIDERN1:>120017h v20260707 OGN-R/PilotAware
CANDIDATE source=PWUKHAD destination=OGNSDR packet=PWUKHAD>OGNSDR,TCPIP*,qAC,GLIDERN2:>115912h v0.3.2.ARM CPU:2.1 RAM:330.4/971.1MB NTP:3.2ms/-6.0ppm +63.4C EGM96:+50m 1/1Acfts[1h] RF:+0-0.5ppm/-1.33dB/+11.3dB@10km[1026]/+11.3dB@10km[1/1]
CANDIDATE source=PWUKHAD destination=APRS packet=PWUKHAD>APRS,TCPIP*,qAC,GLIDERN2:>120017h v20260707 OGN-R/PilotAware
CANDIDATE source=PWEASTON destination=OGNSDR packet=PWEASTON>OGNSDR,TCPIP*,qAC,GLIDERN2:>115904h v0.3.2.ARM CPU:2.4 RAM:358.7/971.1MB NTP:0.7ms/-3.4ppm +73.6C EGM96:+51m 0/0Acfts[1h] RF:-1+0.0ppm/-2.08dB
CANDIDATE source=PWEASTON destination=APRS packet=PWEASTON>APRS,TCPIP*,qAC,GLIDERN2:>120018h v20260707 OGN-R/PilotAware
CANDIDATE source=PWEGOS destination=OGNSDR packet=PWEGOS>OGNSDR,TCPIP*,qAC,GLIDERN2:>115909h v0.3.2.ARM CPU:3.7 RAM:325.7/971.1MB NTP:1.8ms/-5.0ppm +60.7C EGM96:+52m 11/11Acfts[1h] Lat:1.6s RF:-2-1.7ppm/-2.33dB/+11.0dB@10km[17818]/+14.2dB@10km[8/16]
CANDIDATE source=PWEGOS destination=APRS packet=PWEGOS>APRS,TCPIP*,qAC,GLIDERN2:>120018h v20260707 OGN-R/PilotAware
CANDIDATE source=PWKngsLyn destination=OGNSDR packet=PWKngsLyn>OGNSDR,TCPIP*,qAC,GLIDERN3:>115907h v0.3.2.ARM CPU:6.0 RAM:304.1/971.1MB NTP:1.6ms/-9.5ppm +54.8C EGM96:+46m 3/3Acfts[1h] Lat:1.8s RF:-3+0.3ppm/+4.80dB/+14.7dB@10km[59]/+17.0dB@10km[3/5]
CANDIDATE source=PWKngsLyn destination=APRS packet=PWKngsLyn>APRS,TCPIP*,qAC,GLIDERN3:>120018h v20260707 OGN-R/PilotAware
CANDIDATE source=PWDARLEY destination=OGNSDR packet=PWDARLEY>OGNSDR,TCPIP*,qAC,GLIDERN3:>115905h v0.3.2.ARM CPU:3.3 RAM:326.2/971.1MB NTP:0.6ms/-5.0ppm +48.7C EGM96:+50m 8/8Acfts[1h] Lat:1.6s RF:+0+0.2ppm/-0.82dB/+24.0dB@10km[697]/+25.7dB@10km[12/24]
CANDIDATE source=PWDARLEY destination=APRS packet=PWDARLEY>APRS,TCPIP*,qAC,GLIDERN3:>120018h v20260707 OGN-R/PilotAware
CANDIDATE source=PWGtYrmth destination=OGNSDR packet=PWGtYrmth>OGNSDR,TCPIP*,qAC,GLIDERN3:>115902h v0.3.2.ARM CPU:3.5 RAM:321.5/971.1MB NTP:0.7ms/-7.8ppm +49.4C EGM96:+45m 0/0Acfts[1h] RF:-3+0.2ppm/+4.69dB
CANDIDATE source=PWGtYrmth destination=APRS packet=PWGtYrmth>APRS,TCPIP*,qAC,GLIDERN3:>120018h v20260707 OGN-R/PilotAware
CANDIDATE source=PWEGWC destination=OGNSDR packet=PWEGWC>OGNSDR,TCPIP*,qAC,GLIDERN1:>115912h v0.3.2.ARM CPU:2.4 RAM:288.4/971.1MB NTP:2.2ms/-4.9ppm +60.1C EGM96:+51m 4/4Acfts[1h] Lat:1.6s RF:+0-0.6ppm/+3.54dB/+9.2dB@10km[4839]/+11.2dB@10km[4/7]
CANDIDATE source=PWEGWC destination=APRS packet=PWEGWC>APRS,TCPIP*,qAC,GLIDERN1:>120018h v20260707 OGN-R/PilotAware
CANDIDATE source=PWukBER destination=OGNSDR packet=PWukBER>OGNSDR,TCPIP*,qAC,GLIDERN3:>115914h v0.3.2.ARM CPU:0.9 RAM:391.4/971.1MB NTP:0.5ms/-0.8ppm +49.2C EGM96:+50m 0/0Acfts[1h] RF:-2-0.2ppm/-1.92dB
CANDIDATE source=PWukBER destination=APRS packet=PWukBER>APRS,TCPIP*,qAC,GLIDERN3:>120019h v20260707 OGN-R/PilotAware
CANDIDATE source=PWJO63nk destination=OGNSDR packet=PWJO63nk>OGNSDR,TCPIP*,qAC,GLIDERN2:>115908h v0.3.2.ARM CPU:1.6 RAM:419.6/971.1MB NTP:1.1ms/-1.9ppm +57.3C EGM96:+38m 0/0Acfts[1h] RF:+123+57.1ppm/-1.58dB
CANDIDATE source=PWJO63nk destination=APRS packet=PWJO63nk>APRS,TCPIP*,qAC,GLIDERN2:>120019h v20260707 OGN-R/PilotAware
CANDIDATE source=PWWantsum destination=OGNSDR packet=PWWantsum>OGNSDR,TCPIP*,qAC,GLIDERN2:>115913h v0.3.2.ARM CPU:3.4 RAM:428.5/972.4MB NTP:0.3ms/+2.4ppm +57.8C EGM96:+45m 0/0Acfts[1h] RF:+0-0.5ppm/+0.91dB/+10.2dB@10km[4]/+13.2dB@10km[1/2]
CANDIDATE source=PWWantsum destination=APRS packet=PWWantsum>APRS,TCPIP*,qAC,GLIDERN2:>120019h v20260707 OGN-R/PilotAware
SERVER # aprsc 2.1.20-gf.5-g0178a1b 16 Sep 2026 12:00:19 GMT GLIDERN3 85.188.1.173:14580
CANDIDATE source=PWPnctlnd destination=OGNSDR packet=PWPnctlnd>OGNSDR,TCPIP*,qAC,GLIDERN2:>115912h v0.3.2.ARM CPU:1.2 RAM:422.8/971.1MB NTP:0.5ms/-5.3ppm +75.2C EGM96:+52m 0/0Acfts[1h] RF:+36-7.5ppm/-1.42dB/+14.7dB@10km[9]/+14.7dB@10km[1/1]
CANDIDATE source=PWPnctlnd destination=APRS packet=PWPnctlnd>APRS,TCPIP*,qAC,GLIDERN2:>120019h v20260707 OGN-R/PilotAware
CANDIDATE source=PWEDVI destination=OGNSDR packet=PWEDVI>OGNSDR,TCPIP*,qAC,GLIDERN3:>115916h v0.3.2.ARM CPU:6.8 RAM:323.5/971.1MB NTP:1.6ms/-8.8ppm +68.8C EGM96:+45m 3/3Acfts[1h] RF:-1-0.2ppm/-1.23dB/+15.5dB@10km[2952]/+18.9dB@10km[5/10]
CANDIDATE source=PWEDVI destination=APRS packet=PWEDVI>APRS,TCPIP*,qAC,GLIDERN3:>120021h v20260707 OGN-R/PilotAware
CANDIDATE source=PWUKMUD destination=OGNSDR packet=PWUKMUD>OGNSDR,TCPIP*,qAC,GLIDERN3:>115914h v0.3.2.ARM CPU:0.8 RAM:366.1/971.1MB NTP:0.4ms/-0.2ppm +53.0C EGM96:+52m 0/0Acfts[1h] RF:+0+18.4ppm/-2.25dB
CANDIDATE source=PWUKMUD destination=APRS packet=PWUKMUD>APRS,TCPIP*,qAC,GLIDERN3:>120021h v20260707 OGN-R/PilotAware
CANDIDATE source=PWAIRSIDE destination=OGNSDR packet=PWAIRSIDE>OGNSDR,TCPIP*,qAC,GLIDERN1:>115911h v0.3.2.ARM CPU:2.3 RAM:391.1/971.1MB NTP:1.5ms/-6.8ppm +60.7C EGM96:+51m 6/6Acfts[1h] Lat:1.6s RF:-4+2.0ppm/+3.32dB/+3.9dB@10km[8090]/+13.8dB@10km[4/8]
CANDIDATE source=PWAIRSIDE destination=APRS packet=PWAIRSIDE>APRS,TCPIP*,qAC,GLIDERN1:>120021h v20260707 OGN-R/PilotAware
CANDIDATE source=PWAbergav destination=OGNSDR packet=PWAbergav>OGNSDR,TCPIP*,qAC,GLIDERN2:>115617h v0.3.2.ARM CPU:2.1 RAM:390.3/971.1MB NTP:2.3ms/-11.9ppm +59.6C EGM96:+52m 3/3Acfts[1h] RF:-3-0.2ppm/-0.29dB/+14.8dB@10km[1611]/+25.6dB@10km[2/4]
CANDIDATE source=PWAbergav destination=APRS packet=PWAbergav>APRS,TCPIP*,qAC,GLIDERN2:>120021h v20260707 OGN-R/PilotAware
CANDIDATE source=PWAlfretn destination=OGNSDR packet=PWAlfretn>OGNSDR,TCPIP*,qAC,GLIDERN1:>115914h v0.3.2.ARM CPU:3.9 RAM:335.5/971.1MB NTP:0.2ms/-5.8ppm +60.0C EGM96:+50m 0/0Acfts[1h] RF:-4+0.0ppm/+8.85dB/-11.6dB@10km[3]/-11.6dB@10km[1/1]
CANDIDATE source=PWAlfretn destination=APRS packet=PWAlfretn>APRS,TCPIP*,qAC,GLIDERN1:>120021h v20260707 OGN-R/PilotAware
CANDIDATE source=PWEGPT destination=OGNSDR packet=PWEGPT>OGNSDR,TCPIP*,qAC,GLIDERN1:>115915h v0.3.2.ARM CPU:2.1 RAM:385.1/971.1MB NTP:0.7ms/-3.2ppm +51.9C EGM96:+53m 0/0Acfts[1h] RF:+135+66.2ppm/-15.57dB
CANDIDATE source=PWEGPT destination=APRS packet=PWEGPT>APRS,TCPIP*,qAC,GLIDERN1:>120022h v20260707 OGN-R/PilotAware
CANDIDATE source=PWKirkbym destination=OGNSDR packet=PWKirkbym>OGNSDR,TCPIP*,qAC,GLIDERN2:>115916h v0.3.2.ARM CPU:1.6 RAM:385.0/971.1MB NTP:0.3ms/+0.5ppm +53.0C EGM96:+48m 18/18Acfts[1h] Lat:1.9s RF:+0-0.7ppm/-1.26dB/+17.8dB@10km[14403]/+19.1dB@10km[13/26]
CANDIDATE source=PWKirkbym destination=APRS packet=PWKirkbym>APRS,TCPIP*,qAC,GLIDERN2:>120022h v20260707 OGN-R/PilotAware
CANDIDATE source=PWOthertn destination=OGNSDR packet=PWOthertn>OGNSDR,TCPIP*,qAC,GLIDERN2:>115911h v0.3.2.ARM CPU:3.6 RAM:315.0/971.1MB NTP:1.4ms/-7.5ppm +66.1C EGM96:+51m 5/5Acfts[1h] Lat:1.6s RF:+0-0.6ppm/-0.80dB/+15.2dB@10km[1131]/+15.7dB@10km[3/6]
CANDIDATE source=PWOthertn destination=APRS packet=PWOthertn>APRS,TCPIP*,qAC,GLIDERN2:>120022h v20260707 OGN-R/PilotAware
CANDIDATE source=PWBooker destination=OGNSDR packet=PWBooker>OGNSDR,TCPIP*,qAC,GLIDERN3:>115918h v0.3.2.ARM CPU:1.8 RAM:348.2/971.1MB NTP:0.2ms/-1.0ppm +44.4C EGM96:+47m 4/5Acfts[1h] Lat:1.9s RF:+44-0.3ppm/-0.07dB/+12.7dB@10km[4132]/+20.6dB@10km[6/11]
CANDIDATE source=PWBooker destination=APRS packet=PWBooker>APRS,TCPIP*,qAC,GLIDERN3:>120022h v20260707 OGN-R/PilotAware
CANDIDATE source=PWFishrwk destination=OGNSDR packet=PWFishrwk>OGNSDR,TCPIP*,qAC,GLIDERN1:>115912h v0.3.2.ARM CPU:1.8 RAM:375.5/971.1MB NTP:2.4ms/-7.3ppm +65.0C EGM96:+50m 0/0Acfts[1h] RF:+0-0.4ppm/-0.17dB
CANDIDATE source=PWFishrwk destination=APRS packet=PWFishrwk>APRS,TCPIP*,qAC,GLIDERN1:>120022h v20260707 OGN-R/PilotAware
CANDIDATE source=PWSALTBY destination=OGNSDR packet=PWSALTBY>OGNSDR,TCPIP*,qAC,GLIDERN2:>115916h v0.3.2.ARM CPU:1.0 RAM:368.5/971.1MB NTP:1.6ms/-1.2ppm +42.8C EGM96:+48m 10/10Acfts[1h] Lat:2.1s RF:+61+0.0ppm/+0.66dB/+5.5dB@10km[7335]/+13.6dB@10km[12/24]
CANDIDATE source=PWSALTBY destination=APRS packet=PWSALTBY>APRS,TCPIP*,qAC,GLIDERN2:>120022h v20260707 OGN-R/PilotAware
CANDIDATE source=PWWoodcot destination=OGNSDR packet=PWWoodcot>OGNSDR,TCPIP*,qAC,GLIDERN1:>115916h v0.3.2.ARM CPU:3.9 RAM:347.8/971.1MB NTP:0.6ms/-5.6ppm +61.6C EGM96:+47m 1/1Acfts[1h] RF:+28+1.6ppm/+1.78dB/+10.2dB@10km[1]/+10.2dB@10km[1/1]
CANDIDATE source=PWWoodcot destination=APRS packet=PWWoodcot>APRS,TCPIP*,qAC,GLIDERN1:>120023h v20260707 OGN-R/PilotAware
CANDIDATE source=PWLuckbfm destination=OGNSDR packet=PWLuckbfm>OGNSDR,TCPIP*,qAC,GLIDERN2:>115917h v0.3.2.ARM CPU:2.4 RAM:365.4/971.1MB NTP:0.5ms/+5.5ppm +50.8C EGM96:+53m 0/0Acfts[1h] RF:+0-0.6ppm/+2.82dB
CANDIDATE source=PWLuckbfm destination=APRS packet=PWLuckbfm>APRS,TCPIP*,qAC,GLIDERN2:>120024h v20260707 OGN-R/PilotAware
CANDIDATE source=PWMurg destination=OGNSDR packet=PWMurg>OGNSDR,TCPIP*,qAC,GLIDERN2:>115917h v0.3.2.ARM CPU:5.8 RAM:455.4/971.1MB NTP:1.7ms/-1.8ppm +48.2C EGM96:+46m 2/3Acfts[1h] Lat:1.9s RF:+0-0.8ppm/+3.24dB/+19.1dB@10km[457]/+19.4dB@10km[2/4]
CANDIDATE source=PWMurg destination=APRS packet=PWMurg>APRS,TCPIP*,qAC,GLIDERN2:>120024h v20260707 OGN-R/PilotAware
CANDIDATE source=PWWisbech destination=OGNSDR packet=PWWisbech>OGNSDR,TCPIP*,qAC,GLIDERN2:>115916h v0.3.2.ARM CPU:1.2 RAM:368.5/971.1MB NTP:0.3ms/+2.9ppm +54.1C EGM96:+46m 7/7Acfts[1h] Lat:1.8s RF:+0-0.5ppm/-1.04dB/+16.7dB@10km[7552]/+19.5dB@10km[10/20]
CANDIDATE source=PWWisbech destination=APRS packet=PWWisbech>APRS,TCPIP*,qAC,GLIDERN2:>120024h v20260707 OGN-R/PilotAware
CANDIDATE source=PWDarland destination=OGNSDR packet=PWDarland>OGNSDR,TCPIP*,qAC,GLIDERN3:>115922h v0.3.2.ARM CPU:7.7 RAM:293.5/971.1MB NTP:0.4ms/+4.7ppm +58.4C EGM96:+45m 1/1Acfts[1h] RF:-1+0.2ppm/+15.86dB/+17.2dB@10km[14]/+17.3dB@10km[1/2]
CANDIDATE source=PWDarland destination=APRS packet=PWDarland>APRS,TCPIP*,qAC,GLIDERN3:>120024h v20260707 OGN-R/PilotAware
CANDIDATE source=PWSARUMHH destination=OGNSDR packet=PWSARUMHH>OGNSDR,TCPIP*,qAC,GLIDERN1:>115916h v0.3.2.ARM CPU:1.5 RAM:397.6/971.1MB NTP:0.7ms/-3.0ppm +55.1C EGM96:+48m 2/2Acfts[1h] RF:+0-0.3ppm/+4.56dB/+2.7dB@10km[177]/+9.4dB@10km[2/3]
CANDIDATE source=PWSARUMHH destination=APRS packet=PWSARUMHH>APRS,TCPIP*,qAC,GLIDERN1:>120024h v20260707 OGN-R/PilotAware
CANDIDATE source=PWEGSF destination=OGNSDR packet=PWEGSF>OGNSDR,TCPIP*,qAC,GLIDERN1:>115914h v0.3.2.ARM CPU:4.5 RAM:347.7/971.1MB NTP:1.7ms/-0.7ppm +53.7C EGM96:+47m 4/4Acfts[1h] Lat:1.8s RF:+49+0.4ppm/+3.53dB/+10.0dB@10km[590]/+13.1dB@10km[6/11]
CANDIDATE source=PWEGSF destination=APRS packet=PWEGSF>APRS,TCPIP*,qAC,GLIDERN1:>120024h v20260707 OGN-R/PilotAware
CANDIDATE source=PWEGBW destination=OGNSDR packet=PWEGBW>OGNSDR,TCPIP*,qAC,GLIDERN2:>115921h v0.3.2.ARM CPU:5.8 RAM:339.4/971.1MB NTP:3.7ms/-1.5ppm +62.7C EGM96:+49m 4/4Acfts[1h] RF:-1+0.1ppm/-1.70dB/+13.3dB@10km[723]/+18.5dB@10km[4/8]
CANDIDATE source=PWEGBW destination=APRS packet=PWEGBW>APRS,TCPIP*,qAC,GLIDERN2:>120024h v20260707 OGN-R/PilotAware
CANDIDATE source=PWKingsto destination=OGNSDR packet=PWKingsto>OGNSDR,TCPIP*,qAC,GLIDERN3:>115917h v0.3.2.ARM CPU:1.7 RAM:437.7/971.1MB NTP:0.4ms/-0.7ppm +54.1C EGM96:+51m 0/0Acfts[1h] RF:+68+0.0ppm/-1.28dB
CANDIDATE source=PWKingsto destination=APRS packet=PWKingsto>APRS,TCPIP*,qAC,GLIDERN3:>120024h v20260707 OGN-R/PilotAware
CANDIDATE source=PWNorton destination=OGNSDR packet=PWNorton>OGNSDR,TCPIP*,qAC,GLIDERN1:>115901h v0.3.2.ARM CPU:1.0 RAM:345.3/971.1MB NTP:0.5ms/+0.8ppm +48.2C EGM96:+48m 6/6Acfts[1h] RF:+28-0.0ppm/-1.07dB/+14.8dB@10km[6632]/+20.8dB@10km[8/15]
CANDIDATE source=PWNorton destination=APRS packet=PWNorton>APRS,TCPIP*,qAC,GLIDERN1:>120024h v20260707 OGN-R/PilotAware
CANDIDATE source=PWMontros destination=OGNSDR packet=PWMontros>OGNSDR,TCPIP*,qAC,GLIDERN3:>115916h v0.3.2.ARM CPU:2.4 RAM:372.8/971.1MB NTP:0.5ms/-4.2ppm +55.1C EGM96:+51m 0/0Acfts[1h] RF:+35+0.3ppm/-1.61dB
CANDIDATE source=PWMontros destination=APRS packet=PWMontros>APRS,TCPIP*,qAC,GLIDERN3:>120025h v20260707 OGN-R/PilotAware
CANDIDATE source=PWZoyland destination=OGNSDR packet=PWZoyland>OGNSDR,TCPIP*,qAC,GLIDERN1:>115919h v0.3.2.ARM CPU:5.0 RAM:338.5/971.1MB NTP:0.3ms/+3.8ppm +61.1C EGM96:+51m 11/11Acfts[1h] Lat:2.0s RF:-2-0.3ppm/-2.06dB/+16.5dB@10km[9130]/+20.4dB@10km[7/14]
CANDIDATE source=PWZoyland destination=APRS packet=PWZoyland>APRS,TCPIP*,qAC,GLIDERN1:>120025h v20260707 OGN-R/PilotAware
CANDIDATE source=PWMrzezyn destination=OGNSDR packet=PWMrzezyn>OGNSDR,TCPIP*,qAC,GLIDERN3:>115919h v0.3.2.ARM CPU:3.2 RAM:382.3/971.1MB NTP:2.5ms/+7.1ppm +53.0C EGM96:+34m 0/0Acfts[1h] RF:+64-2.0ppm/+3.28dB
CANDIDATE source=PWMrzezyn destination=APRS packet=PWMrzezyn>APRS,TCPIP*,qAC,GLIDERN3:>120025h v20260707 OGN-R/PilotAware
CANDIDATE source=PWUKABZ destination=OGNSDR packet=PWUKABZ>OGNSDR,TCPIP*,qAC,GLIDERN1:>115917h v0.3.2.ARM CPU:1.7 RAM:411.1/971.1MB NTP:0.3ms/+0.8ppm +42.8C EGM96:+50m 0/0Acfts[1h] RF:+0-0.7ppm/+5.39dB
CANDIDATE source=PWUKABZ destination=APRS packet=PWUKABZ>APRS,TCPIP*,qAC,GLIDERN1:>120025h v20260707 OGN-R/PilotAware
CANDIDATE source=PWGilwern destination=OGNSDR packet=PWGilwern>OGNSDR,TCPIP*,qAC,GLIDERN1:>115918h v0.3.2.ARM CPU:1.9 RAM:399.5/971.1MB NTP:1.1ms/-6.1ppm +62.7C EGM96:+52m 0/0Acfts[1h] RF:-2-0.6ppm/+4.29dB
CANDIDATE source=PWGilwern destination=APRS packet=PWGilwern>APRS,TCPIP*,qAC,GLIDERN1:>120025h v20260707 OGN-R/PilotAware
CANDIDATE source=PWUKmil destination=OGNSDR packet=PWUKmil>OGNSDR,TCPIP*,qAC,GLIDERN2:>115918h v0.3.2.ARM CPU:2.6 RAM:384.8/971.1MB NTP:0.3ms/+0.4ppm +58.4C EGM96:+51m 0/0Acfts[1h] RF:+0+0.0ppm/-2.29dB/+18.7dB@10km[421]/+27.2dB@10km[1/2]
CANDIDATE source=PWUKmil destination=APRS packet=PWUKmil>APRS,TCPIP*,qAC,GLIDERN2:>120026h v20260707 OGN-R/PilotAware
CANDIDATE source=PWUKPRK destination=OGNSDR packet=PWUKPRK>OGNSDR,TCPIP*,qAC,GLIDERN1:>115918h v0.3.2.ARM CPU:5.9 RAM:322.9/971.1MB NTP:0.9ms/+2.9ppm +58.4C EGM96:+49m 14/14Acfts[1h] Lat:2.0s RF:+55+0.1ppm/-1.57dB/+14.9dB@10km[18187]/+18.4dB@10km[9/17]
CANDIDATE source=PWUKPRK destination=APRS packet=PWUKPRK>APRS,TCPIP*,qAC,GLIDERN1:>120026h v20260707 OGN-R/PilotAware
CANDIDATE source=PWWhittng destination=OGNSDR packet=PWWhittng>OGNSDR,TCPIP*,qAC,GLIDERN2:>115914h v0.3.2.ARM CPU:0.9 RAM:397.6/971.1MB NTP:0.6ms/-0.1ppm +51.4C EGM96:+50m 0/0Acfts[1h] RF:+30-15.2ppm/-0.66dB/+13.9dB@10km[88]/+13.9dB@10km[1/1]
CANDIDATE source=PWWhittng destination=APRS packet=PWWhittng>APRS,TCPIP*,qAC,GLIDERN2:>120026h v20260707 OGN-R/PilotAware
CANDIDATE source=PWAMPNEY destination=OGNSDR packet=PWAMPNEY>OGNSDR,TCPIP*,qAC,GLIDERN3:>115918h v0.3.2.ARM CPU:3.3 RAM:331.4/971.1MB NTP:0.4ms/+1.1ppm +50.8C EGM96:+49m 0/0Acfts[1h] RF:-1+0.0ppm/-2.00dB/+9.7dB@10km[217]/+9.7dB@10km[1/1]
CANDIDATE source=PWAMPNEY destination=APRS packet=PWAMPNEY>APRS,TCPIP*,qAC,GLIDERN3:>120026h v20260707 OGN-R/PilotAware
CANDIDATE source=PWEverton destination=OGNSDR packet=PWEverton>OGNSDR,TCPIP*,qAC,GLIDERN1:>115819h v0.3.2.ARM CPU:2.7 RAM:335.4/971.1MB NTP:1.8ms/+0.2ppm +58.4C EGM96:+47m 4/4Acfts[1h] Lat:1.8s RF:+0-0.2ppm/+4.96dB/+7.3dB@10km[4137]/+13.7dB@10km[5/9]
CANDIDATE source=PWEverton destination=APRS packet=PWEverton>APRS,TCPIP*,qAC,GLIDERN1:>120027h v20260707 OGN-R/PilotAware
CANDIDATE source=PWBREWOOD destination=OGNSDR packet=PWBREWOOD>OGNSDR,TCPIP*,qAC,GLIDERN3:>115921h v0.3.2.ARM CPU:4.8 RAM:324.5/971.1MB NTP:0.2ms/+5.3ppm +64.8C EGM96:+51m 1/1Acfts[1h] Lat:1.9s RF:+0-0.4ppm/-1.39dB/+13.3dB@10km[42]/+13.3dB@10km[1/1]
CANDIDATE source=PWBREWOOD destination=APRS packet=PWBREWOOD>APRS,TCPIP*,qAC,GLIDERN3:>120027h v20260707 OGN-R/PilotAware
CANDIDATE source=PWUKMBU destination=OGNSDR packet=PWUKMBU>OGNSDR,TCPIP*,qAC,GLIDERN1:>115917h v0.3.2.ARM CPU:2.7 RAM:338.9/971.1MB NTP:0.2ms/+2.7ppm +47.6C EGM96:+49m 0/0Acfts[1h] RF:+0+0.0ppm/+3.59dB
CANDIDATE source=PWUKMBU destination=APRS packet=PWUKMBU>APRS,TCPIP*,qAC,GLIDERN1:>120027h v20260707 OGN-R/PilotAware
CANDIDATE source=PWEGHJ destination=OGNSDR packet=PWEGHJ>OGNSDR,TCPIP*,qAC,GLIDERN2:/115719h5040.55NI00106.32W&/A=000072
CANDIDATE source=PWEGHJ destination=APRS packet=PWEGHJ>APRS,TCPIP*,qAC,GLIDERN2:>120027h v20260707 OGN-R/PilotAware
CANDIDATE source=PWEGNF destination=OGNSDR packet=PWEGNF>OGNSDR,TCPIP*,qAC,GLIDERN1:>115920h v0.3.2.ARM CPU:2.8 RAM:373.6/971.1MB NTP:2.4ms/+1.3ppm +60.5C EGM96:+49m 6/6Acfts[1h] Lat:1.8s RF:+0-0.3ppm/-1.79dB/+18.5dB@10km[1385]/+22.9dB@10km[11/21]
CANDIDATE source=PWEGNF destination=APRS packet=PWEGNF>APRS,TCPIP*,qAC,GLIDERN1:>120028h v20260707 OGN-R/PilotAware
CANDIDATE source=PWEGXE destination=OGNSDR packet=PWEGXE>OGNSDR,TCPIP*,qAC,GLIDERN1:>115918h v0.3.2.ARM CPU:2.0 RAM:408.7/971.1MB NTP:0.4ms/-6.0ppm +61.8C EGM96:+50m 12/12Acfts[1h] Lat:1.9s RF:+0-0.3ppm/-0.05dB/+14.5dB@10km[17996]/+16.5dB@10km[8/15]
CANDIDATE source=PWEGXE destination=APRS packet=PWEGXE>APRS,TCPIP*,qAC,GLIDERN1:>120028h v20260707 OGN-R/PilotAware
CANDIDATE source=PWwmlaasd destination=OGNSDR packet=PWwmlaasd>OGNSDR,TCPIP*,qAC,GLIDERN3:>115913h v0.3.2.ARM CPU:4.0 RAM:382.6/971.1MB NTP:1.3ms/-1.7ppm +47.6C EGM96:+51m 0/0Acfts[1h] RF:+0-0.7ppm/+3.45dB/+5.6dB@10km[96]/+5.6dB@10km[1/1]
CANDIDATE source=PWwmlaasd destination=APRS packet=PWwmlaasd>APRS,TCPIP*,qAC,GLIDERN3:>120028h v20260707 OGN-R/PilotAware
CANDIDATE source=PWRossall destination=OGNSDR packet=PWRossall>OGNSDR,TCPIP*,qAC,GLIDERN1:>115913h v0.3.2.ARM CPU:2.8 RAM:309.9/971.1MB NTP:1.6ms/-0.6ppm +58.0C EGM96:+52m 4/4Acfts[1h] RF:+0-0.3ppm/-1.25dB/+20.8dB@10km[9505]/+21.2dB@10km[4/7]
CANDIDATE source=PWRossall destination=APRS packet=PWRossall>APRS,TCPIP*,qAC,GLIDERN1:>120029h v20260707 OGN-R/PilotAware
CANDIDATE source=PWAldersh destination=OGNSDR packet=PWAldersh>OGNSDR,TCPIP*,qAC,GLIDERN2:>115914h v0.3.2.ARM CPU:1.5 RAM:289.5/971.1MB NTP:0.8ms/+8.4ppm +50.8C EGM96:+46m 49/49Acfts[1h] Lat:1.9s RF:+0+0.0ppm/+5.06dB/+16.1dB@10km[5815]/+16.4dB@10km[30/60]
CANDIDATE source=PWAldersh destination=APRS packet=PWAldersh>APRS,TCPIP*,qAC,GLIDERN2:>120029h v20260707 OGN-R/PilotAware
CANDIDATE source=PWCaradoc destination=OGNSDR packet=PWCaradoc>OGNSDR,TCPIP*,qAC,GLIDERN3:>115918h v0.3.2.ARM CPU:2.2 RAM:391.0/971.1MB NTP:0.9ms/+1.3ppm +55.1C EGM96:+52m 0/0Acfts[1h] RF:+0+0.0ppm/+4.26dB
STATS seconds=710 packets=1632 server_comments=37 matching_sources=1632 parsed_receiver_packets=821 top_destinations=[OGNSDR:821, APRS:811]
CANDIDATE source=PWCaradoc destination=APRS packet=PWCaradoc>APRS,TCPIP*,qAC,GLIDERN3:>120029h v20260707 OGN-R/PilotAware
CANDIDATE source=PWMynd destination=OGNSDR packet=PWMynd>OGNSDR,TCPIP*,qAC,GLIDERN2:>115925h v0.3.2.ARM CPU:7.4 RAM:351.1/971.1MB NTP:0.7ms/+0.7ppm +56.2C EGM96:+52m 8/8Acfts[1h] Lat:2.5s RF:-3-0.6ppm/-1.20dB/+16.1dB@10km[5776]/+19.2dB@10km[6/12]
CANDIDATE source=PWMynd destination=APRS packet=PWMynd>APRS,TCPIP*,qAC,GLIDERN2:>120029h v20260707 OGN-R/PilotAware
CANDIDATE source=PWGROVEFM destination=OGNSDR packet=PWGROVEFM>OGNSDR,TCPIP*,qAC,GLIDERN2:>115921h v0.3.2.ARM CPU:4.2 RAM:415.5/971.1MB NTP:0.4ms/-0.6ppm +58.4C EGM96:+45m 0/0Acfts[1h] RF:-3-0.1ppm/-1.70dB
CANDIDATE source=PWGROVEFM destination=APRS packet=PWGROVEFM>APRS,TCPIP*,qAC,GLIDERN2:>120030h v20260707 OGN-R/PilotAware
CANDIDATE source=PWHewish destination=OGNSDR packet=PWHewish>OGNSDR,TCPIP*,qAC,GLIDERN2:>115921h v0.3.2.ARM CPU:2.0 RAM:382.0/971.1MB NTP:1.1ms/-9.9ppm +57.8C EGM96:+50m 5/5Acfts[1h] Lat:2.1s RF:+87-26.2ppm/+0.49dB/+15.6dB@10km[7806]/+21.5dB@10km[3/6]
CANDIDATE source=PWHewish destination=APRS packet=PWHewish>APRS,TCPIP*,qAC,GLIDERN2:>120030h v20260707 OGN-R/PilotAware
CANDIDATE source=PWThirsk destination=OGNSDR packet=PWThirsk>OGNSDR,TCPIP*,qAC,GLIDERN2:>115921h v0.3.2.ARM CPU:4.5 RAM:352.9/971.1MB NTP:1.3ms/-8.6ppm +74.0C EGM96:+49m 7/7Acfts[1h] Lat:1.9s RF:-1+0.0ppm/+4.74dB/+5.0dB@10km[4921]/+7.6dB@10km[6/11]
CANDIDATE source=PWThirsk destination=APRS packet=PWThirsk>APRS,TCPIP*,qAC,GLIDERN2:>120031h v20260707 OGN-R/PilotAware
CANDIDATE source=PWFordham destination=OGNSDR packet=PWFordham>OGNSDR,TCPIP*,qAC,GLIDERN2:>115921h v0.3.2.ARM CPU:5.9 RAM:320.6/971.1MB NTP:0.6ms/+6.2ppm +56.2C EGM96:+46m 0/0Acfts[1h] RF:-1-0.2ppm/-1.38dB/+19.9dB@10km[7]/+19.9dB@10km[1/1]
CANDIDATE source=PWFordham destination=APRS packet=PWFordham>APRS,TCPIP*,qAC,GLIDERN2:>120031h v20260707 OGN-R/PilotAware
CANDIDATE source=PWChelt destination=OGNSDR packet=PWChelt>OGNSDR,TCPIP*,qAC,GLIDERN2:>115926h v0.3.2.ARM CPU:9.8 RAM:329.2/971.1MB NTP:2.7ms/-2.8ppm +42.8C EGM96:+49m 0/0Acfts[1h] RF:+0+73.3ppm/+4.71dB
CANDIDATE source=PWChelt destination=APRS packet=PWChelt>APRS,TCPIP*,qAC,GLIDERN2:>120032h v20260707 OGN-R/PilotAware
CANDIDATE source=PWUKDRL destination=OGNSDR packet=PWUKDRL>OGNSDR,TCPIP*,qAC,GLIDERN1:>115925h v0.3.2.ARM CPU:1.3 RAM:339.4/971.1MB NTP:2.3ms/-0.1ppm +44.4C EGM96:+48m 3/3Acfts[1h] Lat:1.8s RF:+1-0.7ppm/-1.94dB/+5.9dB@10km[5990]/+14.0dB@10km[4/8]
CANDIDATE source=PWUKDRL destination=APRS packet=PWUKDRL>APRS,TCPIP*,qAC,GLIDERN1:>120032h v20260707 OGN-R/PilotAware
CANDIDATE source=PWEGSU destination=OGNSDR packet=PWEGSU>OGNSDR,TCPIP*,qAC,GLIDERN1:>115923h v0.3.2.ARM CPU:8.3 RAM:371.8/971.1MB NTP:1.0ms/-3.1ppm +63.8C EGM96:+46m 3/3Acfts[1h] RF:+0-0.4ppm/+3.67dB/+3.8dB@10km[40]/+11.0dB@10km[3/5]
CANDIDATE source=PWEGSU destination=APRS packet=PWEGSU>APRS,TCPIP*,qAC,GLIDERN1:>120032h v20260707 OGN-R/PilotAware
CANDIDATE source=PWUKCLK destination=OGNSDR packet=PWUKCLK>OGNSDR,TCPIP*,qAC,GLIDERN2:/115826h5112.48NI00049.85E&/A=000623
CANDIDATE source=PWUKCLK destination=APRS packet=PWUKCLK>APRS,TCPIP*,qAC,GLIDERN2:>120033h v20260707 OGN-R/PilotAware
CANDIDATE source=PWegmt destination=OGNSDR packet=PWegmt>OGNSDR,TCPIP*,qAC,GLIDERN3:>115942h v0.3.2.ARM CPU:10.3 RAM:259.7/971.1MB NTP:1.5ms/-2.7ppm +69.1C EGM96:+46m 4/4Acfts[1h] Lat:2.7s RF:-1+0.2ppm/-1.01dB/+20.0dB@10km[240]/+21.0dB@10km[3/6]
CANDIDATE source=PWegmt destination=APRS packet=PWegmt>APRS,TCPIP*,qAC,GLIDERN3:>120033h v20260707 OGN-R/PilotAware
CANDIDATE source=PWPottern destination=OGNSDR packet=PWPottern>OGNSDR,TCPIP*,qAC,GLIDERN3:>115916h v0.3.2.ARM CPU:3.9 RAM:334.1/971.1MB NTP:10.8ms/-4.2ppm +60.1C EGM96:+48m 1/1Acfts[1h] RF:+27-3.3ppm/-0.63dB/+12.8dB@10km[113]/+13.0dB@10km[1/2]
CANDIDATE source=PWPottern destination=APRS packet=PWPottern>APRS,TCPIP*,qAC,GLIDERN3:>120033h v20260707 OGN-R/PilotAware
CANDIDATE source=PWCadwell destination=OGNSDR packet=PWCadwell>OGNSDR,TCPIP*,qAC,GLIDERN1:>115926h v0.3.2.ARM CPU:10.1 RAM:264.5/971.1MB NTP:0.4ms/+4.0ppm +57.3C EGM96:+47m 3/3Acfts[1h] Lat:9.6s RF:-1-0.5ppm/-0.51dB/+15.9dB@10km[1243]/+18.3dB@10km[3/5]
CANDIDATE source=PWCadwell destination=APRS packet=PWCadwell>APRS,TCPIP*,qAC,GLIDERN1:>120033h v20260707 OGN-R/PilotAware
CANDIDATE source=PWUKLSW destination=OGNSDR packet=PWUKLSW>OGNSDR,TCPIP*,qAC,GLIDERN1:>115925h v0.3.2.ARM CPU:1.3 RAM:415.7/971.1MB NTP:0.3ms/+12.8ppm +47.1C EGM96:+48m 0/0Acfts[1h] RF:+0-0.0ppm/-0.93dB/-3.1dB@10km[6]/-3.1dB@10km[1/1]
CANDIDATE source=PWUKLSW destination=APRS packet=PWUKLSW>APRS,TCPIP*,qAC,GLIDERN1:>120034h v20260707 OGN-R/PilotAware
CANDIDATE source=PWEdinbuW destination=OGNSDR packet=PWEdinbuW>OGNSDR,TCPIP*,qAC,GLIDERN1:>115928h v0.3.2.ARM CPU:2.9 RAM:353.4/971.1MB NTP:1.1ms/+5.0ppm +53.0C EGM96:+53m 11/11Acfts[1h] RF:+0+0.1ppm/-0.82dB/+19.3dB@10km[2993]/+20.0dB@10km[6/11]
CANDIDATE source=PWEdinbuW destination=APRS packet=PWEdinbuW>APRS,TCPIP*,qAC,GLIDERN1:>120034h v20260707 OGN-R/PilotAware
CANDIDATE source=PWFrstn14 destination=OGNSDR packet=PWFrstn14>OGNSDR,TCPIP*,qAC,GLIDERN2:>115902h v0.3.2.ARM CPU:1.7 RAM:394.7/971.1MB NTP:1.1ms/-2.6ppm +65.0C EGM96:+45m 4/4Acfts[1h] RF:-1+0.2ppm/-2.26dB/+1.5dB@10km[781]/+1.9dB@10km[3/5]
CANDIDATE source=PWFrstn14 destination=APRS packet=PWFrstn14>APRS,TCPIP*,qAC,GLIDERN2:>120035h v20260707 OGN-R/PilotAware
CANDIDATE source=PWUpavon destination=OGNSDR packet=PWUpavon>OGNSDR,TCPIP*,qAC,GLIDERN1:>115923h v0.3.2.ARM CPU:5.5 RAM:303.7/971.1MB NTP:6.1ms/+2.0ppm +69.3C EGM96:+48m 5/5Acfts[1h] RF:-2-4.0ppm/-3.18dB/+17.3dB@10km[11217]/+19.6dB@10km[9/18]
CANDIDATE source=PWUpavon destination=APRS packet=PWUpavon>APRS,TCPIP*,qAC,GLIDERN1:>120036h v20260707 OGN-R/PilotAware
CANDIDATE source=PWUKSE2 destination=OGNSDR packet=PWUKSE2>OGNSDR,TCPIP*,qAC,GLIDERN3:>120005h v0.3.2.ARM CPU:1.0 RAM:378.7/971.1MB NTP:2.2ms/+0.6ppm +64.5C EGM96:+51m 4/4Acfts[1h] Lat:1.7s RF:+0-0.4ppm/-0.85dB/+11.6dB@10km[588]/+12.3dB@10km[2/3]
CANDIDATE source=PWUKSE2 destination=APRS packet=PWUKSE2>APRS,TCPIP*,qAC,GLIDERN3:>120036h v20260707 OGN-R/PilotAware
CANDIDATE source=PWBostonW destination=OGNSDR packet=PWBostonW>OGNSDR,TCPIP*,qAC,GLIDERN2:>115926h v0.3.2.ARM CPU:6.3 RAM:330.6/971.1MB NTP:1.1ms/+3.0ppm +70.2C EGM96:+47m 11/11Acfts[1h] Lat:2.3s RF:+0-0.7ppm/+3.08dB/+16.2dB@10km[5828]/+19.2dB@10km[12/24]
CANDIDATE source=PWBostonW destination=APRS packet=PWBostonW>APRS,TCPIP*,qAC,GLIDERN2:>120037h v20260707 OGN-R/PilotAware
CANDIDATE source=PWEGPJ destination=OGNSDR packet=PWEGPJ>OGNSDR,TCPIP*,qAC,GLIDERN1:>115937h v0.3.2.ARM CPU:6.4 RAM:344.0/971.1MB NTP:2.5ms/+3.7ppm +65.9C EGM96:+53m 11/11Acfts[1h] Lat:3.0s RF:+0-0.4ppm/-0.86dB/+9.7dB@10km[30608]/+13.8dB@10km[6/12]
CANDIDATE source=PWEGPJ destination=APRS packet=PWEGPJ>APRS,TCPIP*,qAC,GLIDERN1:>120038h v20260707 OGN-R/PilotAware
CANDIDATE source=PWStewart destination=OGNSDR packet=PWStewart>OGNSDR,TCPIP*,qAC,GLIDERN2:>115929h v0.3.2.ARM CPU:2.5 RAM:392.7/971.1MB NTP:0.3ms/-0.2ppm +51.9C EGM96:+55m 0/0Acfts[1h] RF:+0-0.4ppm/-0.60dB
CANDIDATE source=PWStewart destination=APRS packet=PWStewart>APRS,TCPIP*,qAC,GLIDERN2:>120038h v20260707 OGN-R/PilotAware
CANDIDATE source=PWUKFAL destination=OGNSDR packet=PWUKFAL>OGNSDR,TCPIP*,qAC,GLIDERN2:>115928h v0.3.2.ARM CPU:2.2 RAM:396.3/971.1MB NTP:2.6ms/-4.5ppm +55.1C EGM96:+54m 0/0Acfts[1h] RF:+8+25.6ppm/-2.09dB
CANDIDATE source=PWUKFAL destination=APRS packet=PWUKFAL>APRS,TCPIP*,qAC,GLIDERN2:>120038h v20260707 OGN-R/PilotAware
CANDIDATE source=PWegcw destination=OGNSDR packet=PWegcw>OGNSDR,TCPIP*,qAC,GLIDERN2:>115930h v0.3.2.ARM CPU:3.9 RAM:331.3/971.1MB NTP:2.7ms/-1.2ppm +58.4C EGM96:+53m 0/0Acfts[1h] RF:+27-0.2ppm/-2.44dB
CANDIDATE source=PWegcw destination=APRS packet=PWegcw>APRS,TCPIP*,qAC,GLIDERN2:>120039h v20260707 OGN-R/PilotAware
CANDIDATE source=PWBute destination=OGNSDR packet=PWBute>OGNSDR,TCPIP*,qAC,GLIDERN1:>115928h v0.3.2.ARM CPU:1.4 RAM:403.1/971.1MB NTP:2.8ms/+2.3ppm +48.2C EGM96:+55m 0/0Acfts[1h] RF:+0+0.1ppm/+6.28dB
CANDIDATE source=PWBute destination=APRS packet=PWBute>APRS,TCPIP*,qAC,GLIDERN1:>120039h v20260707 OGN-R/PilotAware
SERVER # aprsc 2.1.20-gf.5-g0178a1b 16 Sep 2026 12:00:39 GMT GLIDERN3 85.188.1.173:14580
CANDIDATE source=PWMoepham destination=OGNSDR packet=PWMoepham>OGNSDR,TCPIP*,qAC,GLIDERN3:/120038h5123.04NI00021.31E&/A=000328
CANDIDATE source=PWMoepham destination=APRS packet=PWMoepham>APRS,TCPIP*,qAC,GLIDERN3:>120040h v20260707 OGN-R/PilotAware
CANDIDATE source=PWCRAW destination=OGNSDR packet=PWCRAW>OGNSDR,TCPIP*,qAC,GLIDERN3:/120030h5047.08NI01047.21E&/A=001523
CANDIDATE source=PWCRAW destination=APRS packet=PWCRAW>APRS,TCPIP*,qAC,GLIDERN3:>120041h v20260707 OGN-R/PilotAware
CANDIDATE source=PWHoniley destination=OGNSDR packet=PWHoniley>OGNSDR,TCPIP*,qAC,GLIDERN2:>115933h v0.3.2.ARM CPU:9.5 RAM:277.8/971.1MB NTP:1.5ms/-0.0ppm +64.8C EGM96:+49m 1/1Acfts[1h] RF:-1-2.7ppm/-1.30dB/+11.3dB@10km[259]/+19.5dB@10km[2/4]
CANDIDATE source=PWHoniley destination=APRS packet=PWHoniley>APRS,TCPIP*,qAC,GLIDERN2:>120043h v20260707 OGN-R/PilotAware
CANDIDATE source=PWRugby destination=OGNSDR packet=PWRugby>OGNSDR,TCPIP*,qAC,GLIDERN1:>115823h v0.3.2.ARM CPU:2.3 RAM:97.7/971.1MB NTP:2.1ms/+4.4ppm +58.4C EGM96:+49m 0/0Acfts[1h] RF:+26+0.0ppm/+2.06dB
CANDIDATE source=PWRugby destination=APRS packet=PWRugby>APRS,TCPIP*,qAC,GLIDERN1:>120044h v20260915 OGN-R/PilotAware
CANDIDATE source=PWStirlin destination=OGNSDR packet=PWStirlin>OGNSDR,TCPIP*,qAC,GLIDERN2:>115931h v0.3.2.ARM CPU:3.2 RAM:395.6/971.1MB NTP:0.5ms/+4.2ppm +56.8C EGM96:+54m 0/0Acfts[1h] RF:+0-0.4ppm/-0.78dB/+15.3dB@10km[50]/+15.3dB@10km[1/1]
CANDIDATE source=PWStirlin destination=APRS packet=PWStirlin>APRS,TCPIP*,qAC,GLIDERN2:>120045h v20260707 OGN-R/PilotAware
CANDIDATE source=PWaircrew destination=OGNSDR packet=PWaircrew>OGNSDR,TCPIP*,qAC,GLIDERN2:>115935h v0.3.2.ARM CPU:7.3 RAM:394.4/971.1MB NTP:0.7ms/+0.7ppm +56.8C EGM96:+50m 4/4Acfts[1h] Lat:2.3s RF:+0-0.1ppm/-0.55dB/+15.3dB@10km[204]/+21.3dB@10km[4/7]
CANDIDATE source=PWaircrew destination=APRS packet=PWaircrew>APRS,TCPIP*,qAC,GLIDERN2:>120046h v20260707 OGN-R/PilotAware
CANDIDATE source=PWArnold destination=OGNSDR packet=PWArnold>OGNSDR,TCPIP*,qAC,GLIDERN2:/115856h5259.60NI00106.85W&/A=000253
CANDIDATE source=PWArnold destination=APRS packet=PWArnold>APRS,TCPIP*,qAC,GLIDERN2:>120048h v20260707 OGN-R/PilotAware
CANDIDATE source=PWUKGRLLP destination=OGNSDR packet=PWUKGRLLP>OGNSDR,TCPIP*,qAC,GLIDERN2:>080929h v0.3.2.ARM CPU:0.3 RAM:487.9/971.1MB NTP:1.1ms/-6.9ppm +49.4C EGM96:+47m 2/2Acfts[1h] Lat:1.5s RF:+0-0.3ppm/+1.8dB
CANDIDATE source=PWUKGRLLP destination=APRS packet=PWUKGRLLP>APRS,TCPIP*,qAC,GLIDERN2:>120050h v20260707 OGN-R/PilotAware
CANDIDATE source=PWUKGRL destination=OGNSDR packet=PWUKGRL>OGNSDR,TCPIP*,qAC,GLIDERN1:>115707h v0.3.2.ARM CPU:1.2 RAM:330.5/971.1MB NTP:2.4ms/-6.7ppm +55.7C EGM96:+47m 6/6Acfts[1h] Lat:1.7s RF:-2+0.0ppm/+6.05dB/-4.3dB@10km[3218]/-1.0dB@10km[4/7]
CANDIDATE source=PWUKGRL destination=APRS packet=PWUKGRL>APRS,TCPIP*,qAC,GLIDERN1:>120050h v20260707 OGN-R/PilotAware
CANDIDATE source=PWUKGRL3 destination=OGNSDR packet=PWUKGRL3>OGNSDR,TCPIP*,qAC,GLIDERN3:>115701h v0.3.2.ARM CPU:4.8 RAM:291.3/971.1MB NTP:3.2ms/-4.9ppm +63.8C EGM96:+47m 8/8Acfts[1h] Lat:1.9s RF:-1-0.3ppm/+0.10dB/+4.5dB@10km[14246]/+13.8dB@10km[5/9]
CANDIDATE source=PWUKGRL3 destination=APRS packet=PWUKGRL3>APRS,TCPIP*,qAC,GLIDERN3:>120052h v20260707 OGN-R/PilotAware
CANDIDATE source=PWBabraha destination=OGNSDR packet=PWBabraha>OGNSDR,TCPIP*,qAC,GLIDERN3:/114559h5209.37NI00013.98E&/A=000151
CANDIDATE source=PWBabraha destination=APRS packet=PWBabraha>APRS,TCPIP*,qAC,GLIDERN3:>120052h v20260707 OGN-R/PilotAware
CANDIDATE source=PWSHIREN destination=OGNSDR packet=PWSHIREN>OGNSDR,TCPIP*,qAC,GLIDERN3:>115642h v0.3.2.ARM CPU:10.7 RAM:280.8/971.1MB NTP:0.4ms/+0.3ppm +55.1C EGM96:+51m 4/4Acfts[1h] Lat:8.7s RF:+29-3.8ppm/-0.80dB/+20.1dB@10km[99]/+21.3dB@10km[1/2]
CANDIDATE source=PWSHIREN destination=APRS packet=PWSHIREN>APRS,TCPIP*,qAC,GLIDERN3:>120052h v20260707 OGN-R/PilotAware
CANDIDATE source=PWEcclesN destination=OGNSDR packet=PWEcclesN>OGNSDR,TCPIP*,qAC,GLIDERN2:>115930h v0.3.2.ARM CPU:4.7 RAM:364.6/971.1MB NTP:4.0ms/-8.8ppm +60.5C EGM96:+51m 1/1Acfts[1h] RF:-1-0.2ppm/-1.64dB/+22.5dB@10km[722]/+22.5dB@10km[1/1]
CANDIDATE source=PWEcclesN destination=APRS packet=PWEcclesN>APRS,TCPIP*,qAC,GLIDERN2:>120052h v20260707 OGN-R/PilotAware
CANDIDATE source=PWUKRIW destination=OGNSDR packet=PWUKRIW>OGNSDR,TCPIP*,qAC,GLIDERN1:>115941h v0.3.2.ARM CPU:1.6 RAM:321.7/971.1MB NTP:2.4ms/-2.4ppm +59.1C EGM96:+46m 3/3Acfts[1h] Lat:1.5s RF:+22+1.3ppm/+3.68dB/-16.0dB@10km[3]/-16.0dB@10km[1/1]
CANDIDATE source=PWUKRIW destination=APRS packet=PWUKRIW>APRS,TCPIP*,qAC,GLIDERN1:>120054h v20260707 OGN-R/PilotAware
SERVER # aprsc 2.1.20-gf.5-g0178a1b 16 Sep 2026 12:00:59 GMT GLIDERN3 85.188.1.173:14580
CANDIDATE source=PWUKTIB destination=OGNSDR packet=PWUKTIB>OGNSDR,TCPIP*,qAC,GLIDERN1:/120037h5227.43NI00109.67E&/A=000210
STATS seconds=741 packets=1708 server_comments=39 matching_sources=1708 parsed_receiver_packets=859 top_destinations=[OGNSDR:859, APRS:849]
CANDIDATE source=PWUKTIB destination=APRS packet=PWUKTIB>APRS,TCPIP*,qAC,GLIDERN1:>120057h v20260707 OGN-R/PilotAware
CANDIDATE source=PWRankins destination=OGNSDR packet=PWRankins>OGNSDR,TCPIP*,qAC,GLIDERN3:/120005h5112.27NI00030.69E&/A=000079
CANDIDATE source=PWRankins destination=APRS packet=PWRankins>APRS,TCPIP*,qAC,GLIDERN3:>120104h v20260707 OGN-R/PilotAware
CANDIDATE source=PWNesclif destination=OGNSDR packet=PWNesclif>OGNSDR,TCPIP*,qAC,GLIDERN3:>115853h v0.3.2.ARM CPU:2.1 RAM:435.3/971.1MB NTP:3.0ms/-7.6ppm +70.4C EGM96:+53m 4/4Acfts[1h] RF:-2-1.8ppm/-1.93dB/+5.5dB@10km[6757]/+7.7dB@10km[4/8]
CANDIDATE source=PWNesclif destination=APRS packet=PWNesclif>APRS,TCPIP*,qAC,GLIDERN3:>120105h v20260707 OGN-R/PilotAware
CANDIDATE source=PWFirefly destination=OGNSDR packet=PWFirefly>OGNSDR,TCPIP*,qAC,GLIDERN1:/120015h5047.70NI00311.98W&/A=000525
CANDIDATE source=PWFirefly destination=APRS packet=PWFirefly>APRS,TCPIP*,qAC,GLIDERN1:>120104h v20260707 OGN-R/PilotAware
CANDIDATE source=PWEDRPACP destination=OGNSDR packet=PWEDRPACP>OGNSDR,TCPIP*,qAC,GLIDERN2:>115929h v0.3.2.ARM CPU:1.4 RAM:334.8/971.1MB NTP:0.6ms/-3.3ppm +58.0C EGM96:+49m 2/2Acfts[1h] RF:+0-2.3ppm/-1.03dB/+14.8dB@10km[4830]/+21.2dB@10km[5/10]
CANDIDATE source=PWEDRPACP destination=APRS packet=PWEDRPACP>APRS,TCPIP*,qAC,GLIDERN2:>120104h v20260707 OGN-R/PilotAware
CANDIDATE source=PWEGBS destination=OGNSDR packet=PWEGBS>OGNSDR,TCPIP*,qAC,GLIDERN1:>120026h v0.3.2.ARM CPU:1.8 RAM:417.5/971.1MB NTP:0.4ms/+2.7ppm +55.1C EGM96:+52m 1/1Acfts[1h] RF:+0+50.1ppm/-1.90dB
CANDIDATE source=PWEGBS destination=APRS packet=PWEGBS>APRS,TCPIP*,qAC,GLIDERN1:>120106h v20260707 OGN-R/PilotAware
CANDIDATE source=PWAachen destination=OGNSDR packet=PWAachen>OGNSDR,TCPIP*,qAC,GLIDERN3:/010553h5046.05NI00603.73E&/A=000755
CANDIDATE source=PWAachen destination=APRS packet=PWAachen>APRS,TCPIP*,qAC,GLIDERN3:>120108h v20260707 OGN-R/PilotAware
CANDIDATE source=PWNalltn destination=OGNSDR packet=PWNalltn>OGNSDR,TCPIP*,qAC,GLIDERN2:/115913h5419.83NI00126.71W&/A=000151
CANDIDATE source=PWNalltn destination=APRS packet=PWNalltn>APRS,TCPIP*,qAC,GLIDERN2:>120113h v20260707 OGN-R/PilotAware
SERVER # aprsc 2.1.20-gf.5-g0178a1b 16 Sep 2026 12:01:19 GMT GLIDERN3 85.188.1.173:14580
CANDIDATE source=PWNOWZMA1 destination=OGNSDR packet=PWNOWZMA1>OGNSDR,TCPIP*,qAC,GLIDERN2:>115627h v0.3.2.ARM CPU:1.6 RAM:411.8/971.1MB NTP:2.8ms/-3.3ppm +60.1C EGM96:+45m 5/5Acfts[1h] Lat:1.5s RF:-2-0.8ppm/-1.68dB/+21.8dB@10km[1695]/+24.7dB@10km[7/14]
CANDIDATE source=PWNOWZMA1 destination=APRS packet=PWNOWZMA1>APRS,TCPIP*,qAC,GLIDERN2:>120119h v20260707 OGN-R/PilotAware
CANDIDATE source=PWHunsdon destination=OGNSDR packet=PWHunsdon>OGNSDR,TCPIP*,qAC,GLIDERN1:/120013h5148.58NI00004.21E&/A=000263
CANDIDATE source=PWHunsdon destination=APRS packet=PWHunsdon>APRS,TCPIP*,qAC,GLIDERN1:>120120h v20260707 OGN-R/PilotAware
CANDIDATE source=PWTYDDYN destination=OGNSDR packet=PWTYDDYN>OGNSDR,TCPIP*,qAC,GLIDERN2:>115841h v0.3.2.ARM CPU:0.9 RAM:430.7/971.1MB NTP:4.3ms/-10.8ppm +43.3C EGM96:+53m 0/0Acfts[1h] RF:+0+0.0ppm/-0.06dB/+3.4dB@10km[118]/+3.4dB@10km[1/1]
CANDIDATE source=PWTYDDYN destination=APRS packet=PWTYDDYN>APRS,TCPIP*,qAC,GLIDERN2:>120121h v20260707 OGN-R/PilotAware
CANDIDATE source=PWUKPAR destination=OGNSDR packet=PWUKPAR>OGNSDR,TCPIP*,qAC,GLIDERN1:>120009h v0.3.2.ARM CPU:5.4 RAM:440.9/971.1MB NTP:4.3ms/-8.2ppm +51.4C EGM96:+46m 20/20Acfts[1h] Lat:2.7s RF:+0-0.0ppm/-0.14dB/+11.4dB@10km[19437]/+15.3dB@10km[10/20]
CANDIDATE source=PWUKPAR destination=APRS packet=PWUKPAR>APRS,TCPIP*,qAC,GLIDERN1:>120129h v20260707 OGN-R/PilotAware
CANDIDATE source=PWThtford destination=OGNSDR packet=PWThtford>OGNSDR,TCPIP*,qAC,GLIDERN2:>120123h v0.3.2.ARM CPU:6.7 RAM:303.2/971.1MB NTP:2.2ms/-3.0ppm +50.5C EGM96:+46m 0/0Acfts[1h] RF:-3+0.2ppm/+6.49dB
CANDIDATE source=PWThtford destination=APRS packet=PWThtford>APRS,TCPIP*,qAC,GLIDERN2:>120130h v20260707 OGN-R/PilotAware
CANDIDATE source=PWLanark destination=OGNSDR packet=PWLanark>OGNSDR,TCPIP*,qAC,GLIDERN3:>120043h v0.3.2.ARM CPU:1.7 RAM:414.2/971.1MB NTP:5.9ms/+1.0ppm +46.5C EGM96:+54m 0/0Acfts[1h] RF:+0+0.0ppm/+6.98dB
STATS seconds=778 packets=1734 server_comments=40 matching_sources=1734 parsed_receiver_packets=872 top_destinations=[OGNSDR:872, APRS:862]
CANDIDATE source=PWLanark destination=APRS packet=PWLanark>APRS,TCPIP*,qAC,GLIDERN3:>120137h v20260707 OGN-R/PilotAware
SERVER # aprsc 2.1.20-gf.5-g0178a1b 16 Sep 2026 12:01:39 GMT GLIDERN3 85.188.1.173:14580
CANDIDATE source=PWMonmth destination=OGNSDR packet=PWMonmth>OGNSDR,TCPIP*,qAC,GLIDERN3:>115826h v0.3.2.ARM CPU:0.7 RAM:456.3/971.1MB NTP:1.6ms/-2.8ppm +55.1C EGM96:+51m 2/2Acfts[1h] RF:-3+0.6ppm/-1.10dB/+5.7dB@10km[125]/+9.8dB@10km[2/3]
CANDIDATE source=PWMonmth destination=APRS packet=PWMonmth>APRS,TCPIP*,qAC,GLIDERN3:>120141h v20260707 OGN-R/PilotAware
CANDIDATE source=Pwick destination=OGNSDR packet=Pwick>OGNSDR,TCPIP*,qAC,GLIDERN2:/120146h5529.97NI00429.33W&/A=000410
CANDIDATE source=PWEDXD destination=OGNSDR packet=PWEDXD>OGNSDR,TCPIP*,qAC,GLIDERN2:/110314h5221.15NI00819.81E&/A=000184
CANDIDATE source=PWEDXD destination=APRS packet=PWEDXD>APRS,TCPIP*,qAC,GLIDERN2:>120146h v20260707 OGN-R/PilotAware
CANDIDATE source=PWCrowlan destination=OGNSDR packet=PWCrowlan>OGNSDR,TCPIP*,qAC,GLIDERN1:/115953h5242.67NI00008.13W&/A=000016
CANDIDATE source=PWCrowlan destination=APRS packet=PWCrowlan>APRS,TCPIP*,qAC,GLIDERN1:>120150h v20260707 OGN-R/PilotAware
CANDIDATE source=PWEGTU destination=OGNSDR packet=PWEGTU>OGNSDR,TCPIP*,qAC,GLIDERN3:/120131h5051.85NI00313.63W&/A=000856
CANDIDATE source=PWEGTU destination=APRS packet=PWEGTU>APRS,TCPIP*,qAC,GLIDERN3:>120151h v20260707 OGN-R/PilotAware
CANDIDATE source=PWClenchC destination=OGNSDR packet=PWClenchC>OGNSDR,TCPIP*,qAC,GLIDERN3:/120141h5123.32NI00143.88W&/A=000617
CANDIDATE source=PWClenchC destination=APRS packet=PWClenchC>APRS,TCPIP*,qAC,GLIDERN3:>120152h v20260707 OGN-R/PilotAware
CANDIDATE source=PWMataro destination=OGNSDR packet=PWMataro>OGNSDR,TCPIP*,qAC,GLIDERN2:/115731h4132.41NI00226.85E&/A=000253
CANDIDATE source=PWMataro destination=APRS packet=PWMataro>APRS,TCPIP*,qAC,GLIDERN2:>120153h v20260707 OGN-R/PilotAware
CANDIDATE source=PWLERM2 destination=OGNSDR packet=PWLERM2>OGNSDR,TCPIP*,qAC,GLIDERN3:>120102h v0.3.2.ARM CPU:1.1 RAM:463.0/971.1MB NTP:1.0ms/+1.5ppm +56.2C EGM96:+53m 0/0Acfts[1h] RF:+0-0.2ppm/-1.05dB
CANDIDATE source=PWLERM2 destination=APRS packet=PWLERM2>APRS,TCPIP*,qAC,GLIDERN3:>120153h v20260707 OGN-R/PilotAware
CANDIDATE source=PWENNO destination=OGNSDR packet=PWENNO>OGNSDR,TCPIP*,qAC,GLIDERN2:>120032h v0.3.2.ARM CPU:2.6 RAM:394.5/971.1MB NTP:0.4ms/+9.7ppm +51.9C EGM96:+42m 0/0Acfts[1h] RF:+49-0.3ppm/+3.98dB
CANDIDATE source=PWENNO destination=APRS packet=PWENNO>APRS,TCPIP*,qAC,GLIDERN2:>120155h v20260707 OGN-R/PilotAware
CANDIDATE source=PWEDMY destination=OGNSDR packet=PWEDMY>OGNSDR,TCPIP*,qAC,GLIDERN2:>120059h v0.3.2.ARM CPU:4.3 RAM:402.1/971.1MB NTP:3.1ms/+1.7ppm +53.0C EGM96:+45m 0/0Acfts[1h] RF:+36-2.1ppm/+25.97dB
CANDIDATE source=PWEDMY destination=APRS packet=PWEDMY>APRS,TCPIP*,qAC,GLIDERN2:>120156h v20260707 OGN-R/PilotAware
CANDIDATE source=PWUKBVT destination=OGNSDR packet=PWUKBVT>OGNSDR,TCPIP*,qAC,GLIDERN2:/120044h5042.75NI00213.12W&/A=000223
CANDIDATE source=PWUKBVT destination=APRS packet=PWUKBVT>APRS,TCPIP*,qAC,GLIDERN2:>120158h v20260707 OGN-R/PilotAware
SERVER # aprsc 2.1.20-gf.5-g0178a1b 16 Sep 2026 12:01:59 GMT GLIDERN3 85.188.1.173:14580
CANDIDATE source=PWGtAyton destination=OGNSDR packet=PWGtAyton>OGNSDR,TCPIP*,qAC,GLIDERN3:>120113h v0.3.2.ARM CPU:2.7 RAM:438.0/971.1MB NTP:1.8ms/-3.9ppm +59.5C EGM96:+49m 0/0Acfts[1h] RF:+42-3.2ppm/+1.94dB
CANDIDATE source=PWGtAyton destination=APRS packet=PWGtAyton>APRS,TCPIP*,qAC,GLIDERN3:>120202h v20260707 OGN-R/PilotAware
CANDIDATE source=PWMossedg destination=OGNSDR packet=PWMossedg>OGNSDR,TCPIP*,qAC,GLIDERN3:>115900h v0.3.2.ARM CPU:1.8 RAM:319.9/971.1MB NTP:3.0ms/-8.3ppm +75.2C EGM96:+52m 0/0Acfts[1h] RF:-1-0.2ppm/-1.55dB/+5.0dB@10km[24]/+7.9dB@10km[1/2]
STATS seconds=809 packets=1759 server_comments=42 matching_sources=1759 parsed_receiver_packets=885 top_destinations=[OGNSDR:885, APRS:874]
CANDIDATE source=PWMossedg destination=APRS packet=PWMossedg>APRS,TCPIP*,qAC,GLIDERN3:>120208h v20260707 OGN-R/PilotAware
CANDIDATE source=PWOXNHOPE destination=OGNSDR packet=PWOXNHOPE>OGNSDR,TCPIP*,qAC,GLIDERN1:/120026h5348.77NI00155.84W&/A=001148
CANDIDATE source=PWOXNHOPE destination=APRS packet=PWOXNHOPE>APRS,TCPIP*,qAC,GLIDERN1:>120216h v20260707 OGN-R/PilotAware
CANDIDATE source=PWUKNHL destination=OGNSDR packet=PWUKNHL>OGNSDR,TCPIP*,qAC,GLIDERN3:>120039h v0.3.2.ARM CPU:5.3 RAM:340.1/971.1MB NTP:1.5ms/+4.3ppm +59.5C EGM96:+51m 5/5Acfts[1h] Lat:2.1s RF:+78+3.0ppm/+0.51dB/+4.7dB@10km[7243]/+13.5dB@10km[3/6]
CANDIDATE source=PWUKNHL destination=APRS packet=PWUKNHL>APRS,TCPIP*,qAC,GLIDERN3:>120218h v20260707 OGN-R/PilotAware
SERVER # aprsc 2.1.20-gf.5-g0178a1b 16 Sep 2026 12:02:19 GMT GLIDERN3 85.188.1.173:14580
CANDIDATE source=PWBalerno destination=OGNSDR packet=PWBalerno>OGNSDR,TCPIP*,qAC,GLIDERN1:>120036h v0.3.2.ARM CPU:2.8 RAM:359.2/971.1MB NTP:3.3ms/+3.0ppm +51.4C EGM96:+53m 0/0Acfts[1h] RF:+0-0.1ppm/+0.98dB
CANDIDATE source=PWBalerno destination=APRS packet=PWBalerno>APRS,TCPIP*,qAC,GLIDERN1:>120220h v20260707 OGN-R/PilotAware
CANDIDATE source=PWSSHouse destination=OGNSDR packet=PWSSHouse>OGNSDR,TCPIP*,qAC,GLIDERN3:>115859h v0.3.2.ARM CPU:2.8 RAM:277.9/971.1MB NTP:0.4ms/-7.0ppm +74.1C EGM96:+47m 0/0Acfts[1h] RF:+85+2.5ppm/+6.01dB
CANDIDATE source=PWSSHouse destination=APRS packet=PWSSHouse>APRS,TCPIP*,qAC,GLIDERN3:>120221h v20260707 OGN-R/PilotAware
CANDIDATE source=PWBuchhol destination=OGNSDR packet=PWBuchhol>OGNSDR,TCPIP*,qAC,GLIDERN1:/120128h5319.75NI00951.35E&/A=000243
CANDIDATE source=PWBuchhol destination=APRS packet=PWBuchhol>APRS,TCPIP*,qAC,GLIDERN1:>120225h v20260707 OGN-R/PilotAware
CANDIDATE source=PWCromer destination=OGNSDR packet=PWCromer>OGNSDR,TCPIP*,qAC,GLIDERN2:/120208h5253.46NI00119.04E&/A=000220
CANDIDATE source=PWCromer destination=APRS packet=PWCromer>APRS,TCPIP*,qAC,GLIDERN2:>120228h v20260707 OGN-R/PilotAware
CANDIDATE source=PWEGBG destination=OGNSDR packet=PWEGBG>OGNSDR,TCPIP*,qAC,GLIDERN1:/120206h5236.37NI00102.07W&/A=000512
CANDIDATE source=PWEGBG destination=APRS packet=PWEGBG>APRS,TCPIP*,qAC,GLIDERN1:>120230h v20260707 OGN-R/PilotAware
CANDIDATE source=PWEGTK destination=OGNSDR packet=PWEGTK>OGNSDR,TCPIP*,qAC,GLIDERN2:/115903h5149.97NI00118.95W&/A=000256
CANDIDATE source=PWEGTK destination=APRS packet=PWEGTK>APRS,TCPIP*,qAC,GLIDERN2:>120236h v20260707 OGN-R/PilotAware
CANDIDATE source=PWJONLEAM destination=OGNSDR packet=PWJONLEAM>OGNSDR,TCPIP*,qAC,GLIDERN1:/120146h5218.62NI00130.81W&/A=000348
CANDIDATE source=PWJONLEAM destination=APRS packet=PWJONLEAM>APRS,TCPIP*,qAC,GLIDERN1:>120236h v20260707 OGN-R/PilotAware
SERVER # aprsc 2.1.20-gf.5-g0178a1b 16 Sep 2026 12:02:39 GMT GLIDERN3 85.188.1.173:14580
STATS seconds=840 packets=1778 server_comments=44 matching_sources=1778 parsed_receiver_packets=894 top_destinations=[OGNSDR:894, APRS:884]
CANDIDATE source=PWSelsey destination=OGNSDR packet=PWSelsey>OGNSDR,TCPIP*,qAC,GLIDERN3:/120159h5044.88NI00046.18W&/A=000023
CANDIDATE source=PWSelsey destination=APRS packet=PWSelsey>APRS,TCPIP*,qAC,GLIDERN3:>120242h v20260707 OGN-R/PilotAware
CANDIDATE source=PWHusBos destination=OGNSDR packet=PWHusBos>OGNSDR,TCPIP*,qAC,GLIDERN2:/115909h5226.44NI00102.85W&/A=000518
CANDIDATE source=PWHusBos destination=APRS packet=PWHusBos>APRS,TCPIP*,qAC,GLIDERN2:>120242h v20260707 OGN-R/PilotAware
CANDIDATE source=PWBath2 destination=OGNSDR packet=PWBath2>OGNSDR,TCPIP*,qAC,GLIDERN2:/120224h5123.58NI00222.09W&/A=000128
CANDIDATE source=PWBath2 destination=APRS packet=PWBath2>APRS,TCPIP*,qAC,GLIDERN2:>120244h v20260707 OGN-R/PilotAware
CANDIDATE source=PWASFG destination=OGNSDR packet=PWASFG>OGNSDR,TCPIP*,qAC,GLIDERN2:>120137h v0.3.2.ARM CPU:0.7 RAM:462.0/971.1MB NTP:4.5ms/-7.3ppm +51.5C EGM96:+40m 0/0Acfts[1h] RF:+0-0.9ppm/-1.25dB/+14.6dB@10km[1249]/+14.9dB@10km[2/4]
CANDIDATE source=PWASFG destination=APRS packet=PWASFG>APRS,TCPIP*,qAC,GLIDERN2:>120245h v20260707 OGN-R/PilotAware
CANDIDATE source=PWBalado destination=OGNSDR packet=PWBalado>OGNSDR,TCPIP*,qAC,GLIDERN1:/115935h5613.01NI00327.46W&/A=000443
CANDIDATE source=PWBalado destination=APRS packet=PWBalado>APRS,TCPIP*,qAC,GLIDERN1:>120249h v20260707 OGN-R/PilotAware
CANDIDATE source=PWNKRock destination=OGNSDR packet=PWNKRock>OGNSDR,TCPIP*,qAC,GLIDERN3:>115845h v0.3.2.ARM CPU:4.2 RAM:309.4/971.1MB NTP:0.1ms/+0.4ppm +46.5C EGM96:+44m 5/5Acfts[1h] Lat:2.3s RF:+0+0.3ppm/+6.38dB/+16.0dB@10km[654]/+20.2dB@10km[3/6]
CANDIDATE source=PWNKRock destination=APRS packet=PWNKRock>APRS,TCPIP*,qAC,GLIDERN3:>120251h v20260707 OGN-R/PilotAware
CANDIDATE source=PWPalmers destination=OGNSDR packet=PWPalmers>OGNSDR,TCPIP*,qAC,GLIDERN3:>120107h v0.3.2.ARM CPU:6.4 RAM:395.2/971.1MB NTP:0.4ms/-4.3ppm +64.8C EGM96:+45m 17/17Acfts[1h] Lat:2.0s RF:+0+0.1ppm/-1.63dB/+9.1dB@10km[9541]/+11.7dB@10km[9/17]
CANDIDATE source=PWPalmers destination=APRS packet=PWPalmers>APRS,TCPIP*,qAC,GLIDERN3:>120252h v20260707 OGN-R/PilotAware
CANDIDATE source=PWUKLLE destination=OGNSDR packet=PWUKLLE>OGNSDR,TCPIP*,qAC,GLIDERN2:>115800h v0.3.2.ARM CPU:4.4 RAM:483.9/971.1MB NTP:1.2ms/+1.9ppm +56.2C EGM96:+54m 3/3Acfts[1h] Lat:1.7s RF:+0+0.0ppm/-1.90dB/+15.6dB@10km[576]/+15.6dB@10km[1/1]
CANDIDATE source=PWUKLLE destination=APRS packet=PWUKLLE>APRS,TCPIP*,qAC,GLIDERN2:>120253h v20260707 OGN-R/PilotAware
CANDIDATE source=PWCambrid destination=OGNSDR packet=PWCambrid>OGNSDR,TCPIP*,qAC,GLIDERN2:/120116h5212.73NI00007.80E&/A=000033
CANDIDATE source=PWCambrid destination=APRS packet=PWCambrid>APRS,TCPIP*,qAC,GLIDERN2:>120253h v20260707 OGN-R/PilotAware
CANDIDATE source=PWMunypot destination=OGNSDR packet=PWMunypot>OGNSDR,TCPIP*,qAC,GLIDERN3:/115255h5222.05NI00100.31E&/A=000131
CANDIDATE source=PWMunypot destination=APRS packet=PWMunypot>APRS,TCPIP*,qAC,GLIDERN3:>120257h v20260707 OGN-R/PilotAware
CANDIDATE source=PWHeli001 destination=OGNSDR packet=PWHeli001>OGNSDR,TCPIP*,qAC,GLIDERN3:>120147h v0.3.2.ARM CPU:1.4 RAM:351.0/971.1MB NTP:1.5ms/-8.2ppm +59.1C EGM96:+50m 1/1Acfts[1h] RF:-2-1.6ppm/-1.17dB/+20.2dB@10km[97]/+20.2dB@10km[1/1]
CANDIDATE source=PWHeli001 destination=APRS packet=PWHeli001>APRS,TCPIP*,qAC,GLIDERN3:>120257h v20260707 OGN-R/PilotAware
CANDIDATE source=PWFlyNQY destination=OGNSDR packet=PWFlyNQY>OGNSDR,TCPIP*,qAC,GLIDERN1:>120126h v0.3.2.ARM CPU:2.4 RAM:464.1/971.1MB NTP:0.3ms/-7.2ppm +60.1C EGM96:+53m 0/0Acfts[1h] RF:+0-0.4ppm/-1.51dB
CANDIDATE source=PWFlyNQY destination=APRS packet=PWFlyNQY>APRS,TCPIP*,qAC,GLIDERN1:>120258h v20260707 OGN-R/PilotAware
SERVER # aprsc 2.1.20-gf.5-g0178a1b 16 Sep 2026 12:02:59 GMT GLIDERN3 85.188.1.173:14580
CANDIDATE source=PWParkmil destination=OGNSDR packet=PWParkmil>OGNSDR,TCPIP*,qAC,GLIDERN3:/115909h5134.88NI00405.94W&/A=000164
CANDIDATE source=PWParkmil destination=APRS packet=PWParkmil>APRS,TCPIP*,qAC,GLIDERN3:>120302h v20260707 OGN-R/PilotAware
CANDIDATE source=PWMiltnKy destination=OGNSDR packet=PWMiltnKy>OGNSDR,TCPIP*,qAC,GLIDERN1:>120129h v0.3.2.ARM CPU:2.4 RAM:344.7/971.1MB NTP:2.3ms/-6.0ppm +58.0C EGM96:+47m 2/2Acfts[1h] RF:-2+18.0ppm/+0.39dB/+12.1dB@10km[91]/+12.8dB@10km[2/3]
CANDIDATE source=PWTowardP destination=OGNSDR packet=PWTowardP>OGNSDR,TCPIP*,qAC,GLIDERN3:>120256h v0.3.2.ARM CPU:1.2 RAM:402.2/971.1MB NTP:1.2ms/-8.5ppm +53.7C EGM96:+55m 0/0Acfts[1h] RF:+0-0.4ppm/-1.90dB
CANDIDATE source=PWTowardP destination=APRS packet=PWTowardP>APRS,TCPIP*,qAC,GLIDERN3:>120308h v20260707 OGN-R/PilotAware
CANDIDATE source=PWMiltnKy destination=APRS packet=PWMiltnKy>APRS,TCPIP*,qAC,GLIDERN1:>120308h v20260707 OGN-R/PilotAware
CANDIDATE source=PWBRENTOR destination=OGNSDR packet=PWBRENTOR>OGNSDR,TCPIP*,qAC,GLIDERN2:/120220h5035.53NI00409.13W&/A=000847
CANDIDATE source=PWBRENTOR destination=APRS packet=PWBRENTOR>APRS,TCPIP*,qAC,GLIDERN2:>120308h v20260707 OGN-R/PilotAware
CANDIDATE source=PWEGLK destination=OGNSDR packet=PWEGLK>OGNSDR,TCPIP*,qAC,GLIDERN2:/115800h5119.36NI00050.44W&/A=000345
STATS seconds=872 packets=1811 server_comments=45 matching_sources=1811 parsed_receiver_packets=911 top_destinations=[OGNSDR:911, APRS:900]
CANDIDATE source=PWEGLK destination=APRS packet=PWEGLK>APRS,TCPIP*,qAC,GLIDERN2:>120312h v20260707 OGN-R/PilotAware
CANDIDATE source=PWRMS02 destination=OGNSDR packet=PWRMS02>OGNSDR,TCPIP*,qAC,GLIDERN3:/115938h4926.40NI00732.28E&/A=000971
CANDIDATE source=PWRMS02 destination=APRS packet=PWRMS02>APRS,TCPIP*,qAC,GLIDERN3:>120314h v20260707 OGN-R/PilotAware
CANDIDATE source=PWUKCHP destination=OGNSDR packet=PWUKCHP>OGNSDR,TCPIP*,qAC,GLIDERN3:>115851h v0.3.2.ARM CPU:3.3 RAM:430.1/971.1MB NTP:0.2ms/+1.4ppm +60.0C EGM96:+52m 4/4Acfts[1h] RF:+34+3.1ppm/-0.31dB/+18.8dB@10km[2641]/+19.2dB@10km[4/7]
CANDIDATE source=PWUKCHP destination=APRS packet=PWUKCHP>APRS,TCPIP*,qAC,GLIDERN3:>120314h v20260707 OGN-R/PilotAware
CANDIDATE source=PWOlvestn destination=OGNSDR packet=PWOlvestn>OGNSDR,TCPIP*,qAC,GLIDERN1:>120151h v0.3.2.ARM CPU:2.5 RAM:420.1/971.1MB NTP:0.2ms/+1.2ppm +60.0C EGM96:+50m 3/3Acfts[1h] Lat:1.7s RF:+22+1.4ppm/-1.93dB/+14.6dB@10km[375]/+20.3dB@10km[3/5]
CANDIDATE source=PWOlvestn destination=APRS packet=PWOlvestn>APRS,TCPIP*,qAC,GLIDERN1:>120315h v20260707 OGN-R/PilotAware
CANDIDATE source=PWFOCA1 destination=OGNSDR packet=PWFOCA1>OGNSDR,TCPIP*,qAC,GLIDERN2:/120145h4653.94NI00728.08E&/A=002723
CANDIDATE source=PWFOCA1 destination=APRS packet=PWFOCA1>APRS,TCPIP*,qAC,GLIDERN2:>120317h v20260707 OGN-R/PilotAware
CANDIDATE source=PWLanghec destination=OGNSDR packet=PWLanghec>OGNSDR,TCPIP*,qAC,GLIDERN1:>115922h v0.3.2.ARM CPU:3.3 RAM:337.5/971.1MB NTP:0.2ms/+1.8ppm +56.8C EGM96:+48m 1/1Acfts[1h] Lat:1.7s RF:-1-1.2ppm/-1.46dB/+8.4dB@10km[348]/+13.3dB@10km[3/5]
CANDIDATE source=PWLanghec destination=APRS packet=PWLanghec>APRS,TCPIP*,qAC,GLIDERN1:>120317h v20260707 OGN-R/PilotAware
SERVER # aprsc 2.1.20-gf.5-g0178a1b 16 Sep 2026 12:03:19 GMT GLIDERN3 85.188.1.173:14580
CANDIDATE source=PWOxford destination=OGNSDR packet=PWOxford>OGNSDR,TCPIP*,qAC,GLIDERN2:>120235h v0.3.2.ARM CPU:1.5 RAM:327.5/971.1MB NTP:0.2ms/-5.5ppm +64.5C EGM96:+48m 1/1Acfts[1h] RF:+51+1.4ppm/-0.41dB/+15.9dB@10km[1213]/+19.7dB@10km[2/4]
CANDIDATE source=PWOxford destination=APRS packet=PWOxford>APRS,TCPIP*,qAC,GLIDERN2:>120323h v20260707 OGN-R/PilotAware
CANDIDATE source=PWNEUWIED destination=OGNSDR packet=PWNEUWIED>OGNSDR,TCPIP*,qAC,GLIDERN3:>120137h v0.3.2.ARM CPU:3.3 RAM:394.2/971.1MB NTP:0.7ms/-5.3ppm +77.4C EGM96:+48m 3/4Acfts[1h] RF:+0-0.3ppm/+12.15dB/+16.1dB@10km[6687]/+18.7dB@10km[6/12]
CANDIDATE source=PWNEUWIED destination=APRS packet=PWNEUWIED>APRS,TCPIP*,qAC,GLIDERN3:>120324h v20260707 OGN-R/PilotAware
CANDIDATE source=PWUKEdge destination=OGNSDR packet=PWUKEdge>OGNSDR,TCPIP*,qAC,GLIDERN3:>115859h v0.3.2.ARM CPU:3.0 RAM:261.7/971.1MB NTP:0.1ms/-3.9ppm +54.2C EGM96:+49m 5/5Acfts[1h] RF:-2-2.3ppm/-0.86dB/+18.1dB@10km[1106]/+23.5dB@10km[7/13]
CANDIDATE source=PWUKEdge destination=APRS packet=PWUKEdge>APRS,TCPIP*,qAC,GLIDERN3:>120327h v20260707 OGN-R/PilotAware
CANDIDATE source=PWUKRUF destination=OGNSDR packet=PWUKRUF>OGNSDR,TCPIP*,qAC,GLIDERN3:/115900h5356.58NI00111.32W&/A=000079
CANDIDATE source=PWUKRUF destination=APRS packet=PWUKRUF>APRS,TCPIP*,qAC,GLIDERN3:>120331h v20260707 OGN-R/PilotAware
CANDIDATE source=PWWeasel1 destination=OGNSDR packet=PWWeasel1>OGNSDR,TCPIP*,qAC,GLIDERN2:>120321h v0.3.2.ARM CPU:3.2 RAM:389.2/971.1MB NTP:2.0ms/-5.3ppm +58.4C EGM96:+46m 0/0Acfts[1h] RF:+0+0.1ppm/-1.36dB
CANDIDATE source=PWWeasel1 destination=APRS packet=PWWeasel1>APRS,TCPIP*,qAC,GLIDERN2:>120332h v20260707 OGN-R/PilotAware
CANDIDATE source=PWEHLE destination=OGNSDR packet=PWEHLE>OGNSDR,TCPIP*,qAC,GLIDERN3:>120318h v0.3.2.ARM CPU:4.9 RAM:442.8/971.1MB NTP:8.4ms/-1.2ppm +66.6C EGM96:+43m 3/3Acfts[1h] RF:-18+67.9ppm/-1.24dB/+17.8dB@10km[722]/+20.2dB@10km[2/4]
CANDIDATE source=PWEHLE destination=APRS packet=PWEHLE>APRS,TCPIP*,qAC,GLIDERN3:>120336h v20260707 OGN-R/PilotAware
CANDIDATE source=PWHORNSEA destination=OGNSDR packet=PWHORNSEA>OGNSDR,TCPIP*,qAC,GLIDERN1:/120337h5353.72NI00009.92W&/A=000033
CANDIDATE source=PWHORNSEA destination=OGNSDR packet=PWHORNSEA>OGNSDR,TCPIP*,qAC,GLIDERN1:>120337h v0.3.2.RPI-GPU CPU:1.6 RAM:128.7/449.1MB NTP:1.5ms/-1.1ppm +46.2C EGM96:+46m 0/0Acfts[1h] RF:+60+0.0ppm/+4.05dB
CANDIDATE source=PWUKUSK destination=OGNSDR packet=PWUKUSK>OGNSDR,TCPIP*,qAC,GLIDERN1:>120105h v0.3.2.ARM CPU:7.4 RAM:365.8/971.1MB NTP:1.2ms/+4.3ppm +54.1C EGM96:+51m 2/2Acfts[1h] Lat:2.1s RF:+0-0.3ppm/-2.00dB/+12.2dB@10km[2503]/+12.4dB@10km[1/2]
CANDIDATE source=PWUKUSK destination=APRS packet=PWUKUSK>APRS,TCPIP*,qAC,GLIDERN1:>120338h v20260707 OGN-R/PilotAware
SERVER # aprsc 2.1.20-gf.5-g0178a1b 16 Sep 2026 12:03:39 GMT GLIDERN3 85.188.1.173:14580
CANDIDATE source=PWlsvpbg destination=OGNSDR packet=PWlsvpbg>OGNSDR,TCPIP*,qAC,GLIDERN3:>120200h v0.3.2.ARM CPU:5.3 RAM:352.6/971.1MB NTP:2.5ms/-5.6ppm +59.5C EGM96:+41m 0/0Acfts[1h] RF:+0-0.9ppm/-0.50dB
CANDIDATE source=PWlsvpbg destination=APRS packet=PWlsvpbg>APRS,TCPIP*,qAC,GLIDERN3:>120339h v20260707 OGN-R/PilotAware
CANDIDATE source=PWNewbigg destination=OGNSDR packet=PWNewbigg>OGNSDR,TCPIP*,qAC,GLIDERN2:/120340h5541.18NI00332.90W&/A=000679
STATS seconds=903 packets=1841 server_comments=47 matching_sources=1841 parsed_receiver_packets=927 top_destinations=[OGNSDR:927, APRS:914]
CANDIDATE source=PWNewbigg destination=APRS packet=PWNewbigg>APRS,TCPIP*,qAC,GLIDERN2:>120342h v20260707 OGN-R/PilotAware
CANDIDATE source=PWBroadmd destination=OGNSDR packet=PWBroadmd>OGNSDR,TCPIP*,qAC,GLIDERN2:>120318h v0.3.2.ARM CPU:4.6 RAM:395.4/971.1MB NTP:0.5ms/+3.7ppm +60.0C EGM96:+51m 1/1Acfts[1h] Lat:1.8s RF:-12+12.1ppm/-2.00dB/+14.6dB@10km[39]/+16.6dB@10km[1/2]
CANDIDATE source=PWBroadmd destination=APRS packet=PWBroadmd>APRS,TCPIP*,qAC,GLIDERN2:>120350h v20260707 OGN-R/PilotAware
CANDIDATE source=PWUKUPW destination=OGNSDR packet=PWUKUPW>OGNSDR,TCPIP*,qAC,GLIDERN1:/120331h5225.92NI00008.82W&/A=000082
CANDIDATE source=PWUKUPW destination=APRS packet=PWUKUPW>APRS,TCPIP*,qAC,GLIDERN1:>120351h v20260707 OGN-R/PilotAware
CANDIDATE source=PWEGNO destination=OGNSDR packet=PWEGNO>OGNSDR,TCPIP*,qAC,GLIDERN3:>120102h v0.3.2.ARM CPU:3.0 RAM:319.5/971.1MB NTP:1.3ms/-3.5ppm +79.5C EGM96:+52m 6/6Acfts[1h] RF:+0-0.8ppm/+0.64dB/+15.7dB@10km[9460]/+17.4dB@10km[4/8]
CANDIDATE source=PWEGNO destination=APRS packet=PWEGNO>APRS,TCPIP*,qAC,GLIDERN3:>120355h v20260707 OGN-R/PilotAware
CANDIDATE source=PWHohestr destination=OGNSDR packet=PWHohestr>OGNSDR,TCPIP*,qAC,GLIDERN2:/115847h5048.95NI01041.72E&/A=001378
CANDIDATE source=PWHohestr destination=APRS packet=PWHohestr>APRS,TCPIP*,qAC,GLIDERN2:>120358h v20260707 OGN-R/PilotAware
SERVER # aprsc 2.1.20-gf.5-g0178a1b 16 Sep 2026 12:03:59 GMT GLIDERN3 85.188.1.173:14580
CANDIDATE source=Pwick destination=OGNSDR packet=Pwick>OGNSDR,TCPIP*,qAC,GLIDERN2:>120400h v0.3.2.ARM CPU:2.7 RAM:383.2/971.1MB NTP:0.7ms/-0.4ppm +66.1C EGM96:+55m 0/0Acfts[1h] RF:-1-0.0ppm/-1.35dB
CANDIDATE source=PWROCHEST destination=OGNSDR packet=PWROCHEST>OGNSDR,TCPIP*,qAC,GLIDERN3:>120143h v0.3.2.ARM CPU:1.1 RAM:342.6/971.1MB NTP:1.2ms/-0.1ppm +62.8C EGM96:+45m 0/0Acfts[1h] RF:+0+50.1ppm/-0.99dB
CANDIDATE source=PWROCHEST destination=APRS packet=PWROCHEST>APRS,TCPIP*,qAC,GLIDERN3:>120403h v20260707 OGN-R/PilotAware
CANDIDATE source=PWNYTHBRN destination=OGNSDR packet=PWNYTHBRN>OGNSDR,TCPIP*,qAC,GLIDERN1:/120246h5230.04NI00305.67W&/A=001204
CANDIDATE source=PWNYTHBRN destination=APRS packet=PWNYTHBRN>APRS,TCPIP*,qAC,GLIDERN1:>120407h v20260707 OGN-R/PilotAware
CANDIDATE source=PWTongelr destination=OGNSDR packet=PWTongelr>OGNSDR,TCPIP*,qAC,GLIDERN2:/120400h5126.48NI00531.35E&/A=000098
CANDIDATE source=PWTongelr destination=APRS packet=PWTongelr>APRS,TCPIP*,qAC,GLIDERN2:>120410h v20260707 OGN-R/PilotAware
CANDIDATE source=PWEDLJ destination=OGNSDR packet=PWEDLJ>OGNSDR,TCPIP*,qAC,GLIDERN1:/032447h5156.28NI00854.13E&/A=000637
STATS seconds=939 packets=1858 server_comments=48 matching_sources=1858 parsed_receiver_packets=936 top_destinations=[OGNSDR:936, APRS:922]
CANDIDATE source=PWEDLJ destination=APRS packet=PWEDLJ>APRS,TCPIP*,qAC,GLIDERN1:>120418h v20260707 OGN-R/PilotAware
SERVER # aprsc 2.1.20-gf.5-g0178a1b 16 Sep 2026 12:04:19 GMT GLIDERN3 85.188.1.173:14580
CANDIDATE source=PWFYFIELD destination=OGNSDR packet=PWFYFIELD>OGNSDR,TCPIP*,qAC,GLIDERN1:>120145h v0.3.2.ARM CPU:1.1 RAM:480.4/971.1MB NTP:0.3ms/-3.1ppm +64.3C EGM96:+46m 0/0Acfts[1h] RF:+0+0.0ppm/-3.28dB
CANDIDATE source=PWFYFIELD destination=APRS packet=PWFYFIELD>APRS,TCPIP*,qAC,GLIDERN1:>120423h v20260707 OGN-R/PilotAware
CANDIDATE source=PWLongSut destination=OGNSDR packet=PWLongSut>OGNSDR,TCPIP*,qAC,GLIDERN2:>120140h v0.3.2.ARM CPU:6.7 RAM:369.0/971.1MB NTP:2.1ms/-3.1ppm +53.0C EGM96:+46m 1/1Acfts[1h] RF:+0-0.1ppm/+0.44dB/+2.5dB@10km[49]/+4.8dB@10km[3/5]
CANDIDATE source=PWLongSut destination=APRS packet=PWLongSut>APRS,TCPIP*,qAC,GLIDERN2:>120423h v20260707 OGN-R/PilotAware
CANDIDATE source=PWLROP1 destination=OGNSDR packet=PWLROP1>OGNSDR,TCPIP*,qAC,GLIDERN3:>120321h v0.3.2.ARM CPU:2.9 RAM:410.9/971.1MB NTP:2.7ms/-8.0ppm +70.9C EGM96:+35m 0/0Acfts[1h] RF:-2-1.1ppm/-2.02dB
CANDIDATE source=PWLROP1 destination=APRS packet=PWLROP1>APRS,TCPIP*,qAC,GLIDERN3:>120425h v20260707 OGN-R/PilotAware
CANDIDATE source=PWCaunton destination=OGNSDR packet=PWCaunton>OGNSDR,TCPIP*,qAC,GLIDERN2:/120322h5307.15NI00053.58W&/A=000187
CANDIDATE source=PWCaunton destination=APRS packet=PWCaunton>APRS,TCPIP*,qAC,GLIDERN2:>120433h v20260707 OGN-R/PilotAware
CANDIDATE source=PWEddsfld destination=OGNSDR packet=PWEddsfld>OGNSDR,TCPIP*,qAC,GLIDERN2:/115946h5407.11NI00027.34W&/A=000610
CANDIDATE source=PWEddsfld destination=APRS packet=PWEddsfld>APRS,TCPIP*,qAC,GLIDERN2:>120433h v20260707 OGN-R/PilotAware
CANDIDATE source=PWUKPOC destination=OGNSDR packet=PWUKPOC>OGNSDR,TCPIP*,qAC,GLIDERN3:>120333h v0.3.2.ARM CPU:3.3 RAM:413.4/971.1MB NTP:0.2ms/-9.6ppm +57.3C EGM96:+48m 25/25Acfts[1h] Lat:1.9s RF:+70-1.6ppm/+2.96dB/+10.6dB@10km[28809]/+18.5dB@10km[14/28]
CANDIDATE source=PWUKPOC destination=APRS packet=PWUKPOC>APRS,TCPIP*,qAC,GLIDERN3:>120436h v20260707 OGN-R/PilotAware
SERVER # aprsc 2.1.20-gf.5-g0178a1b 16 Sep 2026 12:04:39 GMT GLIDERN3 85.188.1.173:14580
CANDIDATE source=PWEGBN destination=OGNSDR packet=PWEGBN>OGNSDR,TCPIP*,qAC,GLIDERN1:/000127h5255.12NI00104.93W&/A=000135
CANDIDATE source=PWEGBN destination=APRS packet=PWEGBN>APRS,TCPIP*,qAC,GLIDERN1:>120440h v20260707 OGN-R/PilotAware
CANDIDATE source=PWBidford destination=OGNSDR packet=PWBidford>OGNSDR,TCPIP*,qAC,GLIDERN3:>120403h v0.3.2.ARM CPU:1.2 RAM:342.8/971.1MB NTP:1.5ms/-3.4ppm +47.6C EGM96:+49m 4/4Acfts[1h] Lat:1.6s RF:+0-0.6ppm/-1.03dB/+8.2dB@10km[1773]/+19.4dB@10km[4/7]
CANDIDATE source=PWBidford destination=APRS packet=PWBidford>APRS,TCPIP*,qAC,GLIDERN3:>120440h v20260707 OGN-R/PilotAware
CANDIDATE source=PWNYMPS destination=OGNSDR packet=PWNYMPS>OGNSDR,TCPIP*,qAC,GLIDERN3:>120429h v0.3.2.ARM CPU:4.5 RAM:371.7/971.1MB NTP:0.3ms/-7.8ppm +42.2C EGM96:+49m 6/8Acfts[1h] Lat:2.4s RF:+0-0.1ppm/+4.97dB/+0.9dB@10km[3912]/+9.1dB@10km[5/9]
CANDIDATE source=PWNYMPS destination=APRS packet=PWNYMPS>APRS,TCPIP*,qAC,GLIDERN3:>120440h v20260707 OGN-R/PilotAware
CANDIDATE source=PWNOWZMA8 destination=OGNSDR packet=PWNOWZMA8>OGNSDR,TCPIP*,qAC,GLIDERN3:/120429h5248.75NI00116.49E&/A=000089
CANDIDATE source=PWNOWZMA8 destination=APRS packet=PWNOWZMA8>APRS,TCPIP*,qAC,GLIDERN3:>120440h v20260707 OGN-R/PilotAware
CANDIDATE source=PWMilson destination=OGNSDR packet=PWMilson>OGNSDR,TCPIP*,qAC,GLIDERN2:>120325h v0.3.2.ARM CPU:2.2 RAM:292.1/971.1MB NTP:1.0ms/-8.4ppm +62.8C EGM96:+51m 0/0Acfts[1h] RF:+0+67.8ppm/-1.80dB
CANDIDATE source=PWMilson destination=APRS packet=PWMilson>APRS,TCPIP*,qAC,GLIDERN2:>120440h v20260707 OGN-R/PilotAware
CANDIDATE source=PWAlyPaly destination=OGNSDR packet=PWAlyPaly>OGNSDR,TCPIP*,qAC,GLIDERN1:/000128h5136.02NI00008.56W&/A=000256
CANDIDATE source=PWAlyPaly destination=APRS packet=PWAlyPaly>APRS,TCPIP*,qAC,GLIDERN1:>120441h v20260707 OGN-R/PilotAware
CANDIDATE source=PWSaltash destination=OGNSDR packet=PWSaltash>OGNSDR,TCPIP*,qAC,GLIDERN1:>120237h v0.3.2.ARM CPU:1.8 RAM:459.0/971.1MB NTP:1.0ms/-0.8ppm +51.9C EGM96:+53m 0/0Acfts[1h] RF:+0-0.2ppm/-0.59dB
CANDIDATE source=PWSaltash destination=APRS packet=PWSaltash>APRS,TCPIP*,qAC,GLIDERN1:>120441h v20260707 OGN-R/PilotAware
CANDIDATE source=PWDK3QA destination=OGNSDR packet=PWDK3QA>OGNSDR,TCPIP*,qAC,GLIDERN3:/000132h4951.75NI00833.86E&/A=000302
CANDIDATE source=PWDK3QA destination=APRS packet=PWDK3QA>APRS,TCPIP*,qAC,GLIDERN3:>120443h v20260707 OGN-R/PilotAware
CANDIDATE source=PWBolthed destination=OGNSDR packet=PWBolthed>OGNSDR,TCPIP*,qAC,GLIDERN1:>120329h v0.3.2.ARM CPU:1.7 RAM:295.7/971.1MB NTP:1.6ms/-7.5ppm +59.6C EGM96:+52m 0/0Acfts[1h] RF:+85+0.0ppm/-1.83dB
CANDIDATE source=PWBolthed destination=APRS packet=PWBolthed>APRS,TCPIP*,qAC,GLIDERN1:>120443h v20260707 OGN-R/PilotAware
CANDIDATE source=PWSptfire destination=OGNSDR packet=PWSptfire>OGNSDR,TCPIP*,qAC,GLIDERN2:/000124h5051.52NI00045.27W&/A=000131
CANDIDATE source=PWSptfire destination=APRS packet=PWSptfire>APRS,TCPIP*,qAC,GLIDERN2:>120444h v20260707 OGN-R/PilotAware
CANDIDATE source=PWBlair destination=OGNSDR packet=PWBlair>OGNSDR,TCPIP*,qAC,GLIDERN2:>120419h v0.3.2.ARM CPU:1.2 RAM:350.9/971.1MB NTP:0.9ms/-2.6ppm +70.9C EGM96:+53m 0/0Acfts[1h] RF:+0-0.3ppm/-2.85dB
CANDIDATE source=PWBlair destination=APRS packet=PWBlair>APRS,TCPIP*,qAC,GLIDERN2:>120447h v20260707 OGN-R/PilotAware
CANDIDATE source=PWBRORA destination=OGNSDR packet=PWBRORA>OGNSDR,TCPIP*,qAC,GLIDERN2:>120335h v0.3.2.ARM CPU:0.8 RAM:447.8/971.1MB NTP:0.6ms/-5.1ppm +49.9C EGM96:+53m 0/0Acfts[1h] RF:-2-2.6ppm/-1.52dB
STATS seconds=970 packets=1894 server_comments=50 matching_sources=1894 parsed_receiver_packets=954 top_destinations=[OGNSDR:954, APRS:940]
CANDIDATE source=PWBRORA destination=APRS packet=PWBRORA>APRS,TCPIP*,qAC,GLIDERN2:>120450h v20260707 OGN-R/PilotAware
CANDIDATE source=PWUKAST destination=OGNSDR packet=PWUKAST>OGNSDR,TCPIP*,qAC,GLIDERN2:>120356h v0.3.2.ARM CPU:1.0 RAM:354.1/971.1MB NTP:0.5ms/-9.4ppm +37.0C EGM96:+49m 11/11Acfts[1h] Lat:1.6s RF:-3-0.4ppm/+0.18dB/+7.4dB@10km[5156]/+22.3dB@10km[7/14]
CANDIDATE source=PWUKAST destination=APRS packet=PWUKAST>APRS,TCPIP*,qAC,GLIDERN2:>120452h v20260707 OGN-R/PilotAware
CANDIDATE source=PWEGHS destination=OGNSDR packet=PWEGHS>OGNSDR,TCPIP*,qAC,GLIDERN2:>120358h v0.3.2.ARM CPU:2.6 RAM:317.8/971.1MB NTP:0.3ms/-3.7ppm +61.8C EGM96:+49m 4/4Acfts[1h] Lat:1.6s RF:-2-1.9ppm/-1.56dB/+4.0dB@10km[564]/+10.0dB@10km[5/9]
CANDIDATE source=PWEGHS destination=APRS packet=PWEGHS>APRS,TCPIP*,qAC,GLIDERN2:>120452h v20260707 OGN-R/PilotAware
CANDIDATE source=PWUKRAT destination=OGNSDR packet=PWUKRAT>OGNSDR,TCPIP*,qAC,GLIDERN1:>120358h v0.3.2.ARM CPU:0.5 RAM:344.5/971.1MB NTP:0.2ms/+22.2ppm +67.1C EGM96:+46m 5/5Acfts[1h] Lat:1.6s RF:+115+0.1ppm/-0.31dB/-2.9dB@10km[686]/+13.9dB@10km[3/6]
CANDIDATE source=PWUKRAT destination=APRS packet=PWUKRAT>APRS,TCPIP*,qAC,GLIDERN1:>120453h v20260707 OGN-R/PilotAware
CANDIDATE source=PWUKBIG destination=OGNSDR packet=PWUKBIG>OGNSDR,TCPIP*,qAC,GLIDERN3:>120359h v0.3.2.ARM CPU:0.9 RAM:355.4/971.1MB NTP:1.9ms/-4.7ppm +66.6C EGM96:+47m 8/8Acfts[1h] Lat:1.6s RF:+75-0.9ppm/-1.04dB/+11.0dB@10km[4620]/+20.3dB@10km[7/14]
CANDIDATE source=PWUKBIG destination=APRS packet=PWUKBIG>APRS,TCPIP*,qAC,GLIDERN3:>120454h v20260707 OGN-R/PilotAware
CANDIDATE source=PWEKilbri destination=OGNSDR packet=PWEKilbri>OGNSDR,TCPIP*,qAC,GLIDERN3:>120358h v0.3.2.ARM CPU:1.3 RAM:366.5/971.1MB NTP:1.0ms/+0.2ppm +64.5C EGM96:+54m 0/0Acfts[1h] RF:+19+2.4ppm/+2.00dB
CANDIDATE source=PWEKilbri destination=APRS packet=PWEKilbri>APRS,TCPIP*,qAC,GLIDERN3:>120454h v20260707 OGN-R/PilotAware
CANDIDATE source=PWOlney destination=OGNSDR packet=PWOlney>OGNSDR,TCPIP*,qAC,GLIDERN1:/000138h5209.45NI00041.81W&/A=000194
CANDIDATE source=PWOlney destination=APRS packet=PWOlney>APRS,TCPIP*,qAC,GLIDERN1:>120455h v20260707 OGN-R/PilotAware
CANDIDATE source=PWSuttonB destination=OGNSDR packet=PWSuttonB>OGNSDR,TCPIP*,qAC,GLIDERN3:>120357h v0.3.2.ARM CPU:1.2 RAM:368.1/971.1MB NTP:0.7ms/-6.3ppm +59.6C EGM96:+49m 27/27Acfts[1h] Lat:2.0s RF:+53+6.9ppm/-0.33dB/+13.3dB@10km[24897]/+17.7dB@10km[14/28]
CANDIDATE source=PWSuttonB destination=APRS packet=PWSuttonB>APRS,TCPIP*,qAC,GLIDERN3:>120455h v20260707 OGN-R/PilotAware
CANDIDATE source=PWLL402 destination=OGNSDR packet=PWLL402>OGNSDR,TCPIP*,qAC,GLIDERN1:>120356h v0.3.2.ARM CPU:0.4 RAM:367.9/971.1MB NTP:0.4ms/-5.2ppm +54.8C EGM96:+54m 0/0Acfts[1h] RF:+0+0.0ppm/-1.45dB
CANDIDATE source=PWLL402 destination=APRS packet=PWLL402>APRS,TCPIP*,qAC,GLIDERN1:>120455h v20260707 OGN-R/PilotAware
CANDIDATE source=PWSolway destination=OGNSDR packet=PWSolway>OGNSDR,TCPIP*,qAC,GLIDERN2:>120400h v0.3.2.ARM CPU:1.4 RAM:370.2/971.1MB NTP:0.7ms/-6.3ppm +69.3C EGM96:+53m 1/1Acfts[1h] RF:+31+0.3ppm/-1.77dB/+4.6dB@10km[153]/+4.6dB@10km[1/1]
CANDIDATE source=PWSolway destination=APRS packet=PWSolway>APRS,TCPIP*,qAC,GLIDERN2:>120455h v20260707 OGN-R/PilotAware
CANDIDATE source=PWBWADE1 destination=OGNSDR packet=PWBWADE1>OGNSDR,TCPIP*,qAC,GLIDERN3:>120356h v0.3.2.ARM CPU:0.8 RAM:336.3/971.1MB NTP:0.4ms/-7.0ppm +62.3C EGM96:+47m 0/0Acfts[1h] RF:+0+70.3ppm/-1.17dB
CANDIDATE source=PWBWADE1 destination=APRS packet=PWBWADE1>APRS,TCPIP*,qAC,GLIDERN3:>120456h v20260707 OGN-R/PilotAware
CANDIDATE source=PWEryri destination=OGNSDR packet=PWEryri>OGNSDR,TCPIP*,qAC,GLIDERN2:>120357h v0.3.2.ARM CPU:2.6 RAM:328.7/971.1MB NTP:1.1ms/-6.4ppm +59.6C EGM96:+54m 1/1Acfts[1h] Lat:1.5s RF:+0+0.0ppm/+1.85dB/+11.7dB@10km[263]/+14.5dB@10km[1/2]
CANDIDATE source=PWEryri destination=APRS packet=PWEryri>APRS,TCPIP*,qAC,GLIDERN2:>120455h v20260707 OGN-R/PilotAware
CANDIDATE source=PWUKSAN destination=OGNSDR packet=PWUKSAN>OGNSDR,TCPIP*,qAC,GLIDERN1:>120355h v0.3.2.ARM CPU:3.0 RAM:344.1/968.2MB NTP:0.9ms/-1.0ppm +65.5C EGM96:+48m 9/9Acfts[1h] Lat:1.7s RF:-1+0.6ppm/-1.79dB/+21.5dB@10km[5017]/+24.1dB@10km[9/18]
CANDIDATE source=PWUKSAN destination=APRS packet=PWUKSAN>APRS,TCPIP*,qAC,GLIDERN1:>120456h v20260707 OGN-R/PilotAware
CANDIDATE source=PWEGBD destination=OGNSDR packet=PWEGBD>OGNSDR,TCPIP*,qAC,GLIDERN1:>120359h v0.3.2.ARM CPU:2.6 RAM:298.9/971.1MB NTP:0.2ms/-9.6ppm +77.4C EGM96:+50m 0/0Acfts[1h] RF:+0-0.1ppm/-1.67dB/+13.0dB@10km[173]/+23.1dB@10km[3/5]
CANDIDATE source=PWEGBD destination=APRS packet=PWEGBD>APRS,TCPIP*,qAC,GLIDERN1:>120456h v20260707 OGN-R/PilotAware
CANDIDATE source=PWEGCB destination=OGNSDR packet=PWEGCB>OGNSDR,TCPIP*,qAC,GLIDERN1:>120400h v0.3.2.ARM CPU:2.6 RAM:319.6/971.1MB NTP:0.4ms/-3.3ppm +73.1C EGM96:+52m 2/2Acfts[1h] RF:-1-0.2ppm/+2.00dB/+10.9dB@10km[389]/+17.7dB@10km[3/6]
CANDIDATE source=PWEGCB destination=APRS packet=PWEGCB>APRS,TCPIP*,qAC,GLIDERN1:>120456h v20260707 OGN-R/PilotAware
CANDIDATE source=PWEGVP destination=OGNSDR packet=PWEGVP>OGNSDR,TCPIP*,qAC,GLIDERN2:/000147h5108.65NI00134.71W&/A=000308
CANDIDATE source=PWEGVP destination=APRS packet=PWEGVP>APRS,TCPIP*,qAC,GLIDERN2:>120456h v20260707 OGN-R/PilotAware
CANDIDATE source=PWEGNH destination=OGNSDR packet=PWEGNH>OGNSDR,TCPIP*,qAC,GLIDERN1:>120359h v0.3.2.ARM CPU:2.7 RAM:338.8/971.1MB NTP:0.2ms/-10.4ppm +61.2C EGM96:+53m 3/3Acfts[1h] RF:-2-1.1ppm/+5.98dB/+11.0dB@10km[676]/+13.8dB@10km[3/6]
CANDIDATE source=PWEGNH destination=APRS packet=PWEGNH>APRS,TCPIP*,qAC,GLIDERN1:>120456h v20260707 OGN-R/PilotAware
CANDIDATE source=PWPAWLime destination=OGNSDR packet=PWPAWLime>OGNSDR,TCPIP*,qAC,GLIDERN2:>120400h v0.3.2.ARM CPU:0.9 RAM:369.9/971.1MB NTP:1.8ms/-2.0ppm +60.1C EGM96:+56m 0/0Acfts[1h] RF:-4+0.4ppm/-1.44dB
CANDIDATE source=PWPAWLime destination=APRS packet=PWPAWLime>APRS,TCPIP*,qAC,GLIDERN2:>120456h v20260707 OGN-R/PilotAware
CANDIDATE source=PWWOG2 destination=OGNSDR packet=PWWOG2>OGNSDR,TCPIP*,qAC,GLIDERN3:>120400h v0.3.2.ARM CPU:2.4 RAM:267.3/971.1MB NTP:0.3ms/-6.5ppm +61.8C EGM96:+48m 5/6Acfts[1h] RF:+0+0.0ppm/+3.10dB/+14.6dB@10km[1284]/+18.5dB@10km[5/9]
CANDIDATE source=PWWOG2 destination=APRS packet=PWWOG2>APRS,TCPIP*,qAC,GLIDERN3:>120457h v20260707 OGN-R/PilotAware
CANDIDATE source=PWNewbury destination=OGNSDR packet=PWNewbury>OGNSDR,TCPIP*,qAC,GLIDERN3:>120358h v0.3.2.ARM CPU:0.7 RAM:362.2/971.1MB NTP:0.4ms/-6.6ppm +61.2C EGM96:+47m 8/8Acfts[1h] Lat:1.5s RF:+36-0.7ppm/+0.15dB/+13.3dB@10km[978]/+13.5dB@10km[7/13]
CANDIDATE source=PWNewbury destination=APRS packet=PWNewbury>APRS,TCPIP*,qAC,GLIDERN3:>120457h v20260707 OGN-R/PilotAware
CANDIDATE source=PWUKNWLD destination=OGNSDR packet=PWUKNWLD>OGNSDR,TCPIP*,qAC,GLIDERN2:>120356h v0.3.2.ARM CPU:1.1 RAM:321.4/971.1MB NTP:0.3ms/-4.2ppm +55.3C EGM96:+46m 0/0Acfts[1h] RF:+0+77.2ppm/-13.76dB
CANDIDATE source=PWUKNWLD destination=APRS packet=PWUKNWLD>APRS,TCPIP*,qAC,GLIDERN2:>120457h v20260707 OGN-R/PilotAware
CANDIDATE source=PWSolhull destination=OGNSDR packet=PWSolhull>OGNSDR,TCPIP*,qAC,GLIDERN2:>120400h v0.3.2.ARM CPU:1.8 RAM:338.4/971.1MB NTP:0.6ms/-3.8ppm +70.9C EGM96:+50m 0/0Acfts[1h] RF:+27+4.8ppm/+4.44dB
CANDIDATE source=PWSolhull destination=APRS packet=PWSolhull>APRS,TCPIP*,qAC,GLIDERN2:>120457h v20260707 OGN-R/PilotAware
CANDIDATE source=PWLedbury destination=OGNSDR packet=PWLedbury>OGNSDR,TCPIP*,qAC,GLIDERN3:>120357h v0.3.2.ARM CPU:0.6 RAM:344.2/971.1MB NTP:0.2ms/-5.1ppm +59.1C EGM96:+50m 0/0Acfts[1h] RF:+0-0.9ppm/-1.70dB/+16.9dB@10km[171]/+16.9dB@10km[1/1]
CANDIDATE source=PWLedbury destination=APRS packet=PWLedbury>APRS,TCPIP*,qAC,GLIDERN3:>120457h v20260707 OGN-R/PilotAware
CANDIDATE source=PWPAWWSTN destination=OGNSDR packet=PWPAWWSTN>OGNSDR,TCPIP*,qAC,GLIDERN1:>120400h v0.3.2.ARM CPU:1.5 RAM:352.3/971.1MB NTP:2.0ms/-8.0ppm +55.8C EGM96:+56m 0/0Acfts[1h] RF:-3-0.4ppm/+3.17dB
CANDIDATE source=PWPAWWSTN destination=APRS packet=PWPAWWSTN>APRS,TCPIP*,qAC,GLIDERN1:>120457h v20260707 OGN-R/PilotAware
CANDIDATE source=PWWorcest destination=OGNSDR packet=PWWorcest>OGNSDR,TCPIP*,qAC,GLIDERN1:>120358h v0.3.2.ARM CPU:1.4 RAM:310.1/971.1MB NTP:0.2ms/-8.1ppm +47.2C EGM96:+50m 2/2Acfts[1h] RF:-2-1.9ppm/-1.21dB/+16.2dB@10km[1866]/+18.0dB@10km[3/5]
CANDIDATE source=PWWorcest destination=APRS packet=PWWorcest>APRS,TCPIP*,qAC,GLIDERN1:>120457h v20260707 OGN-R/PilotAware
CANDIDATE source=PWBSFAir destination=OGNSDR packet=PWBSFAir>OGNSDR,TCPIP*,qAC,GLIDERN3:>120431h v0.3.2.ARM CPU:4.0 RAM:264.9/971.1MB NTP:1.7ms/-3.7ppm +75.2C EGM96:+49m 19/20Acfts[1h] Lat:1.8s RF:-2-1.2ppm/-1.29dB/+18.6dB@10km[23411]/+21.3dB@10km[13/25]
CANDIDATE source=PWBSFAir destination=APRS packet=PWBSFAir>APRS,TCPIP*,qAC,GLIDERN3:>120457h v20260707 OGN-R/PilotAware
CANDIDATE source=PWLSSGGOE destination=OGNSDR packet=PWLSSGGOE>OGNSDR,TCPIP*,qAC,GLIDERN2:>120359h v0.3.2.ARM CPU:0.8 RAM:371.0/971.1MB NTP:0.2ms/-2.1ppm +58.5C EGM96:+46m 0/0Acfts[1h] RF:+1-0.9ppm/+3.32dB/-5.0dB@10km[107]/-0.3dB@10km[2/3]
CANDIDATE source=PWLSSGGOE destination=APRS packet=PWLSSGGOE>APRS,TCPIP*,qAC,GLIDERN2:>120457h v20260707 OGN-R/PilotAware
CANDIDATE source=PWKemble destination=OGNSDR packet=PWKemble>OGNSDR,TCPIP*,qAC,GLIDERN2:>120321h v0.3.2.ARM CPU:5.7 RAM:357.0/971.1MB NTP:0.9ms/-2.8ppm +60.5C EGM96:+49m 6/8Acfts[1h] Lat:10.3s RF:+19+0.1ppm/-1.65dB/+11.2dB@10km[4938]/+17.1dB@10km[6/12]
CANDIDATE source=PWKemble destination=APRS packet=PWKemble>APRS,TCPIP*,qAC,GLIDERN2:>120458h v20260707 OGN-R/PilotAware
CANDIDATE source=PWMorecam destination=OGNSDR packet=PWMorecam>OGNSDR,TCPIP*,qAC,GLIDERN3:>120357h v0.3.2.ARM CPU:1.4 RAM:362.2/971.1MB NTP:0.3ms/-4.7ppm +55.8C EGM96:+53m 0/0Acfts[1h] RF:-1-0.4ppm/-0.34dB/+3.3dB@10km[19]/+4.2dB@10km[1/2]
CANDIDATE source=PWMorecam destination=APRS packet=PWMorecam>APRS,TCPIP*,qAC,GLIDERN3:>120458h v20260707 OGN-R/PilotAware
CANDIDATE source=PWEDDG1 destination=OGNSDR packet=PWEDDG1>OGNSDR,TCPIP*,qAC,GLIDERN3:>120357h v0.3.2.ARM CPU:0.8 RAM:376.1/971.1MB NTP:0.3ms/-3.3ppm +58.0C EGM96:+44m 0/0Acfts[1h] RF:+0+60.3ppm/-1.00dB
CANDIDATE source=PWEDDG1 destination=APRS packet=PWEDDG1>APRS,TCPIP*,qAC,GLIDERN3:>120458h v20260707 OGN-R/PilotAware
CANDIDATE source=PWAlconbu destination=OGNSDR packet=PWAlconbu>OGNSDR,TCPIP*,qAC,GLIDERN2:>120400h v0.3.2.ARM CPU:0.8 RAM:346.4/971.1MB NTP:1.0ms/-4.4ppm +60.1C EGM96:+47m 7/7Acfts[1h] Lat:1.6s RF:+51+0.3ppm/-0.43dB/+14.3dB@10km[5968]/+16.5dB@10km[7/14]
CANDIDATE source=PWAlconbu destination=APRS packet=PWAlconbu>APRS,TCPIP*,qAC,GLIDERN2:>120458h v20260707 OGN-R/PilotAware
CANDIDATE source=PWWrthing destination=OGNSDR packet=PWWrthing>OGNSDR,TCPIP*,qAC,GLIDERN3:>120356h v0.3.2.ARM CPU:2.9 RAM:283.1/971.1MB NTP:1.4ms/-4.5ppm +56.9C EGM96:+45m 5/5Acfts[1h] Lat:1.5s RF:+1-0.8ppm/+4.56dB/+4.7dB@10km[1188]/+5.1dB@10km[5/9]
CANDIDATE source=PWWrthing destination=APRS packet=PWWrthing>APRS,TCPIP*,qAC,GLIDERN3:>120458h v20260707 OGN-R/PilotAware
CANDIDATE source=PWStonyln destination=OGNSDR packet=PWStonyln>OGNSDR,TCPIP*,qAC,GLIDERN3:>120400h v0.3.2.ARM CPU:1.9 RAM:291.9/971.1MB NTP:2.2ms/-12.1ppm +59.1C EGM96:+50m 2/2Acfts[1h] RF:-2-1.6ppm/-1.17dB/+18.8dB@10km[873]/+19.1dB@10km[2/4]
CANDIDATE source=PWStonyln destination=APRS packet=PWStonyln>APRS,TCPIP*,qAC,GLIDERN3:>120458h v20260707 OGN-R/PilotAware
CANDIDATE source=PWBrother destination=OGNSDR packet=PWBrother>OGNSDR,TCPIP*,qAC,GLIDERN2:>120359h v0.3.2.ARM CPU:3.0 RAM:351.1/971.1MB NTP:0.2ms/-5.2ppm +76.3C EGM96:+49m 1/1Acfts[1h] RF:-3-0.5ppm/+0.39dB/+7.6dB@10km[354]/+18.5dB@10km[3/5]
CANDIDATE source=PWBrother destination=APRS packet=PWBrother>APRS,TCPIP*,qAC,GLIDERN2:>120458h v20260707 OGN-R/PilotAware
CANDIDATE source=PWHestBnk destination=OGNSDR packet=PWHestBnk>OGNSDR,TCPIP*,qAC,GLIDERN3:>120400h v0.3.2.ARM CPU:1.8 RAM:323.9/971.1MB NTP:0.5ms/-3.3ppm +60.7C EGM96:+53m 0/0Acfts[1h] RF:-1+0.1ppm/-0.94dB/+7.8dB@10km[245]/+8.0dB@10km[1/2]
CANDIDATE source=PWHestBnk destination=APRS packet=PWHestBnk>APRS,TCPIP*,qAC,GLIDERN3:>120458h v20260707 OGN-R/PilotAware
CANDIDATE source=PWCastle destination=OGNSDR packet=PWCastle>OGNSDR,TCPIP*,qAC,GLIDERN2:>120359h v0.3.2.ARM CPU:2.0 RAM:313.4/971.1MB NTP:0.5ms/-9.5ppm +69.3C EGM96:+46m 0/0Acfts[1h] RF:+0+73.0ppm/+4.92dB
CANDIDATE source=PWCastle destination=APRS packet=PWCastle>APRS,TCPIP*,qAC,GLIDERN2:>120458h v20260707 OGN-R/PilotAware
CANDIDATE source=PWERKRTH1 destination=OGNSDR packet=PWERKRTH1>OGNSDR,TCPIP*,qAC,GLIDERN3:>120417h v0.3.2.ARM CPU:2.9 RAM:315.9/971.1MB NTP:0.5ms/-4.4ppm +79.5C EGM96:+46m 0/0Acfts[1h] RF:-2+0.0ppm/+0.97dB/+12.2dB@10km[163]/+18.9dB@10km[3/5]
CANDIDATE source=PWERKRTH1 destination=APRS packet=PWERKRTH1>APRS,TCPIP*,qAC,GLIDERN3:>120458h v20260707 OGN-R/PilotAware
CANDIDATE source=PWBurn destination=OGNSDR packet=PWBurn>OGNSDR,TCPIP*,qAC,GLIDERN1:>120358h v0.3.2.ARM CPU:2.8 RAM:367.8/971.1MB NTP:1.0ms/-3.7ppm +76.3C EGM96:+48m 5/5Acfts[1h] Lat:1.6s RF:+41+0.0ppm/+3.18dB/+13.4dB@10km[1315]/+19.3dB@10km[5/10]
CANDIDATE source=PWBurn destination=APRS packet=PWBurn>APRS,TCPIP*,qAC,GLIDERN1:>120458h v20260707 OGN-R/PilotAware
CANDIDATE source=PWPudsey destination=OGNSDR packet=PWPudsey>OGNSDR,TCPIP*,qAC,GLIDERN1:>120402h v0.3.2.ARM CPU:2.1 RAM:318.4/971.1MB NTP:1.1ms/-3.3ppm +74.7C EGM96:+50m 1/1Acfts[1h] Lat:1.5s RF:-3-1.2ppm/+6.00dB/+1.9dB@10km[148]/+13.5dB@10km[1/2]
CANDIDATE source=PWPudsey destination=APRS packet=PWPudsey>APRS,TCPIP*,qAC,GLIDERN1:>120458h v20260707 OGN-R/PilotAware
CANDIDATE source=PWOrwell destination=OGNSDR packet=PWOrwell>OGNSDR,TCPIP*,qAC,GLIDERN2:>120359h v0.3.2.ARM CPU:1.1 RAM:331.5/971.1MB NTP:3.9ms/-4.9ppm +53.7C EGM96:+46m 4/4Acfts[1h] Lat:4.8s RF:-1-0.1ppm/+3.64dB/+6.0dB@10km[3126]/+6.7dB@10km[3/5]
CANDIDATE source=PWOrwell destination=APRS packet=PWOrwell>APRS,TCPIP*,qAC,GLIDERN2:>120458h v20260707 OGN-R/PilotAware
CANDIDATE source=PWEHaxted destination=OGNSDR packet=PWEHaxted>OGNSDR,TCPIP*,qAC,GLIDERN2:>120400h v0.3.2.ARM CPU:4.0 RAM:337.4/971.1MB NTP:0.6ms/-4.8ppm +69.3C EGM96:+45m 17/17Acfts[1h] Lat:12.0s RF:-3+0.2ppm/+0.96dB/+15.9dB@10km[2716]/+17.9dB@10km[10/20]
CANDIDATE source=PWEHaxted destination=APRS packet=PWEHaxted>APRS,TCPIP*,qAC,GLIDERN2:>120458h v20260707 OGN-R/PilotAware
CANDIDATE source=PWOverfrm destination=OGNSDR packet=PWOverfrm>OGNSDR,TCPIP*,qAC,GLIDERN3:>120400h v0.3.2.ARM CPU:3.2 RAM:296.1/971.1MB NTP:0.6ms/-5.3ppm +74.1C EGM96:+50m 7/9Acfts[1h] Lat:11.0s RF:-2-0.7ppm/-1.27dB/+17.0dB@10km[3883]/+18.9dB@10km[7/14]
CANDIDATE source=PWOverfrm destination=APRS packet=PWOverfrm>APRS,TCPIP*,qAC,GLIDERN3:>120458h v20260707 OGN-R/PilotAware
CANDIDATE source=PWHADFOLD destination=OGNSDR packet=PWHADFOLD>OGNSDR,TCPIP*,qAC,GLIDERN1:>120359h v0.3.2.ARM CPU:3.0 RAM:262.0/971.1MB NTP:0.3ms/-5.3ppm +62.8C EGM96:+46m 9/9Acfts[1h] Lat:1.5s RF:-2-3.0ppm/-2.23dB/+2.5dB@10km[1452]/+4.7dB@10km[6/12]
CANDIDATE source=PWHADFOLD destination=APRS packet=PWHADFOLD>APRS,TCPIP*,qAC,GLIDERN1:>120458h v20260707 OGN-R/PilotAware
CANDIDATE source=PWEGNW destination=OGNSDR packet=PWEGNW>OGNSDR,TCPIP*,qAC,GLIDERN2:>120359h v0.3.2.ARM CPU:3.5 RAM:355.0/971.1MB NTP:2.1ms/-2.9ppm +78.4C EGM96:+47m 11/11Acfts[1h] Lat:1.9s RF:+0-0.7ppm/-1.15dB/+15.8dB@10km[5958]/+20.7dB@10km[12/23]
CANDIDATE source=PWEGNW destination=APRS packet=PWEGNW>APRS,TCPIP*,qAC,GLIDERN2:>120459h v20260707 OGN-R/PilotAware
CANDIDATE source=PWEGKA destination=OGNSDR packet=PWEGKA>OGNSDR,TCPIP*,qAC,GLIDERN2:>120400h v0.3.2.ARM CPU:3.1 RAM:283.0/971.1MB NTP:0.3ms/-2.1ppm +72.5C EGM96:+45m 5/5Acfts[1h] Lat:1.9s RF:-1-0.6ppm/+0.01dB/-4.2dB@10km[342]/+9.2dB@10km[3/6]
CANDIDATE source=PWEGKA destination=APRS packet=PWEGKA>APRS,TCPIP*,qAC,GLIDERN2:>120459h v20260707 OGN-R/PilotAware
CANDIDATE source=PWEGHN destination=OGNSDR packet=PWEGHN>OGNSDR,TCPIP*,qAC,GLIDERN1:>120359h v0.3.2.ARM CPU:1.6 RAM:386.8/971.1MB NTP:0.7ms/-0.5ppm +74.1C EGM96:+46m 0/0Acfts[1h] RF:+0+0.0ppm/-1.36dB
CANDIDATE source=PWEGHN destination=APRS packet=PWEGHN>APRS,TCPIP*,qAC,GLIDERN1:>120459h v20260707 OGN-R/PilotAware
CANDIDATE source=PWEGHP destination=OGNSDR packet=PWEGHP>OGNSDR,TCPIP*,qAC,GLIDERN3:>120359h v0.3.2.ARM CPU:3.0 RAM:285.9/971.1MB NTP:1.3ms/-5.3ppm +66.6C EGM96:+47m 113/113Acfts[1h] Lat:1.7s RF:-3-0.5ppm/-1.49dB/+12.4dB@10km[15425]/+12.2dB@10km[84/168]
CANDIDATE source=PWEGHP destination=APRS packet=PWEGHP>APRS,TCPIP*,qAC,GLIDERN3:>120459h v20260707 OGN-R/PilotAware
CANDIDATE source=PWEGPS destination=OGNSDR packet=PWEGPS>OGNSDR,TCPIP*,qAC,GLIDERN1:>120401h v0.3.2.ARM CPU:1.1 RAM:378.0/971.1MB NTP:2.6ms/-5.1ppm +56.9C EGM96:+50m 0/0Acfts[1h] RF:-3-0.8ppm/-1.83dB
CANDIDATE source=PWEGPS destination=APRS packet=PWEGPS>APRS,TCPIP*,qAC,GLIDERN1:>120459h v20260707 OGN-R/PilotAware
SERVER # aprsc 2.1.20-gf.5-g0178a1b 16 Sep 2026 12:04:59 GMT GLIDERN3 85.188.1.173:14580
CANDIDATE source=PWBreigh destination=OGNSDR packet=PWBreigh>OGNSDR,TCPIP*,qAC,GLIDERN1:>120358h v0.3.2.ARM CPU:1.8 RAM:372.2/971.1MB NTP:3.1ms/-8.2ppm +59.1C EGM96:+48m 0/0Acfts[1h] RF:+49+0.0ppm/-1.98dB
CANDIDATE source=PWBreigh destination=APRS packet=PWBreigh>APRS,TCPIP*,qAC,GLIDERN1:>120459h v20260707 OGN-R/PilotAware
CANDIDATE source=PWFlthorp destination=OGNSDR packet=PWFlthorp>OGNSDR,TCPIP*,qAC,GLIDERN2:>120359h v0.3.2.ARM CPU:2.9 RAM:320.0/971.1MB NTP:0.3ms/-8.0ppm +63.9C EGM96:+45m 3/3Acfts[1h] Lat:1.6s RF:-1+0.2ppm/-2.25dB/+14.8dB@10km[872]/+15.4dB@10km[3/5]
CANDIDATE source=PWFlthorp destination=APRS packet=PWFlthorp>APRS,TCPIP*,qAC,GLIDERN2:>120459h v20260707 OGN-R/PilotAware
CANDIDATE source=PWWratty destination=OGNSDR packet=PWWratty>OGNSDR,TCPIP*,qAC,GLIDERN2:>120400h v0.3.2.ARM CPU:2.9 RAM:323.6/971.1MB NTP:0.3ms/-7.9ppm +59.1C EGM96:+45m 5/5Acfts[1h] Lat:1.6s RF:+0-0.3ppm/-1.77dB/+11.7dB@10km[1410]/+15.2dB@10km[4/8]
CANDIDATE source=PWWratty destination=APRS packet=PWWratty>APRS,TCPIP*,qAC,GLIDERN2:>120459h v20260707 OGN-R/PilotAware
CANDIDATE source=PWKilkeel destination=OGNSDR packet=PWKilkeel>OGNSDR,TCPIP*,qAC,GLIDERN2:>120359h v0.3.2.ARM CPU:2.0 RAM:334.8/971.1MB NTP:0.4ms/-0.5ppm +63.4C EGM96:+56m 0/0Acfts[1h] RF:-2+1.2ppm/+6.59dB
CANDIDATE source=PWKilkeel destination=APRS packet=PWKilkeel>APRS,TCPIP*,qAC,GLIDERN2:>120500h v20260707 OGN-R/PilotAware
CANDIDATE source=PWDerbyS destination=OGNSDR packet=PWDerbyS>OGNSDR,TCPIP*,qAC,GLIDERN2:>120400h v0.3.2.ARM CPU:2.6 RAM:297.8/971.1MB NTP:0.5ms/-6.5ppm +62.3C EGM96:+50m 0/0Acfts[1h] RF:+0-0.7ppm/-1.76dB/+16.5dB@10km[581]/+22.7dB@10km[6/11]
CANDIDATE source=PWDerbyS destination=APRS packet=PWDerbyS>APRS,TCPIP*,qAC,GLIDERN2:>120500h v20260707 OGN-R/PilotAware
CANDIDATE source=PWRadley destination=OGNSDR packet=PWRadley>OGNSDR,TCPIP*,qAC,GLIDERN2:>120401h v0.3.2.ARM CPU:2.6 RAM:275.0/971.1MB NTP:0.2ms/-0.8ppm +69.8C EGM96:+48m 0/0Acfts[1h] RF:-1+0.4ppm/-1.40dB/+1.4dB@10km[115]/+1.4dB@10km[1/1]
CANDIDATE source=PWRadley destination=APRS packet=PWRadley>APRS,TCPIP*,qAC,GLIDERN2:>120459h v20260707 OGN-R/PilotAware
CANDIDATE source=PWPriory destination=OGNSDR packet=PWPriory>OGNSDR,TCPIP*,qAC,GLIDERN1:>120359h v0.3.2.ARM CPU:1.6 RAM:368.9/971.1MB NTP:0.4ms/-2.2ppm +60.1C EGM96:+45m 5/5Acfts[1h] Lat:1.6s RF:-2-1.7ppm/-1.62dB/+4.0dB@10km[6134]/+10.6dB@10km[4/8]
CANDIDATE source=PWPriory destination=APRS packet=PWPriory>APRS,TCPIP*,qAC,GLIDERN1:>120500h v20260707 OGN-R/PilotAware
CANDIDATE source=PWBkpark destination=OGNSDR packet=PWBkpark>OGNSDR,TCPIP*,qAC,GLIDERN2:>120359h v0.3.2.ARM CPU:0.9 RAM:305.1/971.1MB NTP:1.2ms/-3.2ppm +50.5C EGM96:+46m 0/0Acfts[1h] RF:-4+0.3ppm/-1.55dB/+4.5dB@10km[224]/+4.5dB@10km[1/1]
CANDIDATE source=PWBkpark destination=APRS packet=PWBkpark>APRS,TCPIP*,qAC,GLIDERN2:>120500h v20260707 OGN-R/PilotAware
CANDIDATE source=PWGrasmer destination=OGNSDR packet=PWGrasmer>OGNSDR,TCPIP*,qAC,GLIDERN1:>120359h v0.3.2.ARM CPU:1.6 RAM:376.2/971.1MB NTP:0.3ms/-13.9ppm +61.8C EGM96:+53m 1/1Acfts[1h] RF:-11+42.1ppm/-0.47dB/-1.9dB@10km[41]/-1.9dB@10km[1/1]
CANDIDATE source=PWGrasmer destination=APRS packet=PWGrasmer>APRS,TCPIP*,qAC,GLIDERN1:>120500h v20260707 OGN-R/PilotAware
CANDIDATE source=PWEDAD destination=OGNSDR packet=PWEDAD>OGNSDR,TCPIP*,qAC,GLIDERN3:>120400h v0.3.2.ARM CPU:1.1 RAM:407.6/971.1MB NTP:0.2ms/-5.3ppm +54.2C EGM96:+43m 1/1Acfts[1h] RF:+0-0.2ppm/-0.56dB
CANDIDATE source=PWEDAD destination=APRS packet=PWEDAD>APRS,TCPIP*,qAC,GLIDERN3:>120500h v20260707 OGN-R/PilotAware
CANDIDATE source=PWUKCPH destination=OGNSDR packet=PWUKCPH>OGNSDR,TCPIP*,qAC,GLIDERN3:/120440h5318.28NI00143.75W&/A=001296
CANDIDATE source=PWUKCPH destination=APRS packet=PWUKCPH>APRS,TCPIP*,qAC,GLIDERN3:>120500h v20260707 OGN-R/PilotAware
CANDIDATE source=PWLegerwd destination=OGNSDR packet=PWLegerwd>OGNSDR,TCPIP*,qAC,GLIDERN1:>120404h v0.3.2.ARM CPU:1.8 RAM:386.5/971.1MB NTP:0.3ms/-3.8ppm +50.8C EGM96:+52m 0/0Acfts[1h] RF:+0-0.5ppm/-1.60dB/+17.2dB@10km[54]/+17.2dB@10km[1/1]
CANDIDATE source=PWLegerwd destination=APRS packet=PWLegerwd>APRS,TCPIP*,qAC,GLIDERN1:>120500h v20260707 OGN-R/PilotAware
CANDIDATE source=PWBodmin destination=OGNSDR packet=PWBodmin>OGNSDR,TCPIP*,qAC,GLIDERN3:>120221h v0.3.2.ARM CPU:2.3 RAM:337.3/971.1MB NTP:3.0ms/-4.5ppm +55.8C EGM96:+53m 0/0Acfts[1h] RF:+0-0.5ppm/-0.52dB
CANDIDATE source=PWBodmin destination=APRS packet=PWBodmin>APRS,TCPIP*,qAC,GLIDERN3:>120500h v20260707 OGN-R/PilotAware
CANDIDATE source=PWPidding destination=OGNSDR packet=PWPidding>OGNSDR,TCPIP*,qAC,GLIDERN3:>120400h v0.3.2.ARM CPU:2.3 RAM:311.4/971.1MB NTP:0.7ms/-7.5ppm +75.2C EGM96:+48m 1/2Acfts[1h] RF:-3-0.1ppm/+2.17dB/+8.3dB@10km[200]/+12.9dB@10km[2/4]
CANDIDATE source=PWPidding destination=APRS packet=PWPidding>APRS,TCPIP*,qAC,GLIDERN3:>120500h v20260707 OGN-R/PilotAware
CANDIDATE source=PWLenzie destination=OGNSDR packet=PWLenzie>OGNSDR,TCPIP*,qAC,GLIDERN3:>120359h v0.3.2.ARM CPU:0.8 RAM:347.3/971.1MB NTP:0.3ms/-9.7ppm +61.2C EGM96:+54m 0/0Acfts[1h] RF:+26+8.1ppm/+2.00dB/+14.9dB@10km[288]/+14.9dB@10km[1/1]
CANDIDATE source=PWLenzie destination=APRS packet=PWLenzie>APRS,TCPIP*,qAC,GLIDERN3:>120500h v20260707 OGN-R/PilotAware
CANDIDATE source=PWChesham destination=OGNSDR packet=PWChesham>OGNSDR,TCPIP*,qAC,GLIDERN3:>120424h v0.3.2.ARM CPU:2.5 RAM:267.7/971.1MB NTP:0.6ms/-6.3ppm +59.1C EGM96:+47m 0/0Acfts[1h] RF:-1+0.0ppm/-1.50dB/+13.3dB@10km[586]/+13.3dB@10km[1/1]
CANDIDATE source=PWChesham destination=APRS packet=PWChesham>APRS,TCPIP*,qAC,GLIDERN3:>120500h v20260707 OGN-R/PilotAware
CANDIDATE source=PWShipley destination=OGNSDR packet=PWShipley>OGNSDR,TCPIP*,qAC,GLIDERN3:>120400h v0.3.2.ARM CPU:4.0 RAM:306.5/971.1MB NTP:0.2ms/-5.5ppm +77.4C EGM96:+46m 9/9Acfts[1h] Lat:1.7s RF:-1-0.1ppm/+6.40dB/+2.0dB@10km[713]/+3.0dB@10km[7/13]
CANDIDATE source=PWShipley destination=APRS packet=PWShipley>APRS,TCPIP*,qAC,GLIDERN3:>120501h v20260707 OGN-R/PilotAware
CANDIDATE source=PWEggford destination=OGNSDR packet=PWEggford>OGNSDR,TCPIP*,qAC,GLIDERN3:>120403h v0.3.2.ARM CPU:2.1 RAM:410.7/971.1MB NTP:0.5ms/-5.0ppm +56.9C EGM96:+53m 6/6Acfts[1h] RF:+0-0.6ppm/-1.74dB/+17.1dB@10km[543]/+19.7dB@10km[4/7]
CANDIDATE source=PWEggford destination=APRS packet=PWEggford>APRS,TCPIP*,qAC,GLIDERN3:>120501h v20260707 OGN-R/PilotAware
CANDIDATE source=PWTroutbk destination=OGNSDR packet=PWTroutbk>OGNSDR,TCPIP*,qAC,GLIDERN1:>120357h v0.3.2.ARM CPU:1.7 RAM:359.4/971.1MB NTP:0.2ms/-7.2ppm +52.6C EGM96:+53m 1/1Acfts[1h] RF:-3-0.4ppm/-0.74dB/+28.1dB@10km[5]/+28.1dB@10km[1/1]
CANDIDATE source=PWTroutbk destination=APRS packet=PWTroutbk>APRS,TCPIP*,qAC,GLIDERN1:>120501h v20260707 OGN-R/PilotAware
CANDIDATE source=PWKernan destination=OGNSDR packet=PWKernan>OGNSDR,TCPIP*,qAC,GLIDERN3:>120005h v0.3.2.ARM CPU:0.6 RAM:401.8/971.1MB NTP:0.2ms/-5.1ppm +56.4C EGM96:+57m 0/0Acfts[1h] RF:-2+0.6ppm/-0.87dB
CANDIDATE source=PWKernan destination=APRS packet=PWKernan>APRS,TCPIP*,qAC,GLIDERN3:>120501h v20260707 OGN-R/PilotAware
CANDIDATE source=PWBmsgrve destination=OGNSDR packet=PWBmsgrve>OGNSDR,TCPIP*,qAC,GLIDERN2:>120400h v0.3.2.ARM CPU:2.5 RAM:365.7/971.1MB NTP:0.4ms/-5.5ppm +70.9C EGM96:+50m 1/1Acfts[1h] RF:+26+0.8ppm/+1.81dB/+13.7dB@10km[356]/+13.8dB@10km[1/2]
CANDIDATE source=PWBmsgrve destination=APRS packet=PWBmsgrve>APRS,TCPIP*,qAC,GLIDERN2:>120501h v20260707 OGN-R/PilotAware
CANDIDATE source=PWHappisb destination=OGNSDR packet=PWHappisb>OGNSDR,TCPIP*,qAC,GLIDERN1:>120356h v0.3.2.ARM CPU:1.6 RAM:338.2/971.1MB NTP:2.6ms/-7.6ppm +57.5C EGM96:+45m 0/0Acfts[1h] RF:-2-0.3ppm/-1.74dB/+21.0dB@10km[106]/+24.3dB@10km[1/2]
CANDIDATE source=PWHappisb destination=APRS packet=PWHappisb>APRS,TCPIP*,qAC,GLIDERN1:>120501h v20260707 OGN-R/PilotAware
CANDIDATE source=PWEschdor destination=OGNSDR packet=PWEschdor>OGNSDR,TCPIP*,qAC,GLIDERN1:>120359h v0.3.2.ARM CPU:2.7 RAM:341.9/971.1MB NTP:0.5ms/-4.2ppm +48.3C EGM96:+48m 0/0Acfts[1h] RF:+0-0.0ppm/-0.53dB
CANDIDATE source=PWEschdor destination=APRS packet=PWEschdor>APRS,TCPIP*,qAC,GLIDERN1:>120501h v20260707 OGN-R/PilotAware
CANDIDATE source=PWStonham destination=OGNSDR packet=PWStonham>OGNSDR,TCPIP*,qAC,GLIDERN2:>120400h v0.3.2.ARM CPU:2.2 RAM:315.5/971.1MB NTP:0.4ms/-3.1ppm +75.8C EGM96:+45m 0/0Acfts[1h] RF:+0-0.1ppm/-0.76dB/+14.9dB@10km[32]/+17.1dB@10km[2/3]
CANDIDATE source=PWStonham destination=APRS packet=PWStonham>APRS,TCPIP*,qAC,GLIDERN2:>120501h v20260707 OGN-R/PilotAware
CANDIDATE source=PWABromly destination=OGNSDR packet=PWABromly>OGNSDR,TCPIP*,qAC,GLIDERN1:>120359h v0.3.2.ARM CPU:1.6 RAM:321.7/971.1MB NTP:3.3ms/-2.9ppm +59.6C EGM96:+50m 0/0Acfts[1h] RF:-2-0.7ppm/+5.33dB
CANDIDATE source=PWABromly destination=APRS packet=PWABromly>APRS,TCPIP*,qAC,GLIDERN1:>120501h v20260707 OGN-R/PilotAware
CANDIDATE source=PWNMORTON destination=OGNSDR packet=PWNMORTON>OGNSDR,TCPIP*,qAC,GLIDERN1:>120400h v0.3.2.ARM CPU:3.9 RAM:229.1/971.1MB NTP:0.5ms/-2.7ppm +70.9C EGM96:+47m 0/0Acfts[1h] RF:+0+72.6ppm/-1.65dB
CANDIDATE source=PWNMORTON destination=APRS packet=PWNMORTON>APRS,TCPIP*,qAC,GLIDERN1:>120501h v20260707 OGN-R/PilotAware
CANDIDATE source=PWWHill destination=OGNSDR packet=PWWHill>OGNSDR,TCPIP*,qAC,GLIDERN3:>120400h v0.3.2.ARM CPU:2.4 RAM:284.6/971.1MB NTP:1.9ms/-3.3ppm +63.9C EGM96:+46m 8/9Acfts[1h] Lat:1.8s RF:+0-0.5ppm/+6.79dB/+11.6dB@10km[153]/+13.2dB@10km[7/14]
CANDIDATE source=PWWHill destination=APRS packet=PWWHill>APRS,TCPIP*,qAC,GLIDERN3:>120501h v20260707 OGN-R/PilotAware
CANDIDATE source=PWLudgers destination=OGNSDR packet=PWLudgers>OGNSDR,TCPIP*,qAC,GLIDERN2:>120359h v0.3.2.ARM CPU:2.7 RAM:326.3/971.1MB NTP:0.4ms/-2.8ppm +54.2C EGM96:+48m 6/6Acfts[1h] Lat:1.6s RF:+3+0.0ppm/-1.46dB/+16.2dB@10km[4300]/+17.2dB@10km[6/11]
CANDIDATE source=PWLudgers destination=APRS packet=PWLudgers>APRS,TCPIP*,qAC,GLIDERN2:>120501h v20260707 OGN-R/PilotAware
CANDIDATE source=PWWilmcot destination=OGNSDR packet=PWWilmcot>OGNSDR,TCPIP*,qAC,GLIDERN2:>120358h v0.3.3.ARM CPU:2.9 RAM:220.7/971.1MB NTP:6.2ms/-7.1ppm +40.8C EGM96:+49m 0/0Acfts[1h] RF:+0+0.0ppm/-1.43dB/+18.1dB@10km[48]/+18.1dB@10km[1/1]
CANDIDATE source=PWWilmcot destination=APRS packet=PWWilmcot>APRS,TCPIP*,qAC,GLIDERN2:>120501h v20260707 OGN-R/PilotAware
CANDIDATE source=PWEGAE destination=OGNSDR packet=PWEGAE>OGNSDR,TCPIP*,qAC,GLIDERN1:>120359h v0.3.2.ARM CPU:1.6 RAM:358.5/971.1MB NTP:0.3ms/-3.9ppm +57.5C EGM96:+57m 0/0Acfts[1h] RF:-1+0.4ppm/+0.07dB
CANDIDATE source=PWEGAE destination=APRS packet=PWEGAE>APRS,TCPIP*,qAC,GLIDERN1:>120501h v20260707 OGN-R/PilotAware
CANDIDATE source=PWCW57 destination=OGNSDR packet=PWCW57>OGNSDR,TCPIP*,qAC,GLIDERN1:>120400h v0.3.2.ARM CPU:1.9 RAM:329.8/971.1MB NTP:0.5ms/-3.3ppm +62.3C EGM96:+52m 2/2Acfts[1h] RF:+0-0.5ppm/-1.70dB/+10.2dB@10km[1331]/+13.5dB@10km[2/4]
CANDIDATE source=PWCW57 destination=APRS packet=PWCW57>APRS,TCPIP*,qAC,GLIDERN1:>120501h v20260707 OGN-R/PilotAware
CANDIDATE source=PWESMI2 destination=OGNSDR packet=PWESMI2>OGNSDR,TCPIP*,qAC,GLIDERN3:>120359h v0.3.2.ARM CPU:1.5 RAM:407.2/971.1MB NTP:0.4ms/-3.5ppm +58.0C EGM96:+35m 0/0Acfts[1h] RF:-1-0.1ppm/+0.93dB
CANDIDATE source=PWESMI2 destination=APRS packet=PWESMI2>APRS,TCPIP*,qAC,GLIDERN3:>120501h v20260707 OGN-R/PilotAware
CANDIDATE source=PWRock destination=OGNSDR packet=PWRock>OGNSDR,TCPIP*,qAC,GLIDERN2:>120400h v0.3.2.ARM CPU:1.6 RAM:306.1/971.1MB NTP:0.3ms/-1.5ppm +63.4C EGM96:+51m 7/7Acfts[1h] Lat:1.6s RF:-1+0.1ppm/-1.70dB/+18.9dB@10km[4672]/+20.6dB@10km[5/10]
CANDIDATE source=PWRock destination=APRS packet=PWRock>APRS,TCPIP*,qAC,GLIDERN2:>120501h v20260707 OGN-R/PilotAware
CANDIDATE source=PWAsslar destination=OGNSDR packet=PWAsslar>OGNSDR,TCPIP*,qAC,GLIDERN1:>120400h v0.3.2.ARM CPU:5.8 RAM:480.8/971.1MB NTP:0.2ms/-6.9ppm +67.1C EGM96:+49m 3/3Acfts[1h] Lat:1.7s RF:+0+0.0ppm/-0.03dB/+14.4dB@10km[3618]/+17.8dB@10km[4/7]
CANDIDATE source=PWAsslar destination=APRS packet=PWAsslar>APRS,TCPIP*,qAC,GLIDERN1:>120501h v20260707 OGN-R/PilotAware
CANDIDATE source=PWAfton destination=OGNSDR packet=PWAfton>OGNSDR,TCPIP*,qAC,GLIDERN3:>120358h v0.3.2.ARM CPU:2.1 RAM:331.3/971.1MB NTP:1.1ms/-4.1ppm +66.6C EGM96:+47m 6/6Acfts[1h] Lat:25.0s RF:-4+0.4ppm/+1.69dB/+10.4dB@10km[1473]/+21.1dB@10km[7/13]
CANDIDATE source=PWAfton destination=APRS packet=PWAfton>APRS,TCPIP*,qAC,GLIDERN3:>120502h v20260707 OGN-R/PilotAware
CANDIDATE source=PWEDMB destination=OGNSDR packet=PWEDMB>OGNSDR,TCPIP*,qAC,GLIDERN2:>120402h v0.3.2.ARM CPU:5.5 RAM:305.4/971.1MB NTP:1.3ms/-0.7ppm +85.4C EGM96:+47m 0/0Acfts[1h] RF:-1+0.0ppm/-1.72dB/+17.9dB@10km[3072]/+19.9dB@10km[4/7]
CANDIDATE source=PWEDMB destination=APRS packet=PWEDMB>APRS,TCPIP*,qAC,GLIDERN2:>120502h v20260707 OGN-R/PilotAware
CANDIDATE source=PWEDAWT destination=OGNSDR packet=PWEDAWT>OGNSDR,TCPIP*,qAC,GLIDERN3:>120400h v0.3.2.ARM CPU:1.5 RAM:353.9/971.1MB NTP:1.3ms/-4.7ppm +42.4C EGM96:+44m 0/0Acfts[1h] RF:-2-4.0ppm/-1.09dB/+9.9dB@10km[211]/+9.9dB@10km[1/1]
CANDIDATE source=PWEDAWT destination=APRS packet=PWEDAWT>APRS,TCPIP*,qAC,GLIDERN3:>120502h v20260707 OGN-R/PilotAware
CANDIDATE source=PWNSFIELD destination=OGNSDR packet=PWNSFIELD>OGNSDR,TCPIP*,qAC,GLIDERN2:>120404h v0.3.2.ARM CPU:2.5 RAM:357.7/971.1MB NTP:0.6ms/-5.2ppm +47.6C EGM96:+50m 0/0Acfts[1h] RF:-1+0.1ppm/+6.23dB
CANDIDATE source=PWNSFIELD destination=APRS packet=PWNSFIELD>APRS,TCPIP*,qAC,GLIDERN2:>120502h v20260707 OGN-R/PilotAware
CANDIDATE source=PWEGBT destination=OGNSDR packet=PWEGBT>OGNSDR,TCPIP*,qAC,GLIDERN2:>120401h v0.3.2.ARM CPU:2.7 RAM:396.0/971.1MB NTP:1.2ms/-5.7ppm +69.8C EGM96:+48m 8/9Acfts[1h] RF:-1+0.2ppm/-0.44dB/+16.0dB@10km[5188]/+22.3dB@10km[9/18]
CANDIDATE source=PWEGBT destination=APRS packet=PWEGBT>APRS,TCPIP*,qAC,GLIDERN2:>120502h v20260707 OGN-R/PilotAware
CANDIDATE source=PWCodsall destination=OGNSDR packet=PWCodsall>OGNSDR,TCPIP*,qAC,GLIDERN1:>120359h v0.3.2.ARM CPU:0.8 RAM:307.1/971.1MB NTP:0.6ms/-2.4ppm +56.9C EGM96:+51m 0/0Acfts[1h] RF:-24-17.6ppm/+19.64dB
CANDIDATE source=PWCodsall destination=APRS packet=PWCodsall>APRS,TCPIP*,qAC,GLIDERN1:>120502h v20260707 OGN-R/PilotAware
CANDIDATE source=PWEGVL destination=OGNSDR packet=PWEGVL>OGNSDR,TCPIP*,qAC,GLIDERN2:>120400h v0.3.2.ARM CPU:3.3 RAM:227.0/971.1MB NTP:1.9ms/-5.9ppm +71.4C EGM96:+48m 21/22Acfts[1h] Lat:2.5s RF:-2+0.3ppm/-1.23dB/+22.8dB@10km[6375]/+24.4dB@10km[17/34]
CANDIDATE source=PWEGVL destination=APRS packet=PWEGVL>APRS,TCPIP*,qAC,GLIDERN2:>120502h v20260707 OGN-R/PilotAware
CANDIDATE source=PWFSW2 destination=OGNSDR packet=PWFSW2>OGNSDR,TCPIP*,qAC,GLIDERN1:>120401h v0.3.2.ARM CPU:1.0 RAM:366.0/971.1MB NTP:0.5ms/-3.0ppm +65.0C EGM96:+46m 8/9Acfts[1h] Lat:1.6s RF:+0-1.3ppm/+4.50dB/+2.1dB@10km[4612]/+5.4dB@10km[10/19]
CANDIDATE source=PWFSW2 destination=APRS packet=PWFSW2>APRS,TCPIP*,qAC,GLIDERN1:>120502h v20260707 OGN-R/PilotAware
CANDIDATE source=PWIOWPARA destination=OGNSDR packet=PWIOWPARA>OGNSDR,TCPIP*,qAC,GLIDERN1:>120359h v0.3.2.ARM CPU:2.2 RAM:334.4/971.1MB NTP:0.4ms/-6.7ppm +62.3C EGM96:+47m 2/2Acfts[1h] RF:+0-0.4ppm/-1.16dB/+8.6dB@10km[1932]/+21.2dB@10km[3/6]
CANDIDATE source=PWIOWPARA destination=APRS packet=PWIOWPARA>APRS,TCPIP*,qAC,GLIDERN1:>120502h v20260707 OGN-R/PilotAware
CANDIDATE source=PWHeadon destination=OGNSDR packet=PWHeadon>OGNSDR,TCPIP*,qAC,GLIDERN2:>120359h v0.3.2.ARM CPU:3.8 RAM:284.4/971.1MB NTP:0.6ms/-1.0ppm +83.3C EGM96:+48m 12/12Acfts[1h] Lat:1.6s RF:-1-0.4ppm/-1.80dB/+18.0dB@10km[15624]/+25.6dB@10km[16/31]
CANDIDATE source=PWHeadon destination=APRS packet=PWHeadon>APRS,TCPIP*,qAC,GLIDERN2:>120503h v20260707 OGN-R/PilotAware
CANDIDATE source=PWEGCJ destination=OGNSDR packet=PWEGCJ>OGNSDR,TCPIP*,qAC,GLIDERN3:>120403h v0.3.2.ARM CPU:1.9 RAM:387.3/971.1MB NTP:0.2ms/-3.4ppm +62.1C EGM96:+49m 8/8Acfts[1h] Lat:1.7s RF:+0-0.5ppm/+1.44dB/+9.5dB@10km[2534]/+15.0dB@10km[6/12]
CANDIDATE source=PWEGCJ destination=APRS packet=PWEGCJ>APRS,TCPIP*,qAC,GLIDERN3:>120503h v20260707 OGN-R/PilotAware
CANDIDATE source=PWLANGHAM destination=OGNSDR packet=PWLANGHAM>OGNSDR,TCPIP*,qAC,GLIDERN1:>120402h v0.3.2.ARM CPU:2.2 RAM:401.9/971.1MB NTP:0.5ms/-8.9ppm +58.5C EGM96:+49m 10/10Acfts[1h] Lat:1.6s RF:-3+0.0ppm/+4.14dB/+14.8dB@10km[11261]/+16.9dB@10km[8/16]
CANDIDATE source=PWLANGHAM destination=APRS packet=PWLANGHAM>APRS,TCPIP*,qAC,GLIDERN1:>120503h v20260707 OGN-R/PilotAware
CANDIDATE source=PWEGBO destination=OGNSDR packet=PWEGBO>OGNSDR,TCPIP*,qAC,GLIDERN2:>120403h v0.3.2.ARM CPU:1.8 RAM:353.7/971.1MB NTP:0.5ms/+0.8ppm +61.6C EGM96:+51m 5/5Acfts[1h] Lat:1.6s RF:+26+4.0ppm/-1.77dB/+14.6dB@10km[5458]/+14.7dB@10km[4/8]
CANDIDATE source=PWEGBO destination=APRS packet=PWEGBO>APRS,TCPIP*,qAC,GLIDERN2:>120503h v20260707 OGN-R/PilotAware
CANDIDATE source=PWCoylton destination=OGNSDR packet=PWCoylton>OGNSDR,TCPIP*,qAC,GLIDERN1:>120403h v0.3.2.ARM CPU:1.7 RAM:388.3/971.1MB NTP:0.2ms/-6.7ppm +54.1C EGM96:+55m 0/0Acfts[1h] RF:+0-0.2ppm/+1.90dB
CANDIDATE source=PWCoylton destination=APRS packet=PWCoylton>APRS,TCPIP*,qAC,GLIDERN1:>120503h v20260707 OGN-R/PilotAware
CANDIDATE source=PWEGNY destination=OGNSDR packet=PWEGNY>OGNSDR,TCPIP*,qAC,GLIDERN3:>120406h v0.3.2.ARM CPU:1.8 RAM:365.8/971.1MB NTP:1.2ms/-9.4ppm +72.0C EGM96:+47m 1/1Acfts[1h] RF:+37+7.5ppm/-1.78dB/+13.1dB@10km[601]/+13.3dB@10km[2/3]
CANDIDATE source=PWEGNY destination=APRS packet=PWEGNY>APRS,TCPIP*,qAC,GLIDERN3:>120503h v20260707 OGN-R/PilotAware
CANDIDATE source=PWDriffie destination=OGNSDR packet=PWDriffie>OGNSDR,TCPIP*,qAC,GLIDERN3:>120401h v0.3.2.ARM CPU:1.6 RAM:350.3/971.1MB NTP:0.5ms/-1.7ppm +63.4C EGM96:+47m 1/1Acfts[1h] RF:+0+0.0ppm/+0.01dB/+9.5dB@10km[29]/+9.5dB@10km[1/1]
CANDIDATE source=PWDriffie destination=APRS packet=PWDriffie>APRS,TCPIP*,qAC,GLIDERN3:>120504h v20260707 OGN-R/PilotAware
CANDIDATE source=PWPwick destination=OGNSDR packet=PWPwick>OGNSDR,TCPIP*,qAC,GLIDERN1:>120400h v0.3.2.ARM CPU:2.7 RAM:383.2/971.1MB NTP:0.7ms/-0.4ppm +66.1C EGM96:+55m 0/0Acfts[1h] RF:-1-0.0ppm/-1.35dB
CANDIDATE source=PWPwick destination=APRS packet=PWPwick>APRS,TCPIP*,qAC,GLIDERN1:>120504h v20260707 OGN-R/PilotAware
CANDIDATE source=PWEGAD destination=OGNSDR packet=PWEGAD>OGNSDR,TCPIP*,qAC,GLIDERN3:>120358h v0.3.2.ARM CPU:0.8 RAM:380.1/971.1MB NTP:0.9ms/-10.4ppm +55.3C EGM96:+56m 0/0Acfts[1h] RF:-1+0.4ppm/+3.06dB
CANDIDATE source=PWEGAD destination=APRS packet=PWEGAD>APRS,TCPIP*,qAC,GLIDERN3:>120504h v20260707 OGN-R/PilotAware
CANDIDATE source=PWEGCG destination=OGNSDR packet=PWEGCG>OGNSDR,TCPIP*,qAC,GLIDERN2:>120411h v0.3.2.ARM CPU:0.5 RAM:366.3/971.1MB NTP:2.3ms/-6.2ppm +66.6C EGM96:+46m 6/6Acfts[1h] Lat:2.8s RF:+0-0.5ppm/-1.49dB/+15.8dB@10km[7884]/+23.0dB@10km[11/22]
CANDIDATE source=PWEGCG destination=APRS packet=PWEGCG>APRS,TCPIP*,qAC,GLIDERN2:>120504h v20260707 OGN-R/PilotAware
CANDIDATE source=PWEGSL destination=OGNSDR packet=PWEGSL>OGNSDR,TCPIP*,qAC,GLIDERN2:>120400h v0.3.2.ARM CPU:5.0 RAM:281.2/971.1MB NTP:0.5ms/-4.0ppm +86.0C EGM96:+46m 0/0Acfts[1h] RF:+40+2.9ppm/-3.64dB
CANDIDATE source=PWEGSL destination=APRS packet=PWEGSL>APRS,TCPIP*,qAC,GLIDERN2:>120504h v20260707 OGN-R/PilotAware
CANDIDATE source=PWPAWSNBG destination=OGNSDR packet=PWPAWSNBG>OGNSDR,TCPIP*,qAC,GLIDERN1:>120040h v0.3.2.ARM CPU:2.3 RAM:339.7/971.1MB NTP:0.4ms/-3.9ppm +73.1C EGM96:+57m 0/0Acfts[1h] RF:-3-0.3ppm/-2.07dB
CANDIDATE source=PWPAWSNBG destination=APRS packet=PWPAWSNBG>APRS,TCPIP*,qAC,GLIDERN1:>120504h v20260707 OGN-R/PilotAware
CANDIDATE source=PWFASH destination=OGNSDR packet=PWFASH>OGNSDR,TCPIP*,qAC,GLIDERN1:>120404h v0.3.2.ARM CPU:1.2 RAM:372.5/971.1MB NTP:0.9ms/-5.8ppm +57.5C EGM96:+31m 2/2Acfts[1h] Lat:1.6s RF:-2+0.7ppm/-1.13dB/+19.1dB@10km[2886]/+20.1dB@10km[3/5]
CANDIDATE source=PWFASH destination=APRS packet=PWFASH>APRS,TCPIP*,qAC,GLIDERN1:>120504h v20260707 OGN-R/PilotAware
CANDIDATE source=PWWettena destination=OGNSDR packet=PWWettena>OGNSDR,TCPIP*,qAC,GLIDERN2:>120400h v0.3.2.ARM CPU:2.7 RAM:401.3/971.1MB NTP:1.9ms/-2.8ppm +62.8C EGM96:+49m 0/0Acfts[1h] RF:+0-4.4ppm/+7.30dB
CANDIDATE source=PWWettena destination=APRS packet=PWWettena>APRS,TCPIP*,qAC,GLIDERN2:>120504h v20260707 OGN-R/PilotAware
CANDIDATE source=PWEDGB destination=OGNSDR packet=PWEDGB>OGNSDR,TCPIP*,qAC,GLIDERN2:>120400h v0.3.2.ARM CPU:2.9 RAM:327.0/971.1MB NTP:0.3ms/-1.5ppm +63.4C EGM96:+49m 1/1Acfts[1h] RF:+0-0.1ppm/+5.83dB/+8.4dB@10km[533]/+8.4dB@10km[1/2]
CANDIDATE source=PWEDGB destination=APRS packet=PWEDGB>APRS,TCPIP*,qAC,GLIDERN2:>120504h v20260707 OGN-R/PilotAware
CANDIDATE source=PWEGCA destination=OGNSDR packet=PWEGCA>OGNSDR,TCPIP*,qAC,GLIDERN1:>120408h v0.3.2.ARM CPU:3.6 RAM:372.9/971.1MB NTP:1.8ms/-0.4ppm +66.6C EGM96:+50m 0/0Acfts[1h] RF:+0-0.6ppm/+5.93dB
CANDIDATE source=PWEGCA destination=APRS packet=PWEGCA>APRS,TCPIP*,qAC,GLIDERN1:>120505h v20260707 OGN-R/PilotAware
CANDIDATE source=PWEGNR destination=OGNSDR packet=PWEGNR>OGNSDR,TCPIP*,qAC,GLIDERN2:>120406h v0.3.2.ARM CPU:3.4 RAM:281.9/971.1MB NTP:0.2ms/-0.0ppm +64.8C EGM96:+53m 1/1Acfts[1h] RF:+25+5.2ppm/+1.25dB/+9.2dB@10km[3225]/+22.8dB@10km[5/10]
CANDIDATE source=PWEGNR destination=APRS packet=PWEGNR>APRS,TCPIP*,qAC,GLIDERN2:>120506h v20260707 OGN-R/PilotAware
CANDIDATE source=PWAspen destination=OGNSDR packet=PWAspen>OGNSDR,TCPIP*,qAC,GLIDERN2:>120404h v0.3.2.ARM CPU:1.3 RAM:395.8/971.1MB NTP:0.4ms/+24.6ppm +51.9C EGM96:+52m 0/0Acfts[1h] RF:+0-1.0ppm/+6.05dB
CANDIDATE source=PWAspen destination=APRS packet=PWAspen>APRS,TCPIP*,qAC,GLIDERN2:>120506h v20260707 OGN-R/PilotAware
CANDIDATE source=PWEGOE destination=OGNSDR packet=PWEGOE>OGNSDR,TCPIP*,qAC,GLIDERN3:>120410h v0.3.2.ARM CPU:2.0 RAM:315.5/971.1MB NTP:2.4ms/-5.4ppm +58.0C EGM96:+52m 8/8Acfts[1h] Lat:1.6s RF:-2-1.4ppm/-1.61dB/+13.8dB@10km[14933]/+17.7dB@10km[9/17]
CANDIDATE source=PWEGOE destination=APRS packet=PWEGOE>APRS,TCPIP*,qAC,GLIDERN3:>120506h v20260707 OGN-R/PilotAware
CANDIDATE source=PWEGCM destination=OGNSDR packet=PWEGCM>OGNSDR,TCPIP*,qAC,GLIDERN1:>120400h v0.3.2.ARM CPU:3.1 RAM:348.3/971.1MB NTP:0.3ms/+0.4ppm +70.9C EGM96:+49m 27/27Acfts[1h] Lat:1.9s RF:-1-0.1ppm/-1.30dB/+16.4dB@10km[24541]/+20.0dB@10km[17/33]
CANDIDATE source=PWEGCM destination=APRS packet=PWEGCM>APRS,TCPIP*,qAC,GLIDERN1:>120506h v20260707 OGN-R/PilotAware
CANDIDATE source=PWBrig destination=OGNSDR packet=PWBrig>OGNSDR,TCPIP*,qAC,GLIDERN1:>120404h v0.3.2.ARM CPU:2.5 RAM:372.8/971.1MB NTP:0.4ms/-9.8ppm +51.4C EGM96:+50m 0/0Acfts[1h] RF:-1+0.3ppm/+5.70dB
CANDIDATE source=PWBrig destination=APRS packet=PWBrig>APRS,TCPIP*,qAC,GLIDERN1:>120506h v20260707 OGN-R/PilotAware
CANDIDATE source=PWTolland destination=OGNSDR packet=PWTolland>OGNSDR,TCPIP*,qAC,GLIDERN2:>120404h v0.3.2.ARM CPU:2.0 RAM:378.6/971.1MB NTP:0.9ms/+1.7ppm +61.1C EGM96:+51m 5/5Acfts[1h] Lat:1.6s RF:+0+0.1ppm/-1.98dB/+16.5dB@10km[3502]/+19.7dB@10km[3/6]
CANDIDATE source=PWTolland destination=APRS packet=PWTolland>APRS,TCPIP*,qAC,GLIDERN2:>120507h v20260707 OGN-R/PilotAware
CANDIDATE source=PWBude destination=OGNSDR packet=PWBude>OGNSDR,TCPIP*,qAC,GLIDERN1:>120410h v0.3.2.ARM CPU:2.6 RAM:336.5/971.1MB NTP:0.2ms/-5.9ppm +58.5C EGM96:+53m 0/0Acfts[1h] RF:-2-1.1ppm/-0.91dB
CANDIDATE source=PWBude destination=APRS packet=PWBude>APRS,TCPIP*,qAC,GLIDERN1:>120507h v20260707 OGN-R/PilotAware
CANDIDATE source=PWCLDONNY destination=OGNSDR packet=PWCLDONNY>OGNSDR,TCPIP*,qAC,GLIDERN3:>120407h v0.3.2.ARM CPU:2.4 RAM:322.8/971.1MB NTP:1.2ms/-9.9ppm +69.3C EGM96:+49m 0/0Acfts[1h] RF:-3-1.0ppm/+4.13dB/+6.4dB@10km[74]/+6.4dB@10km[1/1]
CANDIDATE source=PWCLDONNY destination=APRS packet=PWCLDONNY>APRS,TCPIP*,qAC,GLIDERN3:>120507h v20260707 OGN-R/PilotAware
CANDIDATE source=PWMargam destination=OGNSDR packet=PWMargam>OGNSDR,TCPIP*,qAC,GLIDERN1:>120407h v0.3.2.ARM CPU:2.5 RAM:369.0/971.1MB NTP:2.0ms/-6.2ppm +69.3C EGM96:+53m 0/0Acfts[1h] RF:+0-0.7ppm/+3.76dB/+12.8dB@10km[3784]/+12.8dB@10km[1/1]
CANDIDATE source=PWMargam destination=APRS packet=PWMargam>APRS,TCPIP*,qAC,GLIDERN1:>120507h v20260707 OGN-R/PilotAware
CANDIDATE source=PWThame destination=OGNSDR packet=PWThame>OGNSDR,TCPIP*,qAC,GLIDERN1:>120400h v0.3.2.ARM CPU:1.2 RAM:310.0/971.1MB NTP:1.0ms/-3.2ppm +59.1C EGM96:+47m 1/1Acfts[1h] RF:+0+0.0ppm/+2.19dB/-0.8dB@10km[38]/+2.0dB@10km[1/2]
CANDIDATE source=PWThame destination=APRS packet=PWThame>APRS,TCPIP*,qAC,GLIDERN1:>120507h v20260707 OGN-R/PilotAware
CANDIDATE source=PWEshott destination=OGNSDR packet=PWEshott>OGNSDR,TCPIP*,qAC,GLIDERN1:>120403h v0.3.2.ARM CPU:1.9 RAM:380.6/971.1MB NTP:1.3ms/-11.1ppm +50.8C EGM96:+50m 1/1Acfts[1h] RF:-1+0.2ppm/-1.49dB/+24.5dB@10km[1367]/+24.5dB@10km[1/1]
CANDIDATE source=PWEshott destination=APRS packet=PWEshott>APRS,TCPIP*,qAC,GLIDERN1:>120508h v20260707 OGN-R/PilotAware
CANDIDATE source=PWLASHAM destination=OGNSDR packet=PWLASHAM>OGNSDR,TCPIP*,qAC,GLIDERN3:>120409h v0.3.2.ARM CPU:3.2 RAM:275.4/971.1MB NTP:0.3ms/-8.4ppm +66.6C EGM96:+46m 635/635Acfts[1h] Lat:1.8s RF:-1+0.4ppm/+4.48dB/-1.9dB@10km[25004]/-0.9dB@10km[141/282]
CANDIDATE source=PWLASHAM destination=APRS packet=PWLASHAM>APRS,TCPIP*,qAC,GLIDERN3:>120508h v20260707 OGN-R/PilotAware
CANDIDATE source=PWUKHAD destination=OGNSDR packet=PWUKHAD>OGNSDR,TCPIP*,qAC,GLIDERN2:>120412h v0.3.2.ARM CPU:2.1 RAM:329.5/971.1MB NTP:3.2ms/-6.0ppm +64.5C EGM96:+50m 1/1Acfts[1h] RF:+0-0.5ppm/-1.33dB/+11.3dB@10km[1026]/+11.3dB@10km[1/1]
CANDIDATE source=PWUKHAD destination=APRS packet=PWUKHAD>APRS,TCPIP*,qAC,GLIDERN2:>120508h v20260707 OGN-R/PilotAware
CANDIDATE source=PWVerchoq destination=OGNSDR packet=PWVerchoq>OGNSDR,TCPIP*,qAC,GLIDERN2:>120406h v0.3.2.ARM CPU:4.1 RAM:321.6/971.1MB NTP:0.4ms/-2.0ppm +62.3C EGM96:+44m 0/0Acfts[1h] RF:+0-0.7ppm/-2.67dB
CANDIDATE source=PWVerchoq destination=APRS packet=PWVerchoq>APRS,TCPIP*,qAC,GLIDERN2:>120508h v20260707 OGN-R/PilotAware
CANDIDATE source=PWATOMANN destination=OGNSDR packet=PWATOMANN>OGNSDR,TCPIP*,qAC,GLIDERN1:>120400h v0.3.2.ARM CPU:1.8 RAM:387.1/971.1MB NTP:1.7ms/+0.4ppm +56.4C EGM96:+55m 0/0Acfts[1h] RF:-3-0.3ppm/+7.17dB
CANDIDATE source=PWATOMANN destination=APRS packet=PWATOMANN>APRS,TCPIP*,qAC,GLIDERN1:>120508h v20260707 OGN-R/PilotAware
CANDIDATE source=PWStratha destination=OGNSDR packet=PWStratha>OGNSDR,TCPIP*,qAC,GLIDERN2:>120405h v0.3.2.ARM CPU:1.7 RAM:368.6/971.1MB NTP:0.3ms/-1.0ppm +47.6C EGM96:+54m 0/0Acfts[1h] RF:+0+0.2ppm/+7.06dB
CANDIDATE source=PWStratha destination=APRS packet=PWStratha>APRS,TCPIP*,qAC,GLIDERN2:>120508h v20260707 OGN-R/PilotAware
CANDIDATE source=PWWhitfie destination=OGNSDR packet=PWWhitfie>OGNSDR,TCPIP*,qAC,GLIDERN2:>120409h v0.3.2.ARM CPU:1.9 RAM:353.4/971.1MB NTP:1.3ms/-6.9ppm +60.1C EGM96:+45m 0/0Acfts[1h] RF:+0+0.2ppm/-0.91dB
CANDIDATE source=PWWhitfie destination=APRS packet=PWWhitfie>APRS,TCPIP*,qAC,GLIDERN2:>120508h v20260707 OGN-R/PilotAware
CANDIDATE source=PWGtYrmth destination=OGNSDR packet=PWGtYrmth>OGNSDR,TCPIP*,qAC,GLIDERN3:>120402h v0.3.2.ARM CPU:3.6 RAM:320.3/971.1MB NTP:0.7ms/-7.8ppm +48.3C EGM96:+45m 0/0Acfts[1h] RF:-3+0.2ppm/+4.56dB
CANDIDATE source=PWGtYrmth destination=APRS packet=PWGtYrmth>APRS,TCPIP*,qAC,GLIDERN3:>120509h v20260707 OGN-R/PilotAware
CANDIDATE source=PWEGWC destination=OGNSDR packet=PWEGWC>OGNSDR,TCPIP*,qAC,GLIDERN1:>120412h v0.3.2.ARM CPU:2.7 RAM:289.5/971.1MB NTP:2.2ms/-4.9ppm +60.7C EGM96:+51m 4/4Acfts[1h] Lat:1.6s RF:+0-0.6ppm/+3.40dB/+9.4dB@10km[5190]/+11.3dB@10km[4/7]
CANDIDATE source=PWEGWC destination=APRS packet=PWEGWC>APRS,TCPIP*,qAC,GLIDERN1:>120509h v20260707 OGN-R/PilotAware
CANDIDATE source=PWKngsLyn destination=OGNSDR packet=PWKngsLyn>OGNSDR,TCPIP*,qAC,GLIDERN3:>120407h v0.3.2.ARM CPU:6.4 RAM:303.5/971.1MB NTP:1.6ms/-9.5ppm +54.8C EGM96:+46m 1/1Acfts[1h] RF:-3+0.3ppm/+4.70dB/+14.7dB@10km[59]/+17.0dB@10km[3/5]
CANDIDATE source=PWKngsLyn destination=APRS packet=PWKngsLyn>APRS,TCPIP*,qAC,GLIDERN3:>120509h v20260707 OGN-R/PilotAware
CANDIDATE source=PWEASTON destination=OGNSDR packet=PWEASTON>OGNSDR,TCPIP*,qAC,GLIDERN2:>120404h v0.3.2.ARM CPU:2.4 RAM:359.7/971.1MB NTP:0.7ms/-3.4ppm +74.1C EGM96:+51m 0/0Acfts[1h] RF:-1+0.0ppm/-2.07dB
CANDIDATE source=PWEASTON destination=APRS packet=PWEASTON>APRS,TCPIP*,qAC,GLIDERN2:>120509h v20260707 OGN-R/PilotAware
CANDIDATE source=PWEGOS destination=OGNSDR packet=PWEGOS>OGNSDR,TCPIP*,qAC,GLIDERN2:>120409h v0.3.2.ARM CPU:3.4 RAM:325.4/971.1MB NTP:1.8ms/-5.0ppm +60.7C EGM96:+52m 10/10Acfts[1h] Lat:2.2s RF:-2-1.6ppm/-2.42dB/+10.9dB@10km[18165]/+14.1dB@10km[8/16]
CANDIDATE source=PWEGOS destination=APRS packet=PWEGOS>APRS,TCPIP*,qAC,GLIDERN2:>120509h v20260707 OGN-R/PilotAware
CANDIDATE source=PWDARLEY destination=OGNSDR packet=PWDARLEY>OGNSDR,TCPIP*,qAC,GLIDERN3:>120405h v0.3.2.ARM CPU:3.4 RAM:326.6/971.1MB NTP:0.6ms/-5.0ppm +48.2C EGM96:+50m 8/8Acfts[1h] RF:+0+0.2ppm/-0.82dB/+24.0dB@10km[697]/+25.7dB@10km[12/24]
CANDIDATE source=PWDARLEY destination=APRS packet=PWDARLEY>APRS,TCPIP*,qAC,GLIDERN3:>120509h v20260707 OGN-R/PilotAware
CANDIDATE source=PWWantsum destination=OGNSDR packet=PWWantsum>OGNSDR,TCPIP*,qAC,GLIDERN2:>120413h v0.3.2.ARM CPU:3.8 RAM:431.2/972.4MB NTP:0.3ms/+2.4ppm +59.5C EGM96:+45m 0/0Acfts[1h] RF:+0-0.5ppm/+1.03dB/+10.2dB@10km[4]/+13.2dB@10km[1/2]
CANDIDATE source=PWWantsum destination=APRS packet=PWWantsum>APRS,TCPIP*,qAC,GLIDERN2:>120510h v20260707 OGN-R/PilotAware
CANDIDATE source=PWukBER destination=OGNSDR packet=PWukBER>OGNSDR,TCPIP*,qAC,GLIDERN3:>120414h v0.3.2.ARM CPU:1.2 RAM:389.4/971.1MB NTP:0.5ms/-0.8ppm +49.2C EGM96:+50m 0/0Acfts[1h] RF:-2-0.2ppm/-1.92dB
CANDIDATE source=PWukBER destination=APRS packet=PWukBER>APRS,TCPIP*,qAC,GLIDERN3:>120510h v20260707 OGN-R/PilotAware
CANDIDATE source=PWJO63nk destination=OGNSDR packet=PWJO63nk>OGNSDR,TCPIP*,qAC,GLIDERN2:>120408h v0.3.2.ARM CPU:1.6 RAM:402.5/971.1MB NTP:1.5ms/-1.9ppm +57.3C EGM96:+38m 0/0Acfts[1h] RF:+123+57.1ppm/-1.58dB
CANDIDATE source=PWJO63nk destination=APRS packet=PWJO63nk>APRS,TCPIP*,qAC,GLIDERN2:>120510h v20260707 OGN-R/PilotAware
CANDIDATE source=PWPnctlnd destination=OGNSDR packet=PWPnctlnd>OGNSDR,TCPIP*,qAC,GLIDERN2:>120412h v0.3.2.ARM CPU:1.7 RAM:418.6/971.1MB NTP:0.5ms/-5.3ppm +75.2C EGM96:+52m 0/0Acfts[1h] RF:+36-7.5ppm/-1.42dB/+14.7dB@10km[9]/+14.7dB@10km[1/1]
CANDIDATE source=PWPnctlnd destination=APRS packet=PWPnctlnd>APRS,TCPIP*,qAC,GLIDERN2:>120511h v20260707 OGN-R/PilotAware
CANDIDATE source=PWAlfretn destination=OGNSDR packet=PWAlfretn>OGNSDR,TCPIP*,qAC,GLIDERN1:>120414h v0.3.2.ARM CPU:3.9 RAM:349.1/971.1MB NTP:0.2ms/-5.8ppm +61.6C EGM96:+50m 0/0Acfts[1h] RF:-4+0.0ppm/+5.82dB/-11.6dB@10km[3]/-11.6dB@10km[1/1]
CANDIDATE source=PWAlfretn destination=APRS packet=PWAlfretn>APRS,TCPIP*,qAC,GLIDERN1:>120512h v20260707 OGN-R/PilotAware
CANDIDATE source=PWUKMUD destination=OGNSDR packet=PWUKMUD>OGNSDR,TCPIP*,qAC,GLIDERN3:>120414h v0.3.2.ARM CPU:1.2 RAM:364.3/971.1MB NTP:0.4ms/-0.2ppm +53.0C EGM96:+52m 0/0Acfts[1h] RF:+0+18.4ppm/-2.26dB
CANDIDATE source=PWUKMUD destination=APRS packet=PWUKMUD>APRS,TCPIP*,qAC,GLIDERN3:>120512h v20260707 OGN-R/PilotAware
CANDIDATE source=PWAIRSIDE destination=OGNSDR packet=PWAIRSIDE>OGNSDR,TCPIP*,qAC,GLIDERN1:>120411h v0.3.2.ARM CPU:2.6 RAM:405.0/971.1MB NTP:1.5ms/-6.8ppm +61.8C EGM96:+51m 6/6Acfts[1h] Lat:1.5s RF:-4+2.0ppm/+3.84dB/+3.9dB@10km[8175]/+13.8dB@10km[4/8]
CANDIDATE source=PWAIRSIDE destination=APRS packet=PWAIRSIDE>APRS,TCPIP*,qAC,GLIDERN1:>120512h v20260707 OGN-R/PilotAware
CANDIDATE source=PWEDVI destination=OGNSDR packet=PWEDVI>OGNSDR,TCPIP*,qAC,GLIDERN3:>120416h v0.3.2.ARM CPU:7.2 RAM:318.6/971.1MB NTP:1.6ms/-8.8ppm +68.8C EGM96:+45m 2/2Acfts[1h] RF:-1-0.2ppm/-1.23dB/+15.5dB@10km[2952]/+18.9dB@10km[5/10]
CANDIDATE source=PWEDVI destination=APRS packet=PWEDVI>APRS,TCPIP*,qAC,GLIDERN3:>120512h v20260707 OGN-R/PilotAware
CANDIDATE source=PWAbergav destination=OGNSDR packet=PWAbergav>OGNSDR,TCPIP*,qAC,GLIDERN2:>120117h v0.3.2.ARM CPU:2.6 RAM:388.5/971.1MB NTP:2.3ms/-11.9ppm +60.7C EGM96:+52m 4/4Acfts[1h] Lat:1.5s RF:-3-0.2ppm/-0.23dB/+14.8dB@10km[1612]/+24.7dB@10km[3/5]
CANDIDATE source=PWAbergav destination=APRS packet=PWAbergav>APRS,TCPIP*,qAC,GLIDERN2:>120512h v20260707 OGN-R/PilotAware
CANDIDATE source=PWFishrwk destination=OGNSDR packet=PWFishrwk>OGNSDR,TCPIP*,qAC,GLIDERN1:>120412h v0.3.2.ARM CPU:1.8 RAM:375.1/971.1MB NTP:2.4ms/-7.3ppm +66.1C EGM96:+50m 0/0Acfts[1h] RF:+0-0.4ppm/-0.12dB
CANDIDATE source=PWFishrwk destination=APRS packet=PWFishrwk>APRS,TCPIP*,qAC,GLIDERN1:>120513h v20260707 OGN-R/PilotAware
CANDIDATE source=PWSALTBY destination=OGNSDR packet=PWSALTBY>OGNSDR,TCPIP*,qAC,GLIDERN2:>120416h v0.3.2.ARM CPU:1.5 RAM:370.1/971.1MB NTP:1.6ms/-1.2ppm +42.8C EGM96:+48m 10/10Acfts[1h] Lat:2.2s RF:+61+0.0ppm/+0.65dB/+5.1dB@10km[7920]/+13.6dB@10km[12/24]
CANDIDATE source=PWSALTBY destination=APRS packet=PWSALTBY>APRS,TCPIP*,qAC,GLIDERN2:>120513h v20260707 OGN-R/PilotAware
CANDIDATE source=PWEGPT destination=OGNSDR packet=PWEGPT>OGNSDR,TCPIP*,qAC,GLIDERN1:>120415h v0.3.2.ARM CPU:1.8 RAM:393.3/971.1MB NTP:0.7ms/-3.2ppm +51.9C EGM96:+53m 0/0Acfts[1h] RF:+135+66.2ppm/-15.55dB
CANDIDATE source=PWEGPT destination=APRS packet=PWEGPT>APRS,TCPIP*,qAC,GLIDERN1:>120513h v20260707 OGN-R/PilotAware
CANDIDATE source=PWBooker destination=OGNSDR packet=PWBooker>OGNSDR,TCPIP*,qAC,GLIDERN3:>120418h v0.3.2.ARM CPU:2.0 RAM:347.8/971.1MB NTP:0.2ms/-1.0ppm +44.4C EGM96:+47m 5/6Acfts[1h] Lat:1.9s RF:+44-0.3ppm/-0.10dB/+12.1dB@10km[4419]/+20.6dB@10km[6/12]
CANDIDATE source=PWBooker destination=APRS packet=PWBooker>APRS,TCPIP*,qAC,GLIDERN3:>120513h v20260707 OGN-R/PilotAware
CANDIDATE source=PWKirkbym destination=OGNSDR packet=PWKirkbym>OGNSDR,TCPIP*,qAC,GLIDERN2:>120416h v0.3.2.ARM CPU:1.8 RAM:368.7/971.1MB NTP:0.3ms/+0.5ppm +53.0C EGM96:+48m 18/18Acfts[1h] Lat:2.0s RF:+0-0.7ppm/-1.19dB/+17.8dB@10km[15178]/+19.1dB@10km[13/26]
CANDIDATE source=PWKirkbym destination=APRS packet=PWKirkbym>APRS,TCPIP*,qAC,GLIDERN2:>120513h v20260707 OGN-R/PilotAware
CANDIDATE source=PWOthertn destination=OGNSDR packet=PWOthertn>OGNSDR,TCPIP*,qAC,GLIDERN2:>120411h v0.3.2.ARM CPU:3.4 RAM:316.5/971.1MB NTP:1.3ms/-7.5ppm +66.6C EGM96:+51m 5/5Acfts[1h] Lat:18.2s RF:+0-0.6ppm/-0.79dB/+14.9dB@10km[1278]/+15.7dB@10km[3/6]
CANDIDATE source=PWOthertn destination=APRS packet=PWOthertn>APRS,TCPIP*,qAC,GLIDERN2:>120514h v20260707 OGN-R/PilotAware
CANDIDATE source=PWKingsto destination=OGNSDR packet=PWKingsto>OGNSDR,TCPIP*,qAC,GLIDERN3:>120417h v0.3.2.ARM CPU:1.6 RAM:423.6/971.1MB NTP:0.4ms/-0.7ppm +54.1C EGM96:+51m 0/0Acfts[1h] RF:+68+0.0ppm/-1.26dB
CANDIDATE source=PWKingsto destination=APRS packet=PWKingsto>APRS,TCPIP*,qAC,GLIDERN3:>120515h v20260707 OGN-R/PilotAware
CANDIDATE source=PWWoodcot destination=OGNSDR packet=PWWoodcot>OGNSDR,TCPIP*,qAC,GLIDERN1:>120416h v0.3.2.ARM CPU:4.5 RAM:341.8/971.1MB NTP:0.6ms/-5.6ppm +61.6C EGM96:+47m 1/1Acfts[1h] RF:+28+1.8ppm/+1.84dB/+10.2dB@10km[1]/+10.2dB@10km[1/1]
CANDIDATE source=PWWoodcot destination=APRS packet=PWWoodcot>APRS,TCPIP*,qAC,GLIDERN1:>120515h v20260707 OGN-R/PilotAware
CANDIDATE source=PWNorton destination=OGNSDR packet=PWNorton>OGNSDR,TCPIP*,qAC,GLIDERN1:>120422h v0.3.2.ARM CPU:1.2 RAM:345.4/971.1MB NTP:0.5ms/+0.8ppm +48.7C EGM96:+48m 6/6Acfts[1h] RF:+28-0.0ppm/-1.01dB/+14.8dB@10km[6632]/+20.8dB@10km[8/15]
CANDIDATE source=PWNorton destination=APRS packet=PWNorton>APRS,TCPIP*,qAC,GLIDERN1:>120515h v20260707 OGN-R/PilotAware
CANDIDATE source=PWEGSF destination=OGNSDR packet=PWEGSF>OGNSDR,TCPIP*,qAC,GLIDERN1:>120414h v0.3.2.ARM CPU:4.9 RAM:345.1/971.1MB NTP:1.7ms/-0.7ppm +54.8C EGM96:+47m 4/4Acfts[1h] RF:+49+0.4ppm/+4.32dB/+10.0dB@10km[590]/+13.1dB@10km[6/11]
CANDIDATE source=PWEGSF destination=APRS packet=PWEGSF>APRS,TCPIP*,qAC,GLIDERN1:>120515h v20260707 OGN-R/PilotAware
CANDIDATE source=PWDarland destination=OGNSDR packet=PWDarland>OGNSDR,TCPIP*,qAC,GLIDERN3:>120422h v0.3.2.ARM CPU:8.5 RAM:320.4/971.1MB NTP:0.4ms/+4.7ppm +58.4C EGM96:+45m 1/1Acfts[1h] RF:-1+0.3ppm/+14.19dB/+17.2dB@10km[14]/+17.3dB@10km[1/2]
CANDIDATE source=PWDarland destination=APRS packet=PWDarland>APRS,TCPIP*,qAC,GLIDERN3:>120515h v20260707 OGN-R/PilotAware
CANDIDATE source=PWEGBW destination=OGNSDR packet=PWEGBW>OGNSDR,TCPIP*,qAC,GLIDERN2:>120421h v0.3.2.ARM CPU:5.8 RAM:339.5/971.1MB NTP:3.7ms/-1.5ppm +64.3C EGM96:+49m 4/4Acfts[1h] RF:-1+0.1ppm/-1.74dB/+13.3dB@10km[723]/+18.5dB@10km[4/8]
CANDIDATE source=PWEGBW destination=APRS packet=PWEGBW>APRS,TCPIP*,qAC,GLIDERN2:>120515h v20260707 OGN-R/PilotAware
CANDIDATE source=PWLuckbfm destination=OGNSDR packet=PWLuckbfm>OGNSDR,TCPIP*,qAC,GLIDERN2:>120417h v0.3.2.ARM CPU:2.8 RAM:366.1/971.1MB NTP:0.5ms/+5.5ppm +50.8C EGM96:+53m 0/0Acfts[1h] RF:+0-0.6ppm/+3.26dB
CANDIDATE source=PWLuckbfm destination=APRS packet=PWLuckbfm>APRS,TCPIP*,qAC,GLIDERN2:>120515h v20260707 OGN-R/PilotAware
CANDIDATE source=PWWisbech destination=OGNSDR packet=PWWisbech>OGNSDR,TCPIP*,qAC,GLIDERN2:>120416h v0.3.2.ARM CPU:1.8 RAM:366.5/971.1MB NTP:0.3ms/+2.9ppm +55.1C EGM96:+46m 7/7Acfts[1h] Lat:1.8s RF:+0-0.5ppm/-1.01dB/+16.7dB@10km[7707]/+19.4dB@10km[10/20]
CANDIDATE source=PWWisbech destination=APRS packet=PWWisbech>APRS,TCPIP*,qAC,GLIDERN2:>120515h v20260707 OGN-R/PilotAware
CANDIDATE source=PWMurg destination=OGNSDR packet=PWMurg>OGNSDR,TCPIP*,qAC,GLIDERN2:>120417h v0.3.2.ARM CPU:7.0 RAM:448.2/971.1MB NTP:1.6ms/-1.8ppm +47.6C EGM96:+46m 2/3Acfts[1h] RF:+0-0.8ppm/+3.16dB/+19.1dB@10km[457]/+19.4dB@10km[2/4]
CANDIDATE source=PWMurg destination=APRS packet=PWMurg>APRS,TCPIP*,qAC,GLIDERN2:>120515h v20260707 OGN-R/PilotAware
CANDIDATE source=PWSARUMHH destination=OGNSDR packet=PWSARUMHH>OGNSDR,TCPIP*,qAC,GLIDERN1:>120416h v0.3.2.ARM CPU:1.6 RAM:396.2/971.1MB NTP:0.7ms/-3.0ppm +56.2C EGM96:+48m 3/3Acfts[1h] Lat:1.7s RF:+0-0.3ppm/+4.47dB/+3.3dB@10km[246]/+9.4dB@10km[2/4]
CANDIDATE source=PWSARUMHH destination=APRS packet=PWSARUMHH>APRS,TCPIP*,qAC,GLIDERN1:>120515h v20260707 OGN-R/PilotAware
CANDIDATE source=PWMontros destination=OGNSDR packet=PWMontros>OGNSDR,TCPIP*,qAC,GLIDERN3:>120416h v0.3.2.ARM CPU:3.0 RAM:383.0/971.1MB NTP:0.4ms/-4.2ppm +55.1C EGM96:+51m 0/0Acfts[1h] RF:+35+0.3ppm/-1.62dB
CANDIDATE source=PWMontros destination=APRS packet=PWMontros>APRS,TCPIP*,qAC,GLIDERN3:>120516h v20260707 OGN-R/PilotAware
CANDIDATE source=PWUKABZ destination=OGNSDR packet=PWUKABZ>OGNSDR,TCPIP*,qAC,GLIDERN1:>120417h v0.3.2.ARM CPU:1.8 RAM:409.1/971.1MB NTP:0.3ms/+0.8ppm +43.3C EGM96:+50m 0/0Acfts[1h] RF:+0-0.7ppm/+5.30dB
CANDIDATE source=PWUKABZ destination=APRS packet=PWUKABZ>APRS,TCPIP*,qAC,GLIDERN1:>120516h v20260707 OGN-R/PilotAware
CANDIDATE source=PWGilwern destination=OGNSDR packet=PWGilwern>OGNSDR,TCPIP*,qAC,GLIDERN1:>120418h v0.3.2.ARM CPU:2.0 RAM:398.2/971.1MB NTP:1.1ms/-6.1ppm +62.7C EGM96:+52m 0/0Acfts[1h] RF:-2-0.6ppm/+4.26dB
CANDIDATE source=PWGilwern destination=APRS packet=PWGilwern>APRS,TCPIP*,qAC,GLIDERN1:>120516h v20260707 OGN-R/PilotAware
CANDIDATE source=PWMrzezyn destination=OGNSDR packet=PWMrzezyn>OGNSDR,TCPIP*,qAC,GLIDERN3:>120419h v0.3.2.ARM CPU:3.8 RAM:368.6/971.1MB NTP:2.5ms/+7.1ppm +54.1C EGM96:+34m 0/0Acfts[1h] RF:+64-2.0ppm/+3.29dB
CANDIDATE source=PWMrzezyn destination=APRS packet=PWMrzezyn>APRS,TCPIP*,qAC,GLIDERN3:>120516h v20260707 OGN-R/PilotAware
CANDIDATE source=PWZoyland destination=OGNSDR packet=PWZoyland>OGNSDR,TCPIP*,qAC,GLIDERN1:>120419h v0.3.2.ARM CPU:5.7 RAM:352.2/971.1MB NTP:0.3ms/+3.8ppm +61.6C EGM96:+51m 10/10Acfts[1h] Lat:2.0s RF:-2-0.3ppm/-2.06dB/+16.5dB@10km[9137]/+20.4dB@10km[7/14]
CANDIDATE source=PWZoyland destination=APRS packet=PWZoyland>APRS,TCPIP*,qAC,GLIDERN1:>120517h v20260707 OGN-R/PilotAware
CANDIDATE source=PWUKPRK destination=OGNSDR packet=PWUKPRK>OGNSDR,TCPIP*,qAC,GLIDERN1:>120418h v0.3.2.ARM CPU:6.7 RAM:322.8/971.1MB NTP:0.9ms/+2.9ppm +59.5C EGM96:+49m 13/13Acfts[1h] Lat:2.1s RF:+55+0.1ppm/-1.54dB/+14.8dB@10km[18855]/+18.3dB@10km[9/17]
CANDIDATE source=PWUKPRK destination=APRS packet=PWUKPRK>APRS,TCPIP*,qAC,GLIDERN1:>120517h v20260707 OGN-R/PilotAware
CANDIDATE source=PWBabraha destination=OGNSDR packet=PWBabraha>OGNSDR,TCPIP*,qAC,GLIDERN3:/120457h5209.37NI00013.98E&/A=000151
CANDIDATE source=PWBabraha destination=APRS packet=PWBabraha>APRS,TCPIP*,qAC,GLIDERN3:>120517h v20260707 OGN-R/PilotAware
CANDIDATE source=PWAMPNEY destination=OGNSDR packet=PWAMPNEY>OGNSDR,TCPIP*,qAC,GLIDERN3:>120418h v0.3.2.ARM CPU:3.8 RAM:330.4/971.1MB NTP:0.4ms/+1.1ppm +51.4C EGM96:+49m 0/0Acfts[1h] RF:-1+0.0ppm/-2.00dB/+9.7dB@10km[217]/+9.7dB@10km[1/1]
CANDIDATE source=PWAMPNEY destination=APRS packet=PWAMPNEY>APRS,TCPIP*,qAC,GLIDERN3:>120517h v20260707 OGN-R/PilotAware
CANDIDATE source=PWUKmil destination=OGNSDR packet=PWUKmil>OGNSDR,TCPIP*,qAC,GLIDERN2:>120418h v0.3.2.ARM CPU:2.7 RAM:385.2/971.1MB NTP:0.4ms/+0.4ppm +59.5C EGM96:+51m 0/0Acfts[1h] RF:+0+0.1ppm/-2.30dB/+18.7dB@10km[421]/+27.2dB@10km[1/2]
CANDIDATE source=PWUKmil destination=APRS packet=PWUKmil>APRS,TCPIP*,qAC,GLIDERN2:>120517h v20260707 OGN-R/PilotAware
CANDIDATE source=PWWhittng destination=OGNSDR packet=PWWhittng>OGNSDR,TCPIP*,qAC,GLIDERN2:>120414h v0.3.2.ARM CPU:1.1 RAM:395.6/971.1MB NTP:0.6ms/+0.4ppm +51.9C EGM96:+50m 0/0Acfts[1h] RF:+30-15.2ppm/-0.65dB/+13.9dB@10km[88]/+13.9dB@10km[1/1]
CANDIDATE source=PWWhittng destination=APRS packet=PWWhittng>APRS,TCPIP*,qAC,GLIDERN2:>120517h v20260707 OGN-R/PilotAware
CANDIDATE source=PWEGHJ destination=OGNSDR packet=PWEGHJ>OGNSDR,TCPIP*,qAC,GLIDERN2:/120219h5040.55NI00106.32W&/A=000072
CANDIDATE source=PWEGHJ destination=APRS packet=PWEGHJ>APRS,TCPIP*,qAC,GLIDERN2:>120518h v20260707 OGN-R/PilotAware
CANDIDATE source=PWUKMBU destination=OGNSDR packet=PWUKMBU>OGNSDR,TCPIP*,qAC,GLIDERN1:>120417h v0.3.2.ARM CPU:3.9 RAM:325.0/971.1MB NTP:0.2ms/+2.7ppm +48.2C EGM96:+49m 0/0Acfts[1h] RF:+0+0.0ppm/+3.61dB
CANDIDATE source=PWUKMBU destination=APRS packet=PWUKMBU>APRS,TCPIP*,qAC,GLIDERN1:>120518h v20260707 OGN-R/PilotAware
CANDIDATE source=PWEverton destination=OGNSDR packet=PWEverton>OGNSDR,TCPIP*,qAC,GLIDERN1:>120319h v0.3.2.ARM CPU:3.2 RAM:335.1/971.1MB NTP:1.8ms/+0.2ppm +59.5C EGM96:+47m 4/4Acfts[1h] Lat:3.6s RF:+0-0.1ppm/+5.36dB/+7.2dB@10km[4193]/+13.7dB@10km[5/9]
CANDIDATE source=PWEverton destination=APRS packet=PWEverton>APRS,TCPIP*,qAC,GLIDERN1:>120518h v20260707 OGN-R/PilotAware
CANDIDATE source=PWBREWOOD destination=OGNSDR packet=PWBREWOOD>OGNSDR,TCPIP*,qAC,GLIDERN3:>120421h v0.3.2.ARM CPU:5.8 RAM:340.2/971.1MB NTP:0.2ms/+5.4ppm +64.8C EGM96:+51m 1/1Acfts[1h] RF:+0-0.4ppm/-1.41dB/+13.3dB@10km[42]/+13.3dB@10km[1/1]
CANDIDATE source=PWBREWOOD destination=APRS packet=PWBREWOOD>APRS,TCPIP*,qAC,GLIDERN3:>120518h v20260707 OGN-R/PilotAware
CANDIDATE source=PWwmlaasd destination=OGNSDR packet=PWwmlaasd>OGNSDR,TCPIP*,qAC,GLIDERN3:>120413h v0.3.2.ARM CPU:4.5 RAM:383.3/971.1MB NTP:1.3ms/-1.7ppm +47.6C EGM96:+51m 0/0Acfts[1h] RF:+0-0.8ppm/+3.42dB/+5.6dB@10km[96]/+5.6dB@10km[1/1]
CANDIDATE source=PWwmlaasd destination=APRS packet=PWwmlaasd>APRS,TCPIP*,qAC,GLIDERN3:>120519h v20260707 OGN-R/PilotAware
SERVER # aprsc 2.1.20-gf.5-g0178a1b 16 Sep 2026 12:05:19 GMT GLIDERN3 85.188.1.173:14580
CANDIDATE source=PWEGNF destination=OGNSDR packet=PWEGNF>OGNSDR,TCPIP*,qAC,GLIDERN1:>120420h v0.3.2.ARM CPU:4.1 RAM:358.0/971.1MB NTP:2.4ms/+1.3ppm +61.6C EGM96:+49m 6/6Acfts[1h] Lat:1.7s RF:+0-0.3ppm/-1.76dB/+18.5dB@10km[1394]/+22.9dB@10km[11/21]
CANDIDATE source=PWEGNF destination=APRS packet=PWEGNF>APRS,TCPIP*,qAC,GLIDERN1:>120519h v20260707 OGN-R/PilotAware
CANDIDATE source=PWEGXE destination=OGNSDR packet=PWEGXE>OGNSDR,TCPIP*,qAC,GLIDERN1:>120418h v0.3.2.ARM CPU:2.5 RAM:406.9/971.1MB NTP:0.4ms/-6.0ppm +61.2C EGM96:+50m 12/12Acfts[1h] Lat:1.9s RF:+0-0.3ppm/+0.10dB/+14.4dB@10km[18938]/+16.6dB@10km[8/15]
CANDIDATE source=PWEGXE destination=APRS packet=PWEGXE>APRS,TCPIP*,qAC,GLIDERN1:>120519h v20260707 OGN-R/PilotAware
CANDIDATE source=PWCaradoc destination=OGNSDR packet=PWCaradoc>OGNSDR,TCPIP*,qAC,GLIDERN3:>120418h v0.3.2.ARM CPU:2.6 RAM:391.3/971.1MB NTP:0.9ms/+1.3ppm +55.7C EGM96:+52m 0/0Acfts[1h] RF:+0+0.0ppm/+4.27dB
STATS seconds=1001 packets=2238 server_comments=52 matching_sources=2238 parsed_receiver_packets=1126 top_destinations=[OGNSDR:1126, APRS:1112]
CANDIDATE source=PWCaradoc destination=APRS packet=PWCaradoc>APRS,TCPIP*,qAC,GLIDERN3:>120520h v20260707 OGN-R/PilotAware
CANDIDATE source=PWRossall destination=OGNSDR packet=PWRossall>OGNSDR,TCPIP*,qAC,GLIDERN1:>120413h v0.3.2.ARM CPU:3.2 RAM:309.5/971.1MB NTP:2.4ms/-0.6ppm +58.5C EGM96:+52m 3/3Acfts[1h] RF:+0-0.3ppm/-1.24dB/+20.8dB@10km[9505]/+21.2dB@10km[4/7]
CANDIDATE source=PWRossall destination=APRS packet=PWRossall>APRS,TCPIP*,qAC,GLIDERN1:>120520h v20260707 OGN-R/PilotAware
CANDIDATE source=PWAldersh destination=OGNSDR packet=PWAldersh>OGNSDR,TCPIP*,qAC,GLIDERN2:>120414h v0.3.2.ARM CPU:1.5 RAM:303.8/971.1MB NTP:0.8ms/+8.4ppm +51.4C EGM96:+46m 51/51Acfts[1h] Lat:2.0s RF:+0+0.0ppm/+5.24dB/+16.0dB@10km[6164]/+16.3dB@10km[30/60]
CANDIDATE source=PWAldersh destination=APRS packet=PWAldersh>APRS,TCPIP*,qAC,GLIDERN2:>120520h v20260707 OGN-R/PilotAware
CANDIDATE source=PWMynd destination=OGNSDR packet=PWMynd>OGNSDR,TCPIP*,qAC,GLIDERN2:>120425h v0.3.2.ARM CPU:8.2 RAM:380.5/971.1MB NTP:0.7ms/+0.7ppm +55.7C EGM96:+52m 8/8Acfts[1h] Lat:1.9s RF:-3-0.6ppm/-1.31dB/+16.1dB@10km[5787]/+19.2dB@10km[6/12]
CANDIDATE source=PWMynd destination=APRS packet=PWMynd>APRS,TCPIP*,qAC,GLIDERN2:>120521h v20260707 OGN-R/PilotAware
CANDIDATE source=PWGROVEFM destination=OGNSDR packet=PWGROVEFM>OGNSDR,TCPIP*,qAC,GLIDERN2:>120421h v0.3.2.ARM CPU:4.4 RAM:413.4/971.1MB NTP:0.4ms/-0.6ppm +60.0C EGM96:+45m 0/0Acfts[1h] RF:-3-0.1ppm/-1.70dB
CANDIDATE source=PWGROVEFM destination=APRS packet=PWGROVEFM>APRS,TCPIP*,qAC,GLIDERN2:>120521h v20260707 OGN-R/PilotAware
CANDIDATE source=PWHewish destination=OGNSDR packet=PWHewish>OGNSDR,TCPIP*,qAC,GLIDERN2:>120421h v0.3.2.ARM CPU:2.3 RAM:381.0/971.1MB NTP:1.1ms/-9.8ppm +58.4C EGM96:+50m 4/4Acfts[1h] Lat:1.9s RF:+87-26.2ppm/+0.54dB/+15.6dB@10km[7844]/+21.4dB@10km[3/6]
CANDIDATE source=PWHewish destination=APRS packet=PWHewish>APRS,TCPIP*,qAC,GLIDERN2:>120521h v20260707 OGN-R/PilotAware
CANDIDATE source=PWThirsk destination=OGNSDR packet=PWThirsk>OGNSDR,TCPIP*,qAC,GLIDERN2:>120421h v0.3.2.ARM CPU:5.1 RAM:354.4/971.1MB NTP:1.4ms/-9.0ppm +74.5C EGM96:+49m 7/7Acfts[1h] Lat:2.0s RF:-1+0.1ppm/+4.39dB/+4.9dB@10km[5165]/+7.8dB@10km[6/11]
CANDIDATE source=PWThirsk destination=APRS packet=PWThirsk>APRS,TCPIP*,qAC,GLIDERN2:>120522h v20260707 OGN-R/PilotAware
CANDIDATE source=PWFordham destination=OGNSDR packet=PWFordham>OGNSDR,TCPIP*,qAC,GLIDERN2:>120421h v0.3.2.ARM CPU:6.9 RAM:321.8/971.1MB NTP:0.6ms/+6.2ppm +56.2C EGM96:+46m 0/0Acfts[1h] RF:-1-0.2ppm/+3.70dB/+19.9dB@10km[7]/+19.9dB@10km[1/1]
CANDIDATE source=PWFordham destination=APRS packet=PWFordham>APRS,TCPIP*,qAC,GLIDERN2:>120522h v20260707 OGN-R/PilotAware
CANDIDATE source=PWChelt destination=OGNSDR packet=PWChelt>OGNSDR,TCPIP*,qAC,GLIDERN2:>120426h v0.3.2.ARM CPU:9.8 RAM:326.7/971.1MB NTP:2.7ms/-2.8ppm +42.8C EGM96:+49m 0/0Acfts[1h] RF:+0+73.3ppm/+4.95dB
CANDIDATE source=PWChelt destination=APRS packet=PWChelt>APRS,TCPIP*,qAC,GLIDERN2:>120523h v20260707 OGN-R/PilotAware
CANDIDATE source=PWUKDRL destination=OGNSDR packet=PWUKDRL>OGNSDR,TCPIP*,qAC,GLIDERN1:>120425h v0.3.2.ARM CPU:1.2 RAM:354.3/971.1MB NTP:2.3ms/-0.1ppm +44.9C EGM96:+48m 5/5Acfts[1h] Lat:1.8s RF:+1-0.7ppm/-1.83dB/+5.6dB@10km[6156]/+12.2dB@10km[5/10]
CANDIDATE source=PWUKDRL destination=APRS packet=PWUKDRL>APRS,TCPIP*,qAC,GLIDERN1:>120523h v20260707 OGN-R/PilotAware
CANDIDATE source=PWPottern destination=OGNSDR packet=PWPottern>OGNSDR,TCPIP*,qAC,GLIDERN3:>120416h v0.3.2.ARM CPU:4.4 RAM:331.1/971.1MB NTP:10.8ms/-4.2ppm +60.7C EGM96:+48m 1/1Acfts[1h] RF:+27-3.3ppm/-0.57dB/+12.8dB@10km[113]/+13.0dB@10km[1/2]
CANDIDATE source=PWPottern destination=APRS packet=PWPottern>APRS,TCPIP*,qAC,GLIDERN3:>120524h v20260707 OGN-R/PilotAware
CANDIDATE source=PWEGSU destination=OGNSDR packet=PWEGSU>OGNSDR,TCPIP*,qAC,GLIDERN1:>120423h v0.3.2.ARM CPU:9.6 RAM:358.9/971.1MB NTP:1.0ms/-3.1ppm +63.8C EGM96:+46m 3/3Acfts[1h] RF:+0-0.5ppm/+3.09dB/+3.8dB@10km[40]/+11.0dB@10km[3/5]
CANDIDATE source=PWEGSU destination=APRS packet=PWEGSU>APRS,TCPIP*,qAC,GLIDERN1:>120524h v20260707 OGN-R/PilotAware
CANDIDATE source=PWUKCLK destination=OGNSDR packet=PWUKCLK>OGNSDR,TCPIP*,qAC,GLIDERN2:/120326h5112.48NI00049.85E&/A=000623
CANDIDATE source=PWUKCLK destination=APRS packet=PWUKCLK>APRS,TCPIP*,qAC,GLIDERN2:>120524h v20260707 OGN-R/PilotAware
CANDIDATE source=PWegmt destination=OGNSDR packet=PWegmt>OGNSDR,TCPIP*,qAC,GLIDERN3:>120442h v0.3.2.ARM CPU:10.2 RAM:258.1/971.1MB NTP:1.6ms/-2.7ppm +69.1C EGM96:+46m 4/4Acfts[1h] RF:-1+0.2ppm/-1.13dB/+20.0dB@10km[240]/+21.0dB@10km[3/6]
CANDIDATE source=PWegmt destination=APRS packet=PWegmt>APRS,TCPIP*,qAC,GLIDERN3:>120524h v20260707 OGN-R/PilotAware
CANDIDATE source=PWCadwell destination=OGNSDR packet=PWCadwell>OGNSDR,TCPIP*,qAC,GLIDERN1:>120426h v0.3.2.ARM CPU:10.8 RAM:221.5/971.1MB NTP:0.5ms/+4.1ppm +57.3C EGM96:+47m 3/3Acfts[1h] RF:-1-0.5ppm/-0.30dB/+15.9dB@10km[1243]/+18.3dB@10km[3/5]
CANDIDATE source=PWCadwell destination=APRS packet=PWCadwell>APRS,TCPIP*,qAC,GLIDERN1:>120524h v20260707 OGN-R/PilotAware
CANDIDATE source=PWEdinbuW destination=OGNSDR packet=PWEdinbuW>OGNSDR,TCPIP*,qAC,GLIDERN1:>120428h v0.3.2.ARM CPU:3.4 RAM:338.8/971.1MB NTP:1.1ms/+5.0ppm +53.5C EGM96:+53m 10/10Acfts[1h] RF:+0+0.1ppm/-0.62dB/+19.3dB@10km[2993]/+20.0dB@10km[6/11]
CANDIDATE source=PWEdinbuW destination=APRS packet=PWEdinbuW>APRS,TCPIP*,qAC,GLIDERN1:>120525h v20260707 OGN-R/PilotAware
CANDIDATE source=PWUKLSW destination=OGNSDR packet=PWUKLSW>OGNSDR,TCPIP*,qAC,GLIDERN1:>120425h v0.3.2.ARM CPU:1.7 RAM:426.0/971.1MB NTP:0.3ms/+12.8ppm +47.6C EGM96:+48m 0/0Acfts[1h] RF:+0-0.0ppm/-0.92dB/-3.1dB@10km[6]/-3.1dB@10km[1/1]
CANDIDATE source=PWUKLSW destination=APRS packet=PWUKLSW>APRS,TCPIP*,qAC,GLIDERN1:>120525h v20260707 OGN-R/PilotAware
CANDIDATE source=PWFrstn14 destination=OGNSDR packet=PWFrstn14>OGNSDR,TCPIP*,qAC,GLIDERN2:>120402h v0.3.2.ARM CPU:2.2 RAM:395.1/971.1MB NTP:1.1ms/-2.6ppm +65.0C EGM96:+45m 4/4Acfts[1h] RF:-1+0.2ppm/-2.26dB/+1.5dB@10km[781]/+1.9dB@10km[3/5]
CANDIDATE source=PWFrstn14 destination=APRS packet=PWFrstn14>APRS,TCPIP*,qAC,GLIDERN2:>120526h v20260707 OGN-R/PilotAware
CANDIDATE source=PWUKSE2 destination=OGNSDR packet=PWUKSE2>OGNSDR,TCPIP*,qAC,GLIDERN3:>120505h v0.3.2.ARM CPU:1.0 RAM:392.6/971.1MB NTP:2.1ms/+0.6ppm +62.8C EGM96:+51m 4/4Acfts[1h] Lat:1.6s RF:+0-0.5ppm/-0.84dB/+10.9dB@10km[683]/+12.3dB@10km[2/3]
CANDIDATE source=PWUKSE2 destination=APRS packet=PWUKSE2>APRS,TCPIP*,qAC,GLIDERN3:>120527h v20260707 OGN-R/PilotAware
CANDIDATE source=PWUpavon destination=OGNSDR packet=PWUpavon>OGNSDR,TCPIP*,qAC,GLIDERN1:>120423h v0.3.2.ARM CPU:6.4 RAM:304.1/971.1MB NTP:6.1ms/+2.0ppm +69.8C EGM96:+48m 2/2Acfts[1h] RF:-2-4.0ppm/-3.18dB/+17.3dB@10km[11217]/+19.6dB@10km[9/18]
CANDIDATE source=PWUpavon destination=APRS packet=PWUpavon>APRS,TCPIP*,qAC,GLIDERN1:>120527h v20260707 OGN-R/PilotAware
CANDIDATE source=PWBostonW destination=OGNSDR packet=PWBostonW>OGNSDR,TCPIP*,qAC,GLIDERN2:>120426h v0.3.2.ARM CPU:7.6 RAM:330.6/971.1MB NTP:1.1ms/+3.0ppm +70.8C EGM96:+47m 12/12Acfts[1h] Lat:2.6s RF:+0-0.7ppm/+2.86dB/+16.2dB@10km[5908]/+19.2dB@10km[12/24]
CANDIDATE source=PWBostonW destination=APRS packet=PWBostonW>APRS,TCPIP*,qAC,GLIDERN2:>120528h v20260707 OGN-R/PilotAware
CANDIDATE source=PWUKFAL destination=OGNSDR packet=PWUKFAL>OGNSDR,TCPIP*,qAC,GLIDERN2:>120428h v0.3.2.ARM CPU:2.5 RAM:394.8/971.1MB NTP:2.6ms/-4.5ppm +54.1C EGM96:+54m 0/0Acfts[1h] RF:+8+25.6ppm/-2.08dB
CANDIDATE source=PWUKFAL destination=APRS packet=PWUKFAL>APRS,TCPIP*,qAC,GLIDERN2:>120529h v20260707 OGN-R/PilotAware
CANDIDATE source=PWEGPJ destination=OGNSDR packet=PWEGPJ>OGNSDR,TCPIP*,qAC,GLIDERN1:>120437h v0.3.2.ARM CPU:7.9 RAM:327.2/971.1MB NTP:2.5ms/+3.7ppm +67.0C EGM96:+53m 11/11Acfts[1h] Lat:3.9s RF:+0-0.4ppm/-0.88dB/+9.7dB@10km[31998]/+13.8dB@10km[6/12]
CANDIDATE source=PWEGPJ destination=APRS packet=PWEGPJ>APRS,TCPIP*,qAC,GLIDERN1:>120529h v20260707 OGN-R/PilotAware
CANDIDATE source=PWStewart destination=OGNSDR packet=PWStewart>OGNSDR,TCPIP*,qAC,GLIDERN2:>120429h v0.3.2.ARM CPU:2.4 RAM:392.1/971.1MB NTP:0.3ms/-0.2ppm +52.5C EGM96:+55m 0/0Acfts[1h] RF:+0-0.4ppm/-0.57dB
CANDIDATE source=PWStewart destination=APRS packet=PWStewart>APRS,TCPIP*,qAC,GLIDERN2:>120530h v20260707 OGN-R/PilotAware
CANDIDATE source=PWBute destination=OGNSDR packet=PWBute>OGNSDR,TCPIP*,qAC,GLIDERN1:>120428h v0.3.2.ARM CPU:1.6 RAM:402.2/971.1MB NTP:2.6ms/+2.3ppm +48.7C EGM96:+55m 0/0Acfts[1h] RF:+0+0.1ppm/+6.28dB
CANDIDATE source=PWBute destination=APRS packet=PWBute>APRS,TCPIP*,qAC,GLIDERN1:>120530h v20260707 OGN-R/PilotAware
CANDIDATE source=PWegcw destination=OGNSDR packet=PWegcw>OGNSDR,TCPIP*,qAC,GLIDERN2:>120430h v0.3.2.ARM CPU:4.8 RAM:330.1/971.1MB NTP:2.7ms/-1.2ppm +58.9C EGM96:+53m 0/0Acfts[1h] RF:+27+0.4ppm/-2.49dB
CANDIDATE source=PWegcw destination=APRS packet=PWegcw>APRS,TCPIP*,qAC,GLIDERN2:>120530h v20260707 OGN-R/PilotAware
CANDIDATE source=PWMoepham destination=OGNSDR packet=PWMoepham>OGNSDR,TCPIP*,qAC,GLIDERN3:>120251h v0.3.2.ARM CPU:7.6 RAM:487.2/971.1MB NTP:0.3ms/-2.3ppm +56.2C EGM96:+45m 0/0Acfts[1h] RF:+23+0.5ppm/+5.27dB
CANDIDATE source=PWMoepham destination=APRS packet=PWMoepham>APRS,TCPIP*,qAC,GLIDERN3:>120531h v20260707 OGN-R/PilotAware
CANDIDATE source=PWCRAW destination=OGNSDR packet=PWCRAW>OGNSDR,TCPIP*,qAC,GLIDERN3:/120530h5047.08NI01047.21E&/A=001523
CANDIDATE source=PWCRAW destination=APRS packet=PWCRAW>APRS,TCPIP*,qAC,GLIDERN3:>120532h v20260707 OGN-R/PilotAware
CANDIDATE source=PWHoniley destination=OGNSDR packet=PWHoniley>OGNSDR,TCPIP*,qAC,GLIDERN2:>120433h v0.3.2.ARM CPU:10.5 RAM:313.7/971.1MB NTP:1.5ms/-0.0ppm +63.8C EGM96:+49m 1/1Acfts[1h] RF:-1-2.7ppm/-1.27dB/+11.3dB@10km[259]/+19.5dB@10km[2/4]
CANDIDATE source=PWHoniley destination=APRS packet=PWHoniley>APRS,TCPIP*,qAC,GLIDERN2:>120534h v20260707 OGN-R/PilotAware
CANDIDATE source=PWRugby destination=OGNSDR packet=PWRugby>OGNSDR,TCPIP*,qAC,GLIDERN1:>120323h v0.3.2.ARM CPU:2.5 RAM:97.6/971.1MB NTP:2.1ms/+4.4ppm +58.4C EGM96:+49m 0/0Acfts[1h] RF:+26+0.0ppm/+2.01dB
CANDIDATE source=PWRugby destination=APRS packet=PWRugby>APRS,TCPIP*,qAC,GLIDERN1:>120536h v20260915 OGN-R/PilotAware
CANDIDATE source=PWStirlin destination=OGNSDR packet=PWStirlin>OGNSDR,TCPIP*,qAC,GLIDERN2:>120431h v0.3.2.ARM CPU:4.0 RAM:398.3/971.1MB NTP:0.5ms/+4.2ppm +56.2C EGM96:+54m 0/0Acfts[1h] RF:+0-0.3ppm/-0.80dB/+15.3dB@10km[50]/+15.3dB@10km[1/1]
CANDIDATE source=PWStirlin destination=APRS packet=PWStirlin>APRS,TCPIP*,qAC,GLIDERN2:>120537h v20260707 OGN-R/PilotAware
CANDIDATE source=PWaircrew destination=OGNSDR packet=PWaircrew>OGNSDR,TCPIP*,qAC,GLIDERN2:>120435h v0.3.2.ARM CPU:8.7 RAM:393.5/971.1MB NTP:0.7ms/+0.7ppm +57.3C EGM96:+50m 4/4Acfts[1h] Lat:3.0s RF:+0-0.1ppm/-0.51dB/+15.4dB@10km[279]/+21.3dB@10km[4/7]
CANDIDATE source=PWaircrew destination=APRS packet=PWaircrew>APRS,TCPIP*,qAC,GLIDERN2:>120537h v20260707 OGN-R/PilotAware
CANDIDATE source=PWArnold destination=OGNSDR packet=PWArnold>OGNSDR,TCPIP*,qAC,GLIDERN2:/120356h5259.60NI00106.85W&/A=000253
CANDIDATE source=PWArnold destination=APRS packet=PWArnold>APRS,TCPIP*,qAC,GLIDERN2:>120539h v20260707 OGN-R/PilotAware
SERVER # aprsc 2.1.20-gf.5-g0178a1b 16 Sep 2026 12:05:39 GMT GLIDERN3 85.188.1.173:14580
CANDIDATE source=PWUKGRL destination=OGNSDR packet=PWUKGRL>OGNSDR,TCPIP*,qAC,GLIDERN1:>120207h v0.3.2.ARM CPU:1.1 RAM:329.7/971.1MB NTP:2.4ms/-6.7ppm +56.2C EGM96:+47m 6/6Acfts[1h] Lat:1.7s RF:-2+0.0ppm/+6.46dB/-4.4dB@10km[3338]/-1.0dB@10km[4/7]
CANDIDATE source=PWUKGRL destination=APRS packet=PWUKGRL>APRS,TCPIP*,qAC,GLIDERN1:>120542h v20260707 OGN-R/PilotAware
CANDIDATE source=PWUKGRLLP destination=OGNSDR packet=PWUKGRLLP>OGNSDR,TCPIP*,qAC,GLIDERN2:>080929h v0.3.2.ARM CPU:0.3 RAM:487.9/971.1MB NTP:1.1ms/-6.9ppm +49.4C EGM96:+47m 2/2Acfts[1h] Lat:1.5s RF:+0-0.3ppm/+1.8dB
CANDIDATE source=PWUKGRLLP destination=APRS packet=PWUKGRLLP>APRS,TCPIP*,qAC,GLIDERN2:>120542h v20260707 OGN-R/PilotAware
CANDIDATE source=PWUKGRL3 destination=OGNSDR packet=PWUKGRL3>OGNSDR,TCPIP*,qAC,GLIDERN3:>120201h v0.3.2.ARM CPU:5.8 RAM:310.6/971.1MB NTP:3.2ms/-4.9ppm +61.6C EGM96:+47m 8/8Acfts[1h] Lat:1.9s RF:-1-0.3ppm/+0.12dB/+4.4dB@10km[15134]/+13.8dB@10km[5/9]
CANDIDATE source=PWUKGRL3 destination=APRS packet=PWUKGRL3>APRS,TCPIP*,qAC,GLIDERN3:>120543h v20260707 OGN-R/PilotAware
CANDIDATE source=PWSHIREN destination=OGNSDR packet=PWSHIREN>OGNSDR,TCPIP*,qAC,GLIDERN3:>120142h v0.3.2.ARM CPU:10.8 RAM:221.7/971.1MB NTP:0.4ms/+0.3ppm +55.1C EGM96:+51m 4/4Acfts[1h] Lat:8.9s RF:+29-3.7ppm/-0.76dB/+19.9dB@10km[140]/+21.3dB@10km[1/2]
CANDIDATE source=PWSHIREN destination=APRS packet=PWSHIREN>APRS,TCPIP*,qAC,GLIDERN3:>120543h v20260707 OGN-R/PilotAware
CANDIDATE source=PWEcclesN destination=OGNSDR packet=PWEcclesN>OGNSDR,TCPIP*,qAC,GLIDERN2:>120430h v0.3.2.ARM CPU:5.5 RAM:378.5/971.1MB NTP:4.0ms/-8.8ppm +61.1C EGM96:+51m 1/1Acfts[1h] RF:-1-0.2ppm/-1.65dB/+22.5dB@10km[722]/+22.5dB@10km[1/1]
CANDIDATE source=PWEcclesN destination=APRS packet=PWEcclesN>APRS,TCPIP*,qAC,GLIDERN2:>120544h v20260707 OGN-R/PilotAware
CANDIDATE source=PWUKRIW destination=OGNSDR packet=PWUKRIW>OGNSDR,TCPIP*,qAC,GLIDERN1:>120441h v0.3.2.ARM CPU:1.4 RAM:321.1/971.1MB NTP:2.4ms/-2.4ppm +60.1C EGM96:+46m 3/3Acfts[1h] Lat:1.5s RF:+22+1.2ppm/+3.69dB/-16.0dB@10km[3]/-16.0dB@10km[1/1]
CANDIDATE source=PWUKRIW destination=APRS packet=PWUKRIW>APRS,TCPIP*,qAC,GLIDERN1:>120545h v20260707 OGN-R/PilotAware
CANDIDATE source=PWUKTIB destination=OGNSDR packet=PWUKTIB>OGNSDR,TCPIP*,qAC,GLIDERN1:/120537h5227.43NI00109.67E&/A=000210
CANDIDATE source=PWUKTIB destination=APRS packet=PWUKTIB>APRS,TCPIP*,qAC,GLIDERN1:>120548h v20260707 OGN-R/PilotAware
CANDIDATE source=PWRankins destination=OGNSDR packet=PWRankins>OGNSDR,TCPIP*,qAC,GLIDERN3:/120505h5112.27NI00030.69E&/A=000079
STATS seconds=1036 packets=2318 server_comments=53 matching_sources=2318 parsed_receiver_packets=1166 top_destinations=[OGNSDR:1166, APRS:1152]
CANDIDATE source=PWRankins destination=APRS packet=PWRankins>APRS,TCPIP*,qAC,GLIDERN3:>120555h v20260707 OGN-R/PilotAware
CANDIDATE source=PWFirefly destination=OGNSDR packet=PWFirefly>OGNSDR,TCPIP*,qAC,GLIDERN1:/120515h5047.70NI00311.98W&/A=000525
CANDIDATE source=PWFirefly destination=APRS packet=PWFirefly>APRS,TCPIP*,qAC,GLIDERN1:>120555h v20260707 OGN-R/PilotAware
CANDIDATE source=PWEDRPACP destination=OGNSDR packet=PWEDRPACP>OGNSDR,TCPIP*,qAC,GLIDERN2:>120429h v0.3.2.ARM CPU:2.0 RAM:347.8/971.1MB NTP:0.6ms/-3.3ppm +58.5C EGM96:+49m 2/2Acfts[1h] Lat:1.7s RF:+0-2.3ppm/-1.03dB/+14.8dB@10km[4843]/+21.2dB@10km[5/10]
CANDIDATE source=PWEDRPACP destination=APRS packet=PWEDRPACP>APRS,TCPIP*,qAC,GLIDERN2:>120555h v20260707 OGN-R/PilotAware
CANDIDATE source=PWNesclif destination=OGNSDR packet=PWNesclif>OGNSDR,TCPIP*,qAC,GLIDERN3:>120353h v0.3.2.ARM CPU:2.2 RAM:447.5/971.1MB NTP:3.0ms/-7.6ppm +70.9C EGM96:+53m 4/4Acfts[1h] RF:-2-1.9ppm/-1.92dB/+5.5dB@10km[6757]/+7.7dB@10km[4/8]
CANDIDATE source=PWNesclif destination=APRS packet=PWNesclif>APRS,TCPIP*,qAC,GLIDERN3:>120556h v20260707 OGN-R/PilotAware
